id,fecha,hora,temp_out,hi_temp,low_temp,in_temp,in_hum_pct,out_hum_pct,rain,rain_rate,bar,wind_speed,hi_speed,hi_dir,wind_dir,temp_units,bar_units,wind_units,rain_units
1343,2026-05-01,02:30:00,16.0,16.0,16.0,25.0,27.0,51.0,0.0,0.0,765.5,0.0,0.0,,,C,mm,km/h,mm
1344,2026-05-01,02:45:00,15.0,16.0,15.0,25.0,27.0,52.0,0.0,0.0,765.3,0.0,0.0,,,C,mm,km/h,mm
1345,2026-05-01,03:00:00,15.0,15.0,15.0,25.0,27.0,53.0,0.0,0.0,765.3,0.0,0.0,,,C,mm,km/h,mm
1346,2026-05-01,03:15:00,15.0,15.0,15.0,25.0,27.0,54.0,0.0,0.0,765.2,0.0,0.0,,,C,mm,km/h,mm
1347,2026-05-01,03:30:00,15.0,15.0,15.0,25.0,27.0,55.0,0.0,0.0,765.1,0.0,0.0,,,C,mm,km/h,mm
1348,2026-05-01,07:30:00,17.0,17.0,15.0,24.0,29.0,49.0,0.0,0.0,766.5,0.0,0.0,,,C,mm,km/h,mm
1349,2026-05-01,07:45:00,18.0,18.0,17.0,24.0,29.0,42.0,0.0,0.0,766.5,0.0,0.0,,,C,mm,km/h,mm
1350,2026-05-01,08:00:00,20.0,20.0,18.0,24.0,29.0,40.0,0.0,0.0,766.5,0.0,0.0,,,C,mm,km/h,mm
1351,2026-05-01,08:15:00,21.0,21.0,20.0,24.0,28.0,36.0,0.0,0.0,766.6,0.0,4.8,SE,SE,C,mm,km/h,mm
1352,2026-05-01,08:30:00,22.0,22.0,21.0,24.0,28.0,34.0,0.0,0.0,766.7,0.0,3.2,NE,SSE,C,mm,km/h,mm
1353,2026-05-01,11:15:00,30.0,30.0,29.0,25.0,28.0,24.0,0.0,0.0,765.9,1.6,9.7,NW,NNE,C,mm,km/h,mm
1354,2026-05-01,11:30:00,31.0,31.0,30.0,25.0,28.0,22.0,0.0,0.0,765.8,1.6,9.7,N,ENE,C,mm,km/h,mm
1355,2026-05-01,11:45:00,31.0,31.0,31.0,25.0,28.0,23.0,0.0,0.0,765.7,3.2,11.3,NE,N,C,mm,km/h,mm
1356,2026-05-01,12:00:00,31.0,31.0,31.0,25.0,28.0,21.0,0.0,0.0,765.5,1.6,8.0,NW,SE,C,mm,km/h,mm
1357,2026-05-01,12:15:00,31.0,32.0,31.0,25.0,28.0,21.0,0.0,0.0,765.2,1.6,8.0,NNW,SW,C,mm,km/h,mm
1358,2026-05-01,16:15:00,32.0,33.0,32.0,26.0,26.0,20.0,0.0,0.0,762.5,3.2,11.3,NW,NW,C,mm,km/h,mm
1359,2026-05-01,16:30:00,32.0,32.0,31.0,26.0,26.0,20.0,0.0,0.0,762.4,1.6,11.3,NW,WNW,C,mm,km/h,mm
1360,2026-05-01,16:45:00,32.0,32.0,32.0,26.0,26.0,19.0,0.0,0.0,762.4,1.6,11.3,WNW,WNW,C,mm,km/h,mm
1361,2026-05-01,17:00:00,32.0,32.0,32.0,26.0,26.0,21.0,0.0,0.0,762.5,1.6,9.7,NW,NW,C,mm,km/h,mm
1362,2026-05-01,17:15:00,31.0,32.0,31.0,26.0,26.0,21.0,0.0,0.0,762.7,3.2,17.7,NNW,NNW,C,mm,km/h,mm
1363,2026-05-01,20:00:00,24.0,24.0,24.0,26.0,29.0,48.0,0.0,0.0,764.9,0.0,0.0,,,C,mm,km/h,mm
1364,2026-05-01,20:15:00,24.0,24.0,24.0,26.0,30.0,47.0,0.0,0.0,765.1,0.0,0.0,,,C,mm,km/h,mm
1365,2026-05-01,20:30:00,24.0,24.0,24.0,26.0,30.0,50.0,0.0,0.0,765.4,0.0,3.2,ENE,ENE,C,mm,km/h,mm
1366,2026-05-01,20:45:00,24.0,24.0,24.0,26.0,30.0,49.0,0.0,0.0,765.7,0.0,1.6,ENE,ENE,C,mm,km/h,mm
1367,2026-05-01,21:00:00,23.0,24.0,23.0,26.0,31.0,52.0,0.0,0.0,765.7,0.0,0.0,,,C,mm,km/h,mm
1368,2026-05-01,21:15:00,22.0,23.0,22.0,26.0,31.0,56.0,0.0,0.0,766.0,0.0,0.0,,,C,mm,km/h,mm
1369,2026-05-01,21:30:00,22.0,22.0,22.0,26.0,31.0,59.0,0.0,0.0,766.1,0.0,0.0,,,C,mm,km/h,mm
1370,2026-05-01,21:45:00,21.0,22.0,21.0,26.0,31.0,62.0,0.0,0.0,766.2,0.0,0.0,,,C,mm,km/h,mm
1371,2026-05-01,22:00:00,21.0,21.0,21.0,26.0,32.0,63.0,0.0,0.0,766.3,0.0,0.0,,,C,mm,km/h,mm
1372,2026-05-01,22:15:00,20.0,21.0,20.0,26.0,32.0,64.0,0.0,0.0,766.4,0.0,0.0,,,C,mm,km/h,mm
1373,2026-05-01,22:30:00,20.0,20.0,20.0,26.0,32.0,65.0,0.0,0.0,766.5,0.0,0.0,,,C,mm,km/h,mm
1374,2026-05-01,22:45:00,20.0,20.0,20.0,26.0,33.0,65.0,0.0,0.0,766.6,0.0,0.0,,,C,mm,km/h,mm
1375,2026-05-01,23:00:00,20.0,20.0,20.0,26.0,33.0,65.0,0.0,0.0,766.6,0.0,0.0,,,C,mm,km/h,mm
1376,2026-05-01,23:15:00,20.0,20.0,20.0,26.0,33.0,66.0,0.0,0.0,766.6,0.0,0.0,,,C,mm,km/h,mm
1377,2026-05-01,23:30:00,19.0,20.0,19.0,26.0,34.0,66.0,0.0,0.0,766.6,0.0,0.0,,,C,mm,km/h,mm
1378,2026-05-02,00:15:00,19.0,19.0,19.0,26.0,33.0,57.0,0.0,0.0,766.5,0.0,0.0,,,C,mm,km/h,mm
1379,2026-05-02,00:30:00,18.0,19.0,18.0,26.0,33.0,56.0,0.0,0.0,766.5,0.0,0.0,,,C,mm,km/h,mm
1380,2026-05-02,00:45:00,18.0,18.0,18.0,26.0,33.0,55.0,0.0,0.0,766.5,0.0,0.0,,,C,mm,km/h,mm
1407,2026-05-03,00:15:00,18.0,18.0,17.0,26.0,39.0,71.0,0.0,0.0,769.5,0.0,3.2,E,ESE,C,mm,km/h,mm
1408,2026-05-03,00:30:00,17.0,18.0,17.0,26.0,39.0,72.0,0.0,0.0,769.5,0.0,0.0,,,C,mm,km/h,mm
1409,2026-05-03,00:45:00,17.0,17.0,17.0,26.0,39.0,72.0,0.0,0.0,769.5,0.0,0.0,,,C,mm,km/h,mm
1410,2026-05-03,01:00:00,18.0,18.0,17.0,26.0,39.0,72.0,0.0,0.0,769.5,0.0,0.0,,,C,mm,km/h,mm
1411,2026-05-03,01:15:00,17.0,18.0,17.0,25.0,39.0,72.0,0.0,0.0,769.4,0.0,0.0,,,C,mm,km/h,mm
1412,2026-05-03,01:30:00,17.0,17.0,17.0,25.0,39.0,73.0,0.0,0.0,769.3,0.0,0.0,,,C,mm,km/h,mm
1413,2026-05-03,01:45:00,17.0,17.0,17.0,25.0,39.0,73.0,0.0,0.0,769.1,0.0,1.6,ENE,ENE,C,mm,km/h,mm
1414,2026-05-03,02:00:00,17.0,17.0,17.0,25.0,39.0,74.0,0.0,0.0,769.0,0.0,0.0,,,C,mm,km/h,mm
1415,2026-05-03,02:15:00,17.0,17.0,17.0,25.0,39.0,75.0,0.0,0.0,769.1,0.0,1.6,E,E,C,mm,km/h,mm
1416,2026-05-03,02:30:00,17.0,17.0,17.0,25.0,39.0,75.0,0.0,0.0,769.1,0.0,4.8,W,WNW,C,mm,km/h,mm
1417,2026-05-03,02:45:00,16.0,17.0,16.0,25.0,39.0,77.0,0.0,0.0,769.2,1.6,8.0,WNW,WSW,C,mm,km/h,mm
1418,2026-05-03,03:00:00,16.0,16.0,16.0,25.0,40.0,77.0,0.0,0.0,769.0,0.0,6.4,NW,NW,C,mm,km/h,mm
1419,2026-05-03,03:15:00,16.0,16.0,16.0,25.0,40.0,77.0,0.0,0.0,769.1,0.0,1.6,NW,NW,C,mm,km/h,mm
1420,2026-05-03,03:30:00,16.0,16.0,16.0,25.0,40.0,77.0,0.0,0.0,768.9,0.0,1.6,NNW,N,C,mm,km/h,mm
1421,2026-05-03,03:45:00,16.0,16.0,16.0,25.0,40.0,77.0,0.0,0.0,769.0,0.0,1.6,N,NNE,C,mm,km/h,mm
1422,2026-05-03,04:00:00,16.0,16.0,16.0,25.0,40.0,78.0,0.0,0.0,768.9,0.0,0.0,,,C,mm,km/h,mm
1423,2026-05-03,04:15:00,16.0,16.0,16.0,25.0,40.0,79.0,0.0,0.0,768.8,0.0,0.0,,,C,mm,km/h,mm
1424,2026-05-03,04:30:00,16.0,16.0,16.0,25.0,40.0,80.0,0.0,0.0,769.0,0.0,0.0,,,C,mm,km/h,mm
1425,2026-05-03,04:45:00,16.0,16.0,16.0,25.0,40.0,79.0,0.0,0.0,769.0,0.0,0.0,,,C,mm,km/h,mm
1426,2026-05-03,05:00:00,16.0,16.0,16.0,25.0,40.0,79.0,0.0,0.0,769.3,0.0,1.6,E,E,C,mm,km/h,mm
1427,2026-05-03,05:15:00,16.0,16.0,16.0,25.0,40.0,78.0,0.0,0.0,769.3,0.0,1.6,NE,ENE,C,mm,km/h,mm
1428,2026-05-03,05:30:00,16.0,16.0,16.0,25.0,41.0,78.0,0.0,0.0,769.4,0.0,4.8,WNW,W,C,mm,km/h,mm
1429,2026-05-03,05:45:00,16.0,16.0,16.0,25.0,41.0,79.0,0.0,0.0,769.3,0.0,6.4,WNW,WNW,C,mm,km/h,mm
1430,2026-05-03,06:00:00,15.0,16.0,15.0,25.0,41.0,79.0,0.0,0.0,769.4,0.0,6.4,WNW,W,C,mm,km/h,mm
1431,2026-05-03,06:15:00,15.0,15.0,15.0,25.0,41.0,80.0,0.0,0.0,769.4,0.0,4.8,WNW,WSW,C,mm,km/h,mm
1432,2026-05-03,06:30:00,15.0,15.0,15.0,25.0,41.0,81.0,0.0,0.0,769.6,0.0,3.2,NW,WNW,C,mm,km/h,mm
1433,2026-05-03,06:45:00,15.0,15.0,15.0,25.0,41.0,81.0,0.0,0.0,769.8,0.0,1.6,ESE,N,C,mm,km/h,mm
1434,2026-05-03,07:00:00,15.0,15.0,15.0,24.0,41.0,80.0,0.0,0.0,770.1,0.0,3.2,NW,NW,C,mm,km/h,mm
1435,2026-05-03,07:15:00,16.0,16.0,15.0,24.0,41.0,78.0,0.0,0.0,770.4,0.0,4.8,WSW,WNW,C,mm,km/h,mm
1436,2026-05-03,07:30:00,16.0,16.0,16.0,24.0,41.0,77.0,0.0,0.0,770.4,0.0,6.4,WNW,WNW,C,mm,km/h,mm
1437,2026-05-03,07:45:00,17.0,17.0,16.0,24.0,41.0,76.0,0.0,0.0,770.5,0.0,3.2,WNW,WNW,C,mm,km/h,mm
1438,2026-05-03,08:00:00,17.0,17.0,17.0,24.0,41.0,74.0,0.0,0.0,770.5,0.0,4.8,WNW,WNW,C,mm,km/h,mm
1439,2026-05-03,08:15:00,18.0,18.0,17.0,24.0,41.0,71.0,0.0,0.0,770.9,1.6,6.4,NW,WNW,C,mm,km/h,mm
1440,2026-05-03,08:30:00,18.0,19.0,18.0,24.0,42.0,71.0,0.0,0.0,770.9,1.6,6.4,NNW,N,C,mm,km/h,mm
1441,2026-05-03,08:45:00,19.0,19.0,18.0,24.0,41.0,69.0,0.0,0.0,771.0,0.0,4.8,SE,NW,C,mm,km/h,mm
1442,2026-05-03,09:00:00,20.0,20.0,19.0,24.0,42.0,66.0,0.0,0.0,771.0,0.0,4.8,NNW,NW,C,mm,km/h,mm
1443,2026-05-03,09:15:00,21.0,21.0,20.0,24.0,42.0,62.0,0.0,0.0,771.1,0.0,1.6,ENE,NE,C,mm,km/h,mm
1444,2026-05-03,09:30:00,21.0,22.0,21.0,24.0,42.0,62.0,0.0,0.0,771.2,1.6,6.4,SSE,SSE,C,mm,km/h,mm
1445,2026-05-03,09:45:00,21.0,21.0,21.0,24.0,42.0,61.0,0.0,0.0,771.3,0.0,4.8,SE,NNE,C,mm,km/h,mm
1446,2026-05-03,10:00:00,23.0,23.0,21.0,24.0,42.0,59.0,0.0,0.0,771.2,0.0,3.2,NNW,S,C,mm,km/h,mm
1447,2026-05-03,10:15:00,23.0,23.0,23.0,24.0,41.0,55.0,0.0,0.0,771.1,0.0,4.8,SE,SE,C,mm,km/h,mm
1448,2026-05-03,10:30:00,24.0,24.0,23.0,24.0,41.0,54.0,0.0,0.0,770.9,1.6,6.4,SSE,SSE,C,mm,km/h,mm
1449,2026-05-03,10:45:00,25.0,25.0,24.0,24.0,42.0,51.0,0.0,0.0,770.8,1.6,9.7,NNE,NNE,C,mm,km/h,mm
1450,2026-05-03,11:00:00,25.0,25.0,25.0,24.0,42.0,49.0,0.0,0.0,770.7,1.6,8.0,N,N,C,mm,km/h,mm
1451,2026-05-03,11:15:00,26.0,26.0,25.0,24.0,41.0,47.0,0.0,0.0,770.5,1.6,8.0,NNE,NNW,C,mm,km/h,mm
1452,2026-05-03,11:30:00,26.0,26.0,26.0,24.0,41.0,45.0,0.0,0.0,770.4,1.6,9.7,NNE,NNW,C,mm,km/h,mm
1453,2026-05-03,11:45:00,26.0,26.0,26.0,25.0,41.0,44.0,0.0,0.0,770.0,1.6,6.4,SSE,NW,C,mm,km/h,mm
1454,2026-05-03,12:00:00,26.0,26.0,26.0,25.0,41.0,45.0,0.0,0.0,769.8,1.6,8.0,SSE,SSE,C,mm,km/h,mm
1455,2026-05-03,12:15:00,27.0,27.0,26.0,25.0,41.0,42.0,0.0,0.0,769.6,0.0,8.0,NNE,NE,C,mm,km/h,mm
1456,2026-05-03,12:30:00,28.0,28.0,26.0,25.0,41.0,40.0,0.0,0.0,769.4,0.0,4.8,NNW,S,C,mm,km/h,mm
1457,2026-05-03,12:45:00,28.0,28.0,27.0,25.0,41.0,39.0,0.0,0.0,769.2,1.6,8.0,SSE,N,C,mm,km/h,mm
1458,2026-05-03,13:00:00,28.0,28.0,28.0,25.0,41.0,39.0,0.0,0.0,769.0,1.6,9.7,NNE,N,C,mm,km/h,mm
1459,2026-05-03,13:15:00,28.0,28.0,28.0,25.0,41.0,38.0,0.0,0.0,768.7,1.6,8.0,NE,NE,C,mm,km/h,mm
1460,2026-05-03,13:30:00,27.0,28.0,27.0,25.0,40.0,38.0,0.0,0.0,768.5,1.6,11.3,SE,SE,C,mm,km/h,mm
1461,2026-05-03,13:45:00,27.0,27.0,27.0,25.0,40.0,38.0,0.0,0.0,768.3,1.6,9.7,SSE,SE,C,mm,km/h,mm
1462,2026-05-03,14:00:00,27.0,27.0,27.0,25.0,40.0,36.0,0.0,0.0,768.0,1.6,6.4,SSE,SE,C,mm,km/h,mm
1463,2026-05-03,14:15:00,27.0,27.0,27.0,25.0,40.0,36.0,0.0,0.0,767.9,1.6,8.0,SSE,N,C,mm,km/h,mm
1464,2026-05-03,14:30:00,28.0,28.0,27.0,25.0,40.0,36.0,0.0,0.0,767.7,0.0,4.8,SSE,SSE,C,mm,km/h,mm
1465,2026-05-03,14:45:00,29.0,29.0,28.0,25.0,39.0,33.0,0.0,0.0,767.4,1.6,8.0,NW,N,C,mm,km/h,mm
1466,2026-05-03,15:00:00,29.0,30.0,29.0,25.0,39.0,32.0,0.0,0.0,767.1,1.6,8.0,SE,NNE,C,mm,km/h,mm
1467,2026-05-03,15:15:00,28.0,29.0,28.0,25.0,39.0,39.0,0.0,0.0,766.7,1.6,12.9,SSE,ESE,C,mm,km/h,mm
1468,2026-05-03,15:30:00,28.0,28.0,27.0,25.0,39.0,39.0,0.0,0.0,766.6,3.2,11.3,SE,SE,C,mm,km/h,mm
1469,2026-05-03,15:45:00,26.0,28.0,26.0,25.0,39.0,43.0,0.0,0.0,766.7,1.6,9.7,SSE,NW,C,mm,km/h,mm
1470,2026-05-03,16:00:00,25.0,26.0,25.0,25.0,39.0,43.0,0.0,0.0,766.7,3.2,12.9,SSE,E,C,mm,km/h,mm
1471,2026-05-03,16:15:00,25.0,25.0,25.0,25.0,39.0,44.0,0.0,0.0,766.9,3.2,11.3,SSE,SSE,C,mm,km/h,mm
1473,2026-05-03,16:30:00,17.0,19.0,17.0,25.0,40.0,77.0,0.6,9.2,768.1,4.8,14.5,SSE,S,C,mm,km/h,mm
1474,2026-05-03,16:45:00,16.0,17.0,16.0,25.0,41.0,82.0,0.6,3.6,768.3,3.2,12.9,SSE,SSE,C,mm,km/h,mm
1475,2026-05-03,17:00:00,16.0,16.0,16.0,25.0,42.0,86.0,3.4,38.6,767.6,3.2,11.3,NNW,NNW,C,mm,km/h,mm
1476,2026-05-03,17:15:00,16.0,16.0,16.0,25.0,43.0,85.0,0.2,5.2,767.4,1.6,6.4,SSE,SSE,C,mm,km/h,mm
1477,2026-05-03,17:30:00,17.0,17.0,16.0,25.0,43.0,81.0,0.0,0.0,767.5,0.0,6.4,SE,SSE,C,mm,km/h,mm
1478,2026-05-03,17:45:00,17.0,17.0,17.0,25.0,43.0,84.0,0.0,0.0,767.6,1.6,8.0,NNW,N,C,mm,km/h,mm
1479,2026-05-03,18:00:00,17.0,17.0,17.0,25.0,44.0,82.0,0.0,0.0,768.2,1.6,9.7,NNW,WNW,C,mm,km/h,mm
1480,2026-05-03,18:15:00,17.0,17.0,17.0,25.0,44.0,78.0,0.0,0.0,768.9,1.6,8.0,NE,NE,C,mm,km/h,mm
1481,2026-05-03,18:30:00,17.0,18.0,17.0,25.0,44.0,80.0,0.0,0.0,769.2,1.6,9.7,NNE,NNE,C,mm,km/h,mm
1482,2026-05-03,18:45:00,17.0,17.0,17.0,25.0,45.0,84.0,0.2,0.0,769.4,1.6,9.7,NE,NNE,C,mm,km/h,mm
1483,2026-05-03,19:00:00,16.0,17.0,16.0,25.0,45.0,86.0,0.0,0.0,769.7,1.6,11.3,NNE,N,C,mm,km/h,mm
1484,2026-05-03,19:15:00,16.0,16.0,16.0,25.0,45.0,85.0,0.0,0.0,769.7,0.0,4.8,NNE,SW,C,mm,km/h,mm
1485,2026-05-03,19:30:00,16.0,16.0,16.0,25.0,45.0,86.0,0.0,0.0,770.1,0.0,4.8,SE,SW,C,mm,km/h,mm
1486,2026-05-03,19:45:00,16.0,16.0,16.0,25.0,45.0,84.0,0.0,0.0,770.4,0.0,3.2,NE,NNE,C,mm,km/h,mm
1487,2026-05-03,20:00:00,16.0,16.0,16.0,25.0,45.0,83.0,0.0,0.0,770.5,0.0,3.2,NE,N,C,mm,km/h,mm
1488,2026-05-03,20:15:00,16.0,16.0,16.0,25.0,45.0,85.0,0.0,0.0,770.5,0.0,0.0,,,C,mm,km/h,mm
1489,2026-05-03,20:30:00,16.0,16.0,16.0,24.0,45.0,84.0,0.0,0.0,770.4,0.0,1.6,E,E,C,mm,km/h,mm
1490,2026-05-03,20:45:00,16.0,16.0,16.0,24.0,45.0,84.0,0.0,0.0,770.6,0.0,3.2,SE,SE,C,mm,km/h,mm
1491,2026-05-03,21:00:00,16.0,16.0,16.0,24.0,45.0,86.0,0.2,0.0,770.6,0.0,0.0,,,C,mm,km/h,mm
1492,2026-05-03,21:15:00,16.0,16.0,16.0,24.0,46.0,89.0,0.0,0.0,770.6,0.0,0.0,,,C,mm,km/h,mm
1493,2026-05-03,21:30:00,16.0,16.0,16.0,24.0,46.0,91.0,0.0,0.0,770.6,0.0,0.0,,,C,mm,km/h,mm
1494,2026-05-03,21:45:00,15.0,16.0,15.0,24.0,46.0,91.0,0.0,0.0,770.7,0.0,1.6,ESE,ESE,C,mm,km/h,mm
1495,2026-05-03,22:00:00,16.0,16.0,15.0,24.0,47.0,91.0,0.0,0.0,770.8,0.0,0.0,,,C,mm,km/h,mm
1496,2026-05-03,22:15:00,16.0,16.0,16.0,24.0,47.0,90.0,0.0,0.0,770.8,0.0,0.0,,,C,mm,km/h,mm
1497,2026-05-03,22:30:00,16.0,16.0,16.0,24.0,47.0,90.0,0.0,0.0,770.9,0.0,0.0,,,C,mm,km/h,mm
1498,2026-05-03,22:45:00,16.0,16.0,16.0,24.0,47.0,91.0,0.0,0.0,770.9,0.0,0.0,,,C,mm,km/h,mm
1499,2026-05-03,23:00:00,16.0,16.0,16.0,24.0,47.0,91.0,0.0,0.0,770.8,0.0,0.0,,,C,mm,km/h,mm
1500,2026-05-03,23:15:00,16.0,16.0,16.0,24.0,48.0,91.0,0.0,0.0,770.7,0.0,0.0,,,C,mm,km/h,mm
1501,2026-05-03,23:30:00,16.0,16.0,16.0,24.0,48.0,91.0,0.0,0.0,770.5,0.0,0.0,,,C,mm,km/h,mm
1502,2026-05-03,23:45:00,16.0,16.0,16.0,24.0,48.0,91.0,0.0,0.0,770.5,0.0,0.0,,,C,mm,km/h,mm
1538,2026-05-04,00:15:00,16.0,16.0,16.0,24.0,48.0,90.0,0.0,0.0,770.2,0.0,0.0,,,C,mm,km/h,mm
1539,2026-05-04,00:30:00,16.0,16.0,16.0,24.0,48.0,91.0,0.0,0.0,770.0,0.0,0.0,,,C,mm,km/h,mm
1540,2026-05-04,00:45:00,16.0,16.0,16.0,24.0,48.0,90.0,0.0,0.0,770.0,0.0,0.0,,,C,mm,km/h,mm
1541,2026-05-04,01:00:00,16.0,16.0,16.0,24.0,48.0,89.0,0.0,0.0,770.0,0.0,0.0,,,C,mm,km/h,mm
1542,2026-05-04,01:15:00,16.0,16.0,16.0,24.0,48.0,89.0,0.0,0.0,769.7,0.0,0.0,,,C,mm,km/h,mm
1543,2026-05-04,01:30:00,16.0,16.0,16.0,24.0,48.0,89.0,0.0,0.0,769.6,0.0,0.0,,,C,mm,km/h,mm
1544,2026-05-04,01:45:00,15.0,16.0,15.0,24.0,48.0,90.0,0.0,0.0,769.6,0.0,0.0,,,C,mm,km/h,mm
1545,2026-05-04,02:00:00,15.0,15.0,15.0,24.0,48.0,90.0,0.0,0.0,769.4,0.0,0.0,,,C,mm,km/h,mm
1546,2026-05-04,02:15:00,15.0,15.0,15.0,24.0,48.0,90.0,0.0,0.0,769.3,0.0,0.0,,,C,mm,km/h,mm
1547,2026-05-04,02:30:00,15.0,15.0,15.0,24.0,48.0,89.0,0.0,0.0,769.2,0.0,0.0,,,C,mm,km/h,mm
1548,2026-05-04,02:45:00,15.0,15.0,15.0,24.0,48.0,89.0,0.0,0.0,769.2,0.0,0.0,,,C,mm,km/h,mm
1549,2026-05-04,03:00:00,15.0,15.0,15.0,24.0,48.0,91.0,0.0,0.0,769.0,0.0,0.0,,,C,mm,km/h,mm
1550,2026-05-04,03:15:00,14.0,15.0,14.0,24.0,48.0,91.0,0.0,0.0,769.2,0.0,0.0,,,C,mm,km/h,mm
1551,2026-05-04,03:30:00,14.0,14.0,14.0,24.0,48.0,92.0,0.0,0.0,768.9,0.0,0.0,,,C,mm,km/h,mm
1552,2026-05-04,03:45:00,14.0,14.0,14.0,24.0,48.0,92.0,0.0,0.0,769.0,0.0,0.0,,,C,mm,km/h,mm
1553,2026-05-04,04:00:00,13.0,14.0,13.0,24.0,48.0,92.0,0.0,0.0,769.0,0.0,0.0,,,C,mm,km/h,mm
1554,2026-05-04,04:15:00,13.0,13.0,13.0,24.0,48.0,93.0,0.0,0.0,769.0,0.0,0.0,,,C,mm,km/h,mm
1555,2026-05-04,04:30:00,13.0,13.0,13.0,24.0,48.0,94.0,0.0,0.0,768.9,0.0,0.0,,,C,mm,km/h,mm
1556,2026-05-04,04:45:00,13.0,13.0,13.0,24.0,48.0,93.0,0.0,0.0,769.0,0.0,0.0,,,C,mm,km/h,mm
1557,2026-05-04,05:00:00,13.0,13.0,13.0,24.0,48.0,94.0,0.0,0.0,769.2,0.0,0.0,,,C,mm,km/h,mm
1558,2026-05-04,05:15:00,13.0,13.0,13.0,24.0,48.0,94.0,0.0,0.0,769.2,0.0,0.0,,,C,mm,km/h,mm
1559,2026-05-04,05:30:00,13.0,13.0,13.0,24.0,48.0,94.0,0.0,0.0,769.2,0.0,0.0,,,C,mm,km/h,mm
1560,2026-05-04,05:45:00,13.0,13.0,13.0,24.0,48.0,94.0,0.0,0.0,769.5,0.0,0.0,,,C,mm,km/h,mm
1561,2026-05-04,06:00:00,13.0,13.0,13.0,24.0,48.0,95.0,0.2,0.0,769.7,0.0,0.0,,,C,mm,km/h,mm
1562,2026-05-04,06:15:00,13.0,13.0,13.0,24.0,48.0,95.0,0.0,0.0,769.8,0.0,0.0,,,C,mm,km/h,mm
1563,2026-05-04,06:30:00,14.0,14.0,13.0,23.0,48.0,95.0,0.0,0.0,770.0,0.0,0.0,,,C,mm,km/h,mm
1564,2026-05-04,06:45:00,15.0,15.0,14.0,23.0,48.0,95.0,0.0,0.0,770.2,0.0,0.0,,,C,mm,km/h,mm
1565,2026-05-04,07:00:00,15.0,15.0,15.0,23.0,48.0,91.0,0.0,0.0,770.1,0.0,0.0,,,C,mm,km/h,mm
1566,2026-05-04,07:15:00,16.0,16.0,15.0,23.0,48.0,85.0,0.0,0.0,770.3,0.0,0.0,,,C,mm,km/h,mm
1567,2026-05-04,07:30:00,17.0,17.0,16.0,23.0,48.0,81.0,0.0,0.0,770.4,0.0,0.0,,,C,mm,km/h,mm
1568,2026-05-04,07:45:00,19.0,19.0,17.0,23.0,48.0,73.0,0.0,0.0,770.3,0.0,0.0,,,C,mm,km/h,mm
1569,2026-05-04,08:00:00,19.0,19.0,19.0,23.0,48.0,71.0,0.0,0.0,770.5,0.0,1.6,E,E,C,mm,km/h,mm
1570,2026-05-04,08:15:00,21.0,21.0,19.0,23.0,48.0,67.0,0.0,0.0,770.6,0.0,4.8,NE,NNE,C,mm,km/h,mm
1571,2026-05-04,08:30:00,21.0,21.0,21.0,23.0,48.0,67.0,0.0,0.0,770.6,0.0,4.8,NNE,NNE,C,mm,km/h,mm
1572,2026-05-04,08:45:00,22.0,22.0,21.0,24.0,47.0,62.0,0.0,0.0,770.8,0.0,6.4,NNW,NW,C,mm,km/h,mm
1573,2026-05-04,09:00:00,23.0,23.0,22.0,24.0,47.0,59.0,0.0,0.0,770.6,0.0,3.2,SE,SE,C,mm,km/h,mm
1574,2026-05-04,09:15:00,23.0,23.0,23.0,24.0,47.0,61.0,0.0,0.0,770.6,0.0,1.6,ESE,SE,C,mm,km/h,mm
1575,2026-05-04,09:30:00,22.0,23.0,22.0,24.0,47.0,59.0,0.0,0.0,770.6,0.0,4.8,SE,SE,C,mm,km/h,mm
1576,2026-05-04,09:45:00,24.0,24.0,22.0,24.0,47.0,59.0,0.0,0.0,770.4,0.0,4.8,N,NNE,C,mm,km/h,mm
1577,2026-05-04,10:00:00,24.0,24.0,24.0,24.0,47.0,52.0,0.0,0.0,770.4,1.6,6.4,W,WNW,C,mm,km/h,mm
1578,2026-05-04,10:15:00,25.0,25.0,24.0,24.0,47.0,53.0,0.0,0.0,770.4,1.6,9.7,N,NNE,C,mm,km/h,mm
1579,2026-05-04,10:30:00,25.0,25.0,25.0,24.0,47.0,49.0,0.0,0.0,770.2,1.6,9.7,NE,NNE,C,mm,km/h,mm
1580,2026-05-04,10:45:00,26.0,27.0,25.0,24.0,46.0,45.0,0.0,0.0,770.0,1.6,9.7,NE,NNE,C,mm,km/h,mm
1581,2026-05-04,11:00:00,26.0,27.0,26.0,24.0,46.0,42.0,0.0,0.0,769.9,1.6,9.7,ENE,NNW,C,mm,km/h,mm
1582,2026-05-04,11:15:00,26.0,27.0,26.0,24.0,46.0,43.0,0.0,0.0,769.8,3.2,11.3,NNW,WNW,C,mm,km/h,mm
1583,2026-05-04,11:30:00,27.0,27.0,26.0,24.0,46.0,40.0,0.0,0.0,769.7,3.2,9.7,NNW,N,C,mm,km/h,mm
1584,2026-05-04,11:45:00,27.0,27.0,26.0,24.0,45.0,37.0,0.0,0.0,769.5,1.6,8.0,ENE,NNW,C,mm,km/h,mm
1585,2026-05-04,12:00:00,27.0,27.0,27.0,24.0,45.0,38.0,0.0,0.0,769.3,1.6,8.0,SSE,SSE,C,mm,km/h,mm
1586,2026-05-04,12:15:00,28.0,28.0,27.0,24.0,45.0,35.0,0.0,0.0,769.2,0.0,8.0,NE,NW,C,mm,km/h,mm
1587,2026-05-04,12:30:00,28.0,28.0,28.0,24.0,45.0,36.0,0.0,0.0,768.8,3.2,11.3,NNW,NNE,C,mm,km/h,mm
1588,2026-05-04,12:45:00,29.0,29.0,28.0,24.0,44.0,33.0,0.0,0.0,768.7,1.6,9.7,NW,NW,C,mm,km/h,mm
1589,2026-05-04,13:00:00,29.0,29.0,28.0,24.0,44.0,33.0,0.0,0.0,768.5,1.6,6.4,NW,NNE,C,mm,km/h,mm
1590,2026-05-04,13:15:00,29.0,29.0,29.0,24.0,44.0,32.0,0.0,0.0,768.3,0.0,6.4,NE,NE,C,mm,km/h,mm
1591,2026-05-04,13:30:00,29.0,29.0,28.0,24.0,43.0,35.0,0.0,0.0,768.0,1.6,9.7,SSE,SSE,C,mm,km/h,mm
1592,2026-05-04,13:45:00,29.0,29.0,28.0,24.0,42.0,33.0,0.0,0.0,767.7,1.6,8.0,SE,N,C,mm,km/h,mm
1593,2026-05-04,14:00:00,29.0,30.0,29.0,24.0,42.0,31.0,0.0,0.0,767.6,1.6,6.4,S,S,C,mm,km/h,mm
1594,2026-05-04,14:15:00,29.0,30.0,29.0,24.0,42.0,29.0,0.0,0.0,767.4,3.2,14.5,S,S,C,mm,km/h,mm
1595,2026-05-04,14:30:00,29.0,29.0,29.0,24.0,42.0,29.0,0.0,0.0,767.3,1.6,8.0,S,S,C,mm,km/h,mm
1596,2026-05-04,14:45:00,30.0,30.0,29.0,24.0,42.0,29.0,0.0,0.0,767.1,0.0,3.2,SE,SSW,C,mm,km/h,mm
1597,2026-05-04,15:00:00,30.0,30.0,30.0,24.0,41.0,27.0,0.0,0.0,766.9,0.0,6.4,SSE,S,C,mm,km/h,mm
1598,2026-05-04,15:15:00,30.0,30.0,30.0,24.0,41.0,27.0,0.0,0.0,766.7,0.0,3.2,SE,SSE,C,mm,km/h,mm
1599,2026-05-04,15:30:00,30.0,30.0,30.0,24.0,40.0,28.0,0.0,0.0,766.6,1.6,6.4,NE,NW,C,mm,km/h,mm
1600,2026-05-04,15:45:00,30.0,30.0,30.0,24.0,40.0,28.0,0.0,0.0,766.5,1.6,11.3,SE,SSE,C,mm,km/h,mm
1601,2026-05-04,16:00:00,30.0,30.0,30.0,24.0,40.0,30.0,0.0,0.0,766.5,1.6,6.4,SE,SSE,C,mm,km/h,mm
1602,2026-05-04,16:15:00,29.0,30.0,29.0,24.0,39.0,33.0,0.0,0.0,766.4,0.0,4.8,SSW,SSW,C,mm,km/h,mm
1603,2026-05-04,16:30:00,28.0,29.0,28.0,24.0,39.0,33.0,0.0,0.0,766.4,0.0,4.8,NE,N,C,mm,km/h,mm
1604,2026-05-04,16:45:00,27.0,28.0,27.0,24.0,39.0,34.0,0.0,0.0,766.3,0.0,1.6,ESE,NE,C,mm,km/h,mm
1605,2026-05-04,17:00:00,27.0,27.0,27.0,25.0,39.0,40.0,0.0,0.0,766.3,0.0,4.8,SE,ENE,C,mm,km/h,mm
1606,2026-05-04,17:15:00,27.0,27.0,27.0,25.0,39.0,44.0,0.0,0.0,766.4,1.6,9.7,SSE,SE,C,mm,km/h,mm
1607,2026-05-04,17:30:00,26.0,27.0,26.0,25.0,39.0,46.0,0.0,0.0,766.4,1.6,9.7,SSE,SSE,C,mm,km/h,mm
1608,2026-05-04,17:45:00,26.0,26.0,26.0,25.0,39.0,45.0,0.0,0.0,766.4,1.6,9.7,SE,SE,C,mm,km/h,mm
1609,2026-05-04,18:00:00,26.0,26.0,25.0,25.0,39.0,47.0,0.0,0.0,766.5,0.0,4.8,SE,SE,C,mm,km/h,mm
1610,2026-05-04,18:15:00,25.0,25.0,25.0,25.0,39.0,50.0,0.0,0.0,766.8,0.0,4.8,SSE,SSE,C,mm,km/h,mm
1611,2026-05-04,18:30:00,24.0,25.0,24.0,25.0,39.0,52.0,0.0,0.0,766.9,0.0,4.8,NE,E,C,mm,km/h,mm
1612,2026-05-04,18:45:00,24.0,24.0,24.0,25.0,40.0,53.0,0.0,0.0,767.0,0.0,1.6,NE,E,C,mm,km/h,mm
1613,2026-05-04,19:00:00,23.0,24.0,23.0,25.0,40.0,54.0,0.0,0.0,767.2,0.0,1.6,ESE,SE,C,mm,km/h,mm
1614,2026-05-04,19:15:00,23.0,23.0,23.0,25.0,40.0,54.0,0.0,0.0,767.4,0.0,3.2,ESE,ESE,C,mm,km/h,mm
1615,2026-05-04,19:30:00,23.0,23.0,23.0,25.0,40.0,54.0,0.0,0.0,767.4,0.0,1.6,SE,ESE,C,mm,km/h,mm
1616,2026-05-04,19:45:00,23.0,23.0,23.0,25.0,40.0,57.0,0.0,0.0,767.6,0.0,0.0,,,C,mm,km/h,mm
1617,2026-05-04,20:00:00,22.0,23.0,22.0,25.0,41.0,58.0,0.0,0.0,767.6,0.0,0.0,,,C,mm,km/h,mm
1618,2026-05-04,20:15:00,22.0,22.0,22.0,25.0,41.0,53.0,0.0,0.0,767.9,0.0,6.4,SE,SE,C,mm,km/h,mm
1619,2026-05-04,20:30:00,22.0,22.0,22.0,25.0,41.0,56.0,0.0,0.0,768.0,0.0,0.0,,,C,mm,km/h,mm
1620,2026-05-04,20:45:00,22.0,22.0,22.0,25.0,41.0,53.0,0.0,0.0,768.2,0.0,3.2,WNW,WNW,C,mm,km/h,mm
1621,2026-05-04,21:00:00,22.0,22.0,22.0,25.0,41.0,56.0,0.0,0.0,768.4,0.0,3.2,ESE,ESE,C,mm,km/h,mm
1622,2026-05-04,21:15:00,21.0,22.0,21.0,25.0,41.0,58.0,0.0,0.0,768.5,0.0,0.0,,,C,mm,km/h,mm
1623,2026-05-04,21:30:00,21.0,21.0,21.0,25.0,41.0,59.0,0.0,0.0,768.6,0.0,0.0,,,C,mm,km/h,mm
1624,2026-05-04,21:45:00,21.0,21.0,20.0,25.0,41.0,57.0,0.0,0.0,768.5,0.0,0.0,,,C,mm,km/h,mm
1625,2026-05-04,22:00:00,20.0,21.0,20.0,25.0,41.0,60.0,0.0,0.0,768.6,0.0,0.0,,,C,mm,km/h,mm
1626,2026-05-04,22:15:00,19.0,20.0,19.0,25.0,41.0,63.0,0.0,0.0,768.6,0.0,0.0,,,C,mm,km/h,mm
1627,2026-05-04,22:30:00,19.0,19.0,19.0,25.0,41.0,64.0,0.0,0.0,768.7,0.0,0.0,,,C,mm,km/h,mm
1628,2026-05-04,22:45:00,19.0,19.0,19.0,25.0,41.0,65.0,0.0,0.0,768.7,0.0,0.0,,,C,mm,km/h,mm
1629,2026-05-04,23:00:00,18.0,19.0,18.0,25.0,42.0,66.0,0.0,0.0,768.7,0.0,0.0,,,C,mm,km/h,mm
1630,2026-05-04,23:15:00,19.0,19.0,18.0,25.0,42.0,66.0,0.0,0.0,768.6,0.0,0.0,,,C,mm,km/h,mm
1631,2026-05-04,23:30:00,18.0,19.0,18.0,25.0,42.0,67.0,0.0,0.0,768.5,0.0,0.0,,,C,mm,km/h,mm
1632,2026-05-04,23:45:00,18.0,18.0,18.0,25.0,42.0,68.0,0.0,0.0,768.4,0.0,0.0,,,C,mm,km/h,mm
1633,2026-05-05,00:15:00,18.0,18.0,18.0,25.0,42.0,71.0,0.0,0.0,768.3,0.0,0.0,,,C,mm,km/h,mm
1634,2026-05-05,00:30:00,18.0,18.0,18.0,25.0,42.0,70.0,0.0,0.0,768.4,0.0,0.0,,,C,mm,km/h,mm
1635,2026-05-05,00:45:00,18.0,18.0,18.0,25.0,42.0,71.0,0.0,0.0,768.3,0.0,0.0,,,C,mm,km/h,mm
1636,2026-05-05,01:00:00,18.0,18.0,18.0,25.0,42.0,70.0,0.0,0.0,768.3,0.0,0.0,,,C,mm,km/h,mm
1637,2026-05-05,01:15:00,17.0,18.0,17.0,25.0,42.0,72.0,0.0,0.0,768.2,0.0,0.0,,,C,mm,km/h,mm
1638,2026-05-05,01:30:00,17.0,17.0,17.0,25.0,42.0,72.0,0.0,0.0,768.1,0.0,0.0,,,C,mm,km/h,mm
1639,2026-05-05,01:45:00,17.0,17.0,17.0,25.0,42.0,70.0,0.0,0.0,768.0,0.0,0.0,,,C,mm,km/h,mm
1640,2026-05-05,02:00:00,17.0,17.0,17.0,25.0,42.0,69.0,0.0,0.0,767.9,0.0,0.0,,,C,mm,km/h,mm
1641,2026-05-05,02:15:00,16.0,17.0,16.0,25.0,42.0,70.0,0.0,0.0,767.9,0.0,0.0,,,C,mm,km/h,mm
1642,2026-05-05,02:30:00,16.0,16.0,16.0,25.0,42.0,71.0,0.0,0.0,767.9,0.0,0.0,,,C,mm,km/h,mm
1643,2026-05-05,02:45:00,16.0,16.0,16.0,24.0,42.0,70.0,0.0,0.0,767.9,0.0,0.0,,,C,mm,km/h,mm
1644,2026-05-05,03:00:00,16.0,16.0,16.0,24.0,42.0,71.0,0.0,0.0,767.8,0.0,0.0,,,C,mm,km/h,mm
1645,2026-05-05,03:15:00,15.0,16.0,15.0,24.0,42.0,74.0,0.0,0.0,767.9,0.0,0.0,,,C,mm,km/h,mm
1646,2026-05-05,03:30:00,15.0,15.0,15.0,24.0,42.0,74.0,0.0,0.0,767.9,0.0,0.0,,,C,mm,km/h,mm
1647,2026-05-05,03:45:00,15.0,15.0,15.0,24.0,42.0,76.0,0.0,0.0,767.9,0.0,0.0,,,C,mm,km/h,mm
1648,2026-05-05,04:00:00,15.0,15.0,15.0,24.0,42.0,76.0,0.0,0.0,768.0,0.0,0.0,,,C,mm,km/h,mm
1649,2026-05-05,04:15:00,15.0,15.0,15.0,24.0,42.0,75.0,0.0,0.0,768.0,0.0,0.0,,,C,mm,km/h,mm
1650,2026-05-05,04:30:00,15.0,15.0,15.0,24.0,42.0,76.0,0.0,0.0,768.1,0.0,0.0,,,C,mm,km/h,mm
1651,2026-05-05,04:45:00,15.0,16.0,15.0,24.0,42.0,76.0,0.0,0.0,768.1,0.0,0.0,,,C,mm,km/h,mm
1652,2026-05-05,05:00:00,15.0,16.0,15.0,24.0,42.0,75.0,0.0,0.0,768.3,0.0,0.0,,,C,mm,km/h,mm
1653,2026-05-05,05:15:00,15.0,15.0,15.0,24.0,42.0,77.0,0.0,0.0,768.3,0.0,0.0,,,C,mm,km/h,mm
1654,2026-05-05,05:30:00,14.0,15.0,14.0,24.0,42.0,79.0,0.0,0.0,768.5,0.0,0.0,,,C,mm,km/h,mm
1655,2026-05-05,05:45:00,14.0,14.0,14.0,24.0,42.0,81.0,0.0,0.0,768.6,0.0,0.0,,,C,mm,km/h,mm
1656,2026-05-05,06:00:00,14.0,15.0,14.0,24.0,43.0,79.0,0.0,0.0,768.7,0.0,0.0,,,C,mm,km/h,mm
1657,2026-05-05,06:15:00,14.0,14.0,14.0,24.0,43.0,80.0,0.0,0.0,768.8,0.0,0.0,,,C,mm,km/h,mm
1658,2026-05-05,06:30:00,15.0,15.0,14.0,24.0,43.0,81.0,0.0,0.0,769.0,0.0,0.0,,,C,mm,km/h,mm
1659,2026-05-05,06:45:00,16.0,16.0,15.0,24.0,43.0,79.0,0.0,0.0,769.1,0.0,0.0,,,C,mm,km/h,mm
1660,2026-05-05,07:00:00,16.0,16.0,16.0,24.0,43.0,75.0,0.0,0.0,769.3,0.0,0.0,,,C,mm,km/h,mm
1661,2026-05-05,07:15:00,18.0,18.0,16.0,24.0,43.0,68.0,0.0,0.0,769.4,0.0,0.0,,,C,mm,km/h,mm
1662,2026-05-05,07:30:00,19.0,19.0,18.0,24.0,43.0,63.0,0.0,0.0,769.6,0.0,0.0,,,C,mm,km/h,mm
1663,2026-05-05,07:45:00,21.0,21.0,19.0,24.0,43.0,58.0,0.0,0.0,769.7,0.0,0.0,,,C,mm,km/h,mm
1664,2026-05-05,08:00:00,22.0,22.0,21.0,24.0,43.0,55.0,0.0,0.0,769.9,0.0,1.6,ESE,ESE,C,mm,km/h,mm
1665,2026-05-05,08:15:00,22.0,22.0,22.0,24.0,43.0,54.0,0.0,0.0,769.8,0.0,1.6,SSE,SSE,C,mm,km/h,mm
1666,2026-05-05,08:30:00,23.0,23.0,22.0,24.0,43.0,51.0,0.0,0.0,769.9,0.0,0.0,,,C,mm,km/h,mm
1667,2026-05-05,08:45:00,24.0,24.0,23.0,24.0,43.0,49.0,0.0,0.0,769.9,0.0,1.6,ESE,ESE,C,mm,km/h,mm
1668,2026-05-05,09:00:00,24.0,25.0,24.0,24.0,43.0,49.0,0.0,0.0,769.9,0.0,4.8,SSE,ESE,C,mm,km/h,mm
1669,2026-05-05,09:15:00,25.0,25.0,24.0,24.0,43.0,48.0,0.0,0.0,769.8,0.0,6.4,ESE,SE,C,mm,km/h,mm
1670,2026-05-05,09:30:00,25.0,25.0,24.0,24.0,43.0,48.0,0.0,0.0,769.8,1.6,8.0,SSE,SSE,C,mm,km/h,mm
1671,2026-05-05,09:45:00,25.0,25.0,25.0,24.0,42.0,47.0,0.0,0.0,769.7,1.6,8.0,SSE,SSE,C,mm,km/h,mm
1672,2026-05-05,10:00:00,25.0,25.0,25.0,24.0,42.0,43.0,0.0,0.0,769.7,1.6,8.0,SE,SE,C,mm,km/h,mm
1673,2026-05-05,10:15:00,26.0,26.0,25.0,24.0,42.0,43.0,0.0,0.0,769.5,1.6,11.3,SSE,SSE,C,mm,km/h,mm
1674,2026-05-05,10:30:00,27.0,27.0,26.0,24.0,42.0,36.0,0.0,0.0,769.3,1.6,4.8,SE,ESE,C,mm,km/h,mm
1675,2026-05-05,10:45:00,27.0,28.0,27.0,24.0,42.0,37.0,0.0,0.0,769.3,1.6,6.4,SE,SE,C,mm,km/h,mm
1676,2026-05-05,11:00:00,28.0,28.0,27.0,24.0,42.0,36.0,0.0,0.0,769.0,1.6,6.4,SSE,NW,C,mm,km/h,mm
1677,2026-05-05,11:15:00,28.0,29.0,28.0,24.0,41.0,34.0,0.0,0.0,768.9,1.6,8.0,SSE,SSE,C,mm,km/h,mm
1678,2026-05-05,11:30:00,29.0,29.0,28.0,24.0,41.0,33.0,0.0,0.0,768.8,1.6,4.8,SE,SSE,C,mm,km/h,mm
1679,2026-05-05,11:45:00,29.0,29.0,28.0,24.0,41.0,32.0,0.0,0.0,768.7,1.6,9.7,SE,SSE,C,mm,km/h,mm
1680,2026-05-05,12:00:00,29.0,29.0,29.0,24.0,41.0,30.0,0.0,0.0,768.3,1.6,8.0,SSE,S,C,mm,km/h,mm
1681,2026-05-05,12:15:00,29.0,29.0,29.0,24.0,41.0,31.0,0.0,0.0,768.2,3.2,8.0,SSE,SSE,C,mm,km/h,mm
1682,2026-05-05,12:30:00,29.0,29.0,29.0,24.0,40.0,28.0,0.0,0.0,768.1,3.2,12.9,SSE,S,C,mm,km/h,mm
1683,2026-05-05,12:45:00,30.0,30.0,29.0,24.0,40.0,29.0,0.0,0.0,767.9,1.6,9.7,NW,WNW,C,mm,km/h,mm
1684,2026-05-05,13:00:00,30.0,30.0,29.0,24.0,39.0,29.0,0.0,0.0,767.7,1.6,6.4,NE,ENE,C,mm,km/h,mm
1685,2026-05-05,13:15:00,29.0,30.0,29.0,24.0,39.0,28.0,0.0,0.0,767.5,3.2,9.7,SE,SSE,C,mm,km/h,mm
1686,2026-05-05,13:30:00,30.0,30.0,29.0,24.0,39.0,28.0,0.0,0.0,767.4,1.6,9.7,SSE,E,C,mm,km/h,mm
1687,2026-05-05,13:45:00,30.0,30.0,30.0,25.0,38.0,28.0,0.0,0.0,767.1,3.2,11.3,SSE,SE,C,mm,km/h,mm
1688,2026-05-05,14:00:00,31.0,31.0,30.0,25.0,38.0,27.0,0.0,0.0,766.9,3.2,9.7,SSE,SW,C,mm,km/h,mm
1689,2026-05-05,14:15:00,30.0,31.0,30.0,25.0,38.0,27.0,0.0,0.0,766.9,1.6,11.3,SSE,SSE,C,mm,km/h,mm
1690,2026-05-05,14:30:00,30.0,30.0,30.0,25.0,38.0,27.0,0.0,0.0,766.5,1.6,9.7,SSE,NNW,C,mm,km/h,mm
1691,2026-05-05,14:45:00,30.0,30.0,29.0,25.0,37.0,26.0,0.0,0.0,766.3,1.6,9.7,NNE,NNE,C,mm,km/h,mm
1692,2026-05-05,15:00:00,30.0,30.0,30.0,25.0,37.0,28.0,0.0,0.0,766.3,0.0,4.8,SSE,SE,C,mm,km/h,mm
1693,2026-05-05,15:15:00,28.0,30.0,28.0,25.0,37.0,34.0,0.0,0.0,766.2,3.2,16.1,SSE,SSE,C,mm,km/h,mm
1694,2026-05-05,15:30:00,27.0,28.0,27.0,25.0,37.0,37.0,0.0,0.0,766.3,4.8,16.1,SSE,SSE,C,mm,km/h,mm
1695,2026-05-05,15:45:00,27.0,27.0,27.0,25.0,37.0,38.0,0.0,0.0,766.3,4.8,11.3,SSE,SSE,C,mm,km/h,mm
1696,2026-05-05,16:00:00,27.0,27.0,27.0,25.0,37.0,37.0,0.0,0.0,766.1,3.2,14.5,SSE,S,C,mm,km/h,mm
1697,2026-05-05,16:15:00,27.0,27.0,27.0,25.0,37.0,37.0,0.0,0.0,766.1,3.2,6.4,SSE,SSE,C,mm,km/h,mm
1698,2026-05-05,16:30:00,27.0,27.0,27.0,25.0,37.0,37.0,0.0,0.0,766.0,1.6,6.4,SSE,S,C,mm,km/h,mm
1699,2026-05-05,16:45:00,27.0,27.0,27.0,25.0,37.0,36.0,0.0,0.0,765.9,0.0,6.4,SE,S,C,mm,km/h,mm
1700,2026-05-05,17:00:00,27.0,27.0,27.0,25.0,37.0,35.0,0.0,0.0,765.8,1.6,6.4,SSE,SW,C,mm,km/h,mm
1701,2026-05-05,17:15:00,27.0,27.0,27.0,25.0,37.0,35.0,0.0,0.0,765.9,0.0,4.8,SSE,SSE,C,mm,km/h,mm
1702,2026-05-05,17:30:00,27.0,27.0,27.0,25.0,37.0,35.0,0.0,0.0,766.0,0.0,1.6,NW,ESE,C,mm,km/h,mm
1703,2026-05-05,17:45:00,27.0,27.0,27.0,25.0,37.0,34.0,0.0,0.0,766.3,0.0,3.2,WNW,WNW,C,mm,km/h,mm
1704,2026-05-05,18:00:00,26.0,27.0,26.0,25.0,37.0,35.0,0.0,0.0,766.5,1.6,4.8,SSE,SE,C,mm,km/h,mm
1705,2026-05-05,18:15:00,26.0,26.0,26.0,25.0,36.0,36.0,0.0,0.0,766.6,0.0,3.2,SSE,SE,C,mm,km/h,mm
1706,2026-05-05,18:30:00,26.0,26.0,26.0,25.0,36.0,38.0,0.0,0.0,766.7,0.0,0.0,,,C,mm,km/h,mm
1707,2026-05-05,18:45:00,25.0,26.0,25.0,25.0,36.0,40.0,0.0,0.0,766.9,0.0,1.6,ENE,ENE,C,mm,km/h,mm
1708,2026-05-05,19:00:00,25.0,25.0,25.0,25.0,36.0,43.0,0.0,0.0,767.1,1.6,9.7,NNE,NNE,C,mm,km/h,mm
1709,2026-05-05,19:15:00,25.0,25.0,25.0,25.0,36.0,38.0,0.0,0.0,767.3,3.2,17.7,NNE,NE,C,mm,km/h,mm
1710,2026-05-05,19:30:00,24.0,25.0,24.0,25.0,36.0,39.0,0.0,0.0,767.4,3.2,19.3,NNE,NNE,C,mm,km/h,mm
1711,2026-05-05,19:45:00,24.0,24.0,24.0,25.0,36.0,41.0,0.0,0.0,767.6,0.0,8.0,NE,NE,C,mm,km/h,mm
1712,2026-05-05,20:00:00,24.0,24.0,24.0,25.0,36.0,43.0,0.0,0.0,768.0,0.0,3.2,SE,SE,C,mm,km/h,mm
1713,2026-05-05,20:15:00,24.0,24.0,24.0,25.0,36.0,45.0,0.0,0.0,768.2,1.6,6.4,NNE,NE,C,mm,km/h,mm
1714,2026-05-05,20:30:00,23.0,24.0,23.0,25.0,36.0,56.0,0.0,0.0,768.5,0.0,6.4,NNE,N,C,mm,km/h,mm
1715,2026-05-05,20:45:00,21.0,23.0,21.0,25.0,37.0,57.0,0.0,0.0,768.8,3.2,14.5,NNW,NNW,C,mm,km/h,mm
1716,2026-05-05,21:00:00,22.0,22.0,21.0,25.0,37.0,54.0,0.0,0.0,768.9,4.8,14.5,NW,NNW,C,mm,km/h,mm
1717,2026-05-05,21:15:00,22.0,22.0,21.0,25.0,37.0,52.0,0.0,0.0,769.1,4.8,16.1,NNW,N,C,mm,km/h,mm
1718,2026-05-05,21:30:00,21.0,22.0,21.0,25.0,38.0,55.0,0.0,0.0,769.3,4.8,16.1,NW,NNE,C,mm,km/h,mm
1719,2026-05-05,21:45:00,20.0,21.0,20.0,25.0,38.0,58.0,0.0,0.0,769.5,3.2,11.3,NNW,N,C,mm,km/h,mm
1720,2026-05-05,22:00:00,20.0,20.0,20.0,25.0,38.0,59.0,0.0,0.0,769.6,1.6,11.3,WNW,SW,C,mm,km/h,mm
1721,2026-05-05,22:15:00,20.0,20.0,20.0,25.0,39.0,59.0,0.0,0.0,769.8,3.2,12.9,NW,SW,C,mm,km/h,mm
1722,2026-05-05,22:30:00,20.0,20.0,20.0,25.0,39.0,58.0,0.0,0.0,769.8,1.6,11.3,NW,NW,C,mm,km/h,mm
1723,2026-05-05,22:45:00,20.0,20.0,20.0,25.0,39.0,59.0,0.0,0.0,769.9,1.6,6.4,NW,N,C,mm,km/h,mm
1724,2026-05-05,23:00:00,20.0,20.0,20.0,25.0,39.0,56.0,0.0,0.0,769.7,1.6,11.3,WNW,NNE,C,mm,km/h,mm
1725,2026-05-05,23:15:00,20.0,20.0,20.0,25.0,39.0,57.0,0.0,0.0,769.7,1.6,6.4,NNW,WNW,C,mm,km/h,mm
1726,2026-05-05,23:30:00,19.0,20.0,19.0,25.0,39.0,58.0,0.0,0.0,769.7,0.0,3.2,NNW,NW,C,mm,km/h,mm
1727,2026-05-05,23:45:00,19.0,19.0,19.0,25.0,39.0,60.0,0.0,0.0,769.7,0.0,0.0,,,C,mm,km/h,mm
1918,2026-05-06,00:15:00,17.0,18.0,17.0,25.0,39.0,64.0,0.0,0.0,769.5,0.0,0.0,,,C,mm,km/h,mm
1919,2026-05-06,00:30:00,17.0,17.0,17.0,25.0,39.0,66.0,0.0,0.0,769.4,0.0,0.0,,,C,mm,km/h,mm
1920,2026-05-06,00:45:00,17.0,17.0,17.0,25.0,39.0,67.0,0.0,0.0,769.2,0.0,0.0,,,C,mm,km/h,mm
1921,2026-05-06,01:00:00,18.0,18.0,17.0,25.0,39.0,65.0,0.0,0.0,769.2,0.0,3.2,ENE,ENE,C,mm,km/h,mm
1922,2026-05-06,01:15:00,18.0,18.0,18.0,25.0,39.0,65.0,0.0,0.0,769.2,0.0,1.6,NNE,NNE,C,mm,km/h,mm
1923,2026-05-06,01:30:00,17.0,18.0,17.0,25.0,39.0,65.0,0.0,0.0,769.1,0.0,0.0,,,C,mm,km/h,mm
1924,2026-05-06,01:45:00,17.0,17.0,17.0,25.0,39.0,68.0,0.0,0.0,768.9,0.0,0.0,,,C,mm,km/h,mm
1925,2026-05-06,02:00:00,17.0,17.0,17.0,25.0,39.0,69.0,0.0,0.0,768.8,0.0,0.0,,,C,mm,km/h,mm
1926,2026-05-06,02:15:00,16.0,17.0,16.0,25.0,39.0,70.0,0.0,0.0,768.7,0.0,0.0,,,C,mm,km/h,mm
1927,2026-05-06,02:30:00,15.0,16.0,15.0,25.0,40.0,73.0,0.0,0.0,768.7,0.0,0.0,,,C,mm,km/h,mm
1928,2026-05-06,02:45:00,15.0,15.0,15.0,24.0,40.0,74.0,0.0,0.0,768.6,0.0,0.0,,,C,mm,km/h,mm
1929,2026-05-06,03:00:00,15.0,15.0,15.0,24.0,40.0,75.0,0.0,0.0,768.5,0.0,0.0,,,C,mm,km/h,mm
1930,2026-05-06,03:15:00,14.0,15.0,14.0,24.0,40.0,76.0,0.0,0.0,768.6,0.0,0.0,,,C,mm,km/h,mm
1931,2026-05-06,03:30:00,14.0,14.0,14.0,24.0,40.0,79.0,0.0,0.0,768.5,0.0,0.0,,,C,mm,km/h,mm
1932,2026-05-06,03:45:00,14.0,14.0,14.0,24.0,40.0,77.0,0.0,0.0,768.5,0.0,0.0,,,C,mm,km/h,mm
1933,2026-05-06,04:00:00,14.0,14.0,14.0,24.0,40.0,78.0,0.0,0.0,768.5,0.0,0.0,,,C,mm,km/h,mm
1934,2026-05-06,04:15:00,14.0,14.0,14.0,24.0,40.0,80.0,0.0,0.0,768.6,0.0,0.0,,,C,mm,km/h,mm
1935,2026-05-06,04:30:00,13.0,14.0,13.0,24.0,40.0,82.0,0.0,0.0,768.6,0.0,0.0,,,C,mm,km/h,mm
1936,2026-05-06,04:45:00,13.0,13.0,13.0,24.0,40.0,81.0,0.0,0.0,768.6,0.0,0.0,,,C,mm,km/h,mm
1937,2026-05-06,05:00:00,13.0,13.0,13.0,24.0,40.0,82.0,0.0,0.0,768.7,0.0,0.0,,,C,mm,km/h,mm
1938,2026-05-06,05:15:00,13.0,13.0,13.0,24.0,41.0,82.0,0.0,0.0,768.8,0.0,0.0,,,C,mm,km/h,mm
1939,2026-05-06,05:30:00,13.0,13.0,13.0,24.0,41.0,84.0,0.0,0.0,768.8,0.0,0.0,,,C,mm,km/h,mm
1940,2026-05-06,05:45:00,13.0,13.0,13.0,24.0,41.0,84.0,0.0,0.0,768.8,0.0,0.0,,,C,mm,km/h,mm
1941,2026-05-06,06:00:00,13.0,13.0,13.0,24.0,41.0,84.0,0.0,0.0,768.9,0.0,0.0,,,C,mm,km/h,mm
1942,2026-05-06,06:15:00,13.0,13.0,13.0,24.0,41.0,83.0,0.0,0.0,769.0,0.0,0.0,,,C,mm,km/h,mm
1943,2026-05-06,06:30:00,14.0,14.0,13.0,24.0,42.0,83.0,0.0,0.0,769.0,0.0,0.0,,,C,mm,km/h,mm
1944,2026-05-06,06:45:00,15.0,15.0,14.0,24.0,43.0,80.0,0.0,0.0,769.0,0.0,0.0,,,C,mm,km/h,mm
1945,2026-05-06,07:00:00,17.0,17.0,15.0,24.0,42.0,71.0,0.0,0.0,769.2,0.0,0.0,,,C,mm,km/h,mm
1946,2026-05-06,07:15:00,18.0,18.0,17.0,24.0,41.0,65.0,0.0,0.0,769.1,0.0,0.0,,,C,mm,km/h,mm
1947,2026-05-06,07:30:00,20.0,20.0,18.0,24.0,41.0,60.0,0.0,0.0,769.1,0.0,0.0,,,C,mm,km/h,mm
1948,2026-05-06,07:45:00,22.0,22.0,20.0,24.0,41.0,53.0,0.0,0.0,769.2,0.0,1.6,WNW,NE,C,mm,km/h,mm
1949,2026-05-06,08:00:00,22.0,22.0,22.0,24.0,41.0,51.0,0.0,0.0,769.2,0.0,1.6,NNW,WNW,C,mm,km/h,mm
1950,2026-05-06,08:15:00,23.0,23.0,22.0,24.0,41.0,48.0,0.0,0.0,769.1,0.0,1.6,E,NE,C,mm,km/h,mm
1951,2026-05-06,08:30:00,23.0,23.0,23.0,24.0,41.0,47.0,0.0,0.0,769.2,0.0,3.2,ESE,ESE,C,mm,km/h,mm
1952,2026-05-06,08:45:00,24.0,24.0,23.0,24.0,41.0,46.0,0.0,0.0,769.2,0.0,4.8,ESE,SSE,C,mm,km/h,mm
1953,2026-05-06,09:00:00,25.0,25.0,24.0,24.0,41.0,44.0,0.0,0.0,769.2,1.6,4.8,SSE,SE,C,mm,km/h,mm
1954,2026-05-06,09:15:00,26.0,26.0,25.0,24.0,41.0,43.0,0.0,0.0,769.2,0.0,4.8,S,SE,C,mm,km/h,mm
1955,2026-05-06,09:30:00,26.0,26.0,26.0,24.0,41.0,42.0,0.0,0.0,769.1,1.6,4.8,SSE,S,C,mm,km/h,mm
1956,2026-05-06,09:45:00,27.0,27.0,26.0,25.0,41.0,38.0,0.0,0.0,769.1,0.0,1.6,SE,SSE,C,mm,km/h,mm
1957,2026-05-06,10:00:00,28.0,28.0,27.0,25.0,41.0,36.0,0.0,0.0,769.1,0.0,3.2,NW,NNW,C,mm,km/h,mm
1958,2026-05-06,10:15:00,29.0,29.0,28.0,25.0,41.0,34.0,0.0,0.0,769.1,0.0,8.0,NW,WNW,C,mm,km/h,mm
1959,2026-05-06,10:30:00,29.0,29.0,29.0,25.0,41.0,34.0,0.0,0.0,768.9,0.0,6.4,SSE,SSE,C,mm,km/h,mm
1960,2026-05-06,10:45:00,29.0,29.0,28.0,25.0,41.0,34.0,0.0,0.0,768.8,1.6,6.4,SSE,SSE,C,mm,km/h,mm
1961,2026-05-06,11:00:00,30.0,30.0,29.0,25.0,41.0,33.0,0.0,0.0,768.7,0.0,4.8,SSE,SSE,C,mm,km/h,mm
1962,2026-05-06,11:15:00,30.0,30.0,30.0,25.0,42.0,36.0,0.0,0.0,768.5,1.6,6.4,SE,SSE,C,mm,km/h,mm
1963,2026-05-06,11:30:00,31.0,31.0,30.0,25.0,39.0,30.0,0.0,0.0,768.4,1.6,9.7,NE,NE,C,mm,km/h,mm
1964,2026-05-06,11:45:00,32.0,32.0,31.0,25.0,37.0,29.0,0.0,0.0,768.2,1.6,8.0,NW,WNW,C,mm,km/h,mm
1965,2026-05-06,12:00:00,31.0,32.0,31.0,25.0,36.0,29.0,0.0,0.0,768.1,3.2,14.5,NNE,NNE,C,mm,km/h,mm
1966,2026-05-06,12:15:00,31.0,31.0,31.0,26.0,35.0,30.0,0.0,0.0,767.9,4.8,14.5,NNE,N,C,mm,km/h,mm
1967,2026-05-06,12:30:00,31.0,31.0,31.0,26.0,37.0,30.0,0.0,0.0,767.7,3.2,17.7,NE,NNE,C,mm,km/h,mm
1968,2026-05-06,12:45:00,31.0,31.0,31.0,26.0,35.0,29.0,0.0,0.0,767.4,3.2,9.7,NE,SSE,C,mm,km/h,mm
1969,2026-05-06,13:00:00,31.0,31.0,31.0,26.0,34.0,30.0,0.0,0.0,767.2,1.6,9.7,NNE,N,C,mm,km/h,mm
1970,2026-05-06,13:15:00,31.0,31.0,30.0,26.0,34.0,29.0,0.0,0.0,767.0,1.6,9.7,NNW,NNW,C,mm,km/h,mm
1971,2026-05-06,13:30:00,32.0,32.0,31.0,25.0,34.0,27.0,0.0,0.0,766.7,1.6,8.0,NNE,NNE,C,mm,km/h,mm
1972,2026-05-06,13:45:00,31.0,32.0,31.0,25.0,34.0,24.0,0.0,0.0,766.4,3.2,11.3,SSE,SSE,C,mm,km/h,mm
1973,2026-05-06,14:00:00,32.0,32.0,31.0,25.0,33.0,24.0,0.0,0.0,766.2,1.6,8.0,SSE,SE,C,mm,km/h,mm
1974,2026-05-06,14:15:00,32.0,32.0,32.0,25.0,33.0,24.0,0.0,0.0,765.9,1.6,12.9,N,N,C,mm,km/h,mm
1975,2026-05-06,14:30:00,32.0,33.0,32.0,25.0,34.0,25.0,0.0,0.0,765.7,1.6,9.7,N,NNW,C,mm,km/h,mm
1976,2026-05-06,14:45:00,32.0,33.0,32.0,25.0,34.0,24.0,0.0,0.0,765.5,1.6,6.4,SSE,NE,C,mm,km/h,mm
1977,2026-05-06,15:00:00,31.0,32.0,31.0,26.0,34.0,27.0,0.0,0.0,765.3,1.6,8.0,SSE,S,C,mm,km/h,mm
1978,2026-05-06,15:15:00,30.0,31.0,30.0,26.0,34.0,27.0,0.0,0.0,765.4,1.6,8.0,SE,SSE,C,mm,km/h,mm
1979,2026-05-06,15:30:00,30.0,30.0,30.0,26.0,34.0,28.0,0.0,0.0,765.3,3.2,8.0,SE,SE,C,mm,km/h,mm
1980,2026-05-06,15:45:00,29.0,30.0,29.0,25.0,33.0,29.0,0.0,0.0,765.4,3.2,11.3,SSE,SSE,C,mm,km/h,mm
1981,2026-05-06,16:00:00,29.0,29.0,29.0,25.0,32.0,31.0,0.0,0.0,765.2,3.2,8.0,SSE,SSE,C,mm,km/h,mm
1982,2026-05-06,16:15:00,29.0,29.0,29.0,25.0,32.0,32.0,0.0,0.0,765.2,1.6,9.7,SSE,SSE,C,mm,km/h,mm
1983,2026-05-06,16:30:00,29.0,29.0,29.0,25.0,32.0,34.0,0.0,0.0,765.4,3.2,9.7,SSE,S,C,mm,km/h,mm
1984,2026-05-06,16:45:00,28.0,29.0,28.0,25.0,32.0,35.0,0.0,0.0,765.5,1.6,6.4,SSE,S,C,mm,km/h,mm
1985,2026-05-06,17:00:00,27.0,28.0,27.0,24.0,32.0,37.0,0.0,0.0,765.4,3.2,27.4,NW,WSW,C,mm,km/h,mm
1986,2026-05-06,17:15:00,27.0,27.0,27.0,24.0,32.0,37.0,0.0,0.0,765.7,4.8,14.5,NNE,N,C,mm,km/h,mm
1987,2026-05-06,17:30:00,27.0,27.0,27.0,24.0,32.0,36.0,0.0,0.0,766.3,0.0,9.7,NE,NE,C,mm,km/h,mm
1988,2026-05-06,17:45:00,25.0,27.0,25.0,24.0,32.0,41.0,0.0,0.0,766.8,6.4,17.7,NW,N,C,mm,km/h,mm
1989,2026-05-06,18:00:00,24.0,25.0,24.0,24.0,32.0,46.0,0.0,0.0,766.9,8.0,19.3,NNW,NW,C,mm,km/h,mm
1990,2026-05-06,18:15:00,23.0,24.0,23.0,24.0,32.0,46.0,0.0,0.0,767.0,4.8,17.7,NNW,NW,C,mm,km/h,mm
1991,2026-05-06,18:30:00,23.0,23.0,23.0,24.0,32.0,44.0,0.0,0.0,767.1,4.8,17.7,NNW,NW,C,mm,km/h,mm
1992,2026-05-06,18:45:00,23.0,23.0,23.0,24.0,32.0,46.0,0.0,0.0,767.4,4.8,17.7,NNW,N,C,mm,km/h,mm
1993,2026-05-06,19:00:00,23.0,23.0,23.0,24.0,32.0,49.0,0.0,0.0,768.1,1.6,12.9,NW,WSW,C,mm,km/h,mm
1994,2026-05-06,19:15:00,22.0,23.0,22.0,24.0,33.0,53.0,0.0,0.0,768.4,1.6,9.7,NW,N,C,mm,km/h,mm
1995,2026-05-06,19:30:00,21.0,22.0,21.0,24.0,35.0,56.0,0.0,0.0,768.9,4.8,11.3,NW,WNW,C,mm,km/h,mm
1996,2026-05-06,19:45:00,21.0,21.0,21.0,24.0,36.0,56.0,0.0,0.0,769.3,8.0,19.3,NW,WSW,C,mm,km/h,mm
1997,2026-05-06,20:00:00,20.0,21.0,20.0,24.0,37.0,61.0,0.0,0.0,769.4,6.4,20.9,WNW,NW,C,mm,km/h,mm
1998,2026-05-06,20:15:00,20.0,20.0,20.0,24.0,38.0,61.0,0.0,0.0,769.4,4.8,16.1,NW,WNW,C,mm,km/h,mm
1999,2026-05-06,20:30:00,20.0,20.0,20.0,25.0,38.0,62.0,0.0,0.0,769.5,4.8,12.9,NW,NW,C,mm,km/h,mm
2000,2026-05-06,20:45:00,19.0,20.0,19.0,25.0,39.0,65.0,0.0,0.0,769.7,4.8,14.5,NW,N,C,mm,km/h,mm
2001,2026-05-06,21:00:00,19.0,19.0,19.0,25.0,39.0,67.0,0.0,0.0,769.7,3.2,12.9,WNW,WSW,C,mm,km/h,mm
2002,2026-05-06,21:15:00,19.0,19.0,19.0,25.0,40.0,67.0,0.0,0.0,769.9,3.2,12.9,NW,NW,C,mm,km/h,mm
2003,2026-05-06,21:30:00,18.0,19.0,18.0,25.0,40.0,67.0,0.0,0.0,769.9,4.8,14.5,NNW,N,C,mm,km/h,mm
2004,2026-05-06,21:45:00,18.0,18.0,18.0,25.0,40.0,67.0,0.0,0.0,770.1,3.2,12.9,NW,WSW,C,mm,km/h,mm
2005,2026-05-06,22:00:00,18.0,18.0,18.0,25.0,41.0,67.0,0.0,0.0,770.3,3.2,11.3,NW,WNW,C,mm,km/h,mm
2006,2026-05-06,22:15:00,18.0,18.0,18.0,25.0,41.0,67.0,0.0,0.0,770.3,1.6,11.3,NNW,NE,C,mm,km/h,mm
2007,2026-05-06,22:30:00,18.0,18.0,18.0,25.0,41.0,67.0,0.0,0.0,770.3,0.0,4.8,WSW,W,C,mm,km/h,mm
2008,2026-05-06,22:45:00,18.0,18.0,18.0,25.0,41.0,66.0,0.0,0.0,770.3,0.0,1.6,NNW,W,C,mm,km/h,mm
2009,2026-05-06,23:00:00,18.0,18.0,18.0,25.0,41.0,66.0,0.0,0.0,770.1,0.0,1.6,NNW,NNW,C,mm,km/h,mm
2010,2026-05-06,23:15:00,18.0,18.0,18.0,25.0,41.0,67.0,0.0,0.0,770.0,0.0,0.0,,,C,mm,km/h,mm
2011,2026-05-06,23:30:00,18.0,18.0,17.0,25.0,41.0,67.0,0.0,0.0,770.0,0.0,3.2,NNW,N,C,mm,km/h,mm
2012,2026-05-06,23:45:00,17.0,18.0,17.0,25.0,41.0,68.0,0.0,0.0,769.8,0.0,0.0,,,C,mm,km/h,mm
2013,2026-05-07,00:15:00,16.0,17.0,16.0,25.0,41.0,73.0,0.0,0.0,769.7,0.0,0.0,,,C,mm,km/h,mm
2014,2026-05-07,00:30:00,15.0,16.0,15.0,25.0,41.0,75.0,0.0,0.0,769.7,0.0,0.0,,,C,mm,km/h,mm
2015,2026-05-07,00:45:00,15.0,15.0,15.0,25.0,41.0,76.0,0.0,0.0,769.6,0.0,0.0,,,C,mm,km/h,mm
2016,2026-05-07,01:00:00,15.0,15.0,15.0,25.0,41.0,76.0,0.0,0.0,769.4,0.0,0.0,,,C,mm,km/h,mm
2017,2026-05-07,01:15:00,15.0,15.0,15.0,25.0,41.0,78.0,0.0,0.0,769.3,0.0,0.0,,,C,mm,km/h,mm
2018,2026-05-07,01:30:00,15.0,15.0,15.0,25.0,41.0,78.0,0.0,0.0,769.1,0.0,0.0,,,C,mm,km/h,mm
2019,2026-05-07,01:45:00,14.0,15.0,14.0,24.0,41.0,80.0,0.0,0.0,769.0,0.0,0.0,,,C,mm,km/h,mm
2020,2026-05-07,02:00:00,14.0,14.0,14.0,25.0,41.0,79.0,0.0,0.0,768.9,0.0,0.0,,,C,mm,km/h,mm
2021,2026-05-07,02:15:00,14.0,14.0,14.0,25.0,41.0,79.0,0.0,0.0,768.7,0.0,0.0,,,C,mm,km/h,mm
2022,2026-05-07,02:30:00,14.0,14.0,14.0,24.0,41.0,80.0,0.0,0.0,768.6,0.0,0.0,,,C,mm,km/h,mm
2023,2026-05-07,02:45:00,13.0,14.0,13.0,24.0,41.0,83.0,0.0,0.0,768.5,0.0,0.0,,,C,mm,km/h,mm
2024,2026-05-07,03:00:00,13.0,13.0,13.0,24.0,41.0,84.0,0.0,0.0,768.3,0.0,0.0,,,C,mm,km/h,mm
2025,2026-05-07,03:15:00,13.0,13.0,13.0,24.0,41.0,83.0,0.0,0.0,768.3,0.0,0.0,,,C,mm,km/h,mm
2026,2026-05-07,03:30:00,13.0,13.0,13.0,24.0,41.0,85.0,0.0,0.0,768.2,0.0,0.0,,,C,mm,km/h,mm
2027,2026-05-07,03:45:00,13.0,13.0,13.0,24.0,41.0,85.0,0.0,0.0,768.2,0.0,0.0,,,C,mm,km/h,mm
2028,2026-05-07,04:00:00,13.0,13.0,13.0,24.0,41.0,87.0,0.0,0.0,768.3,0.0,0.0,,,C,mm,km/h,mm
2029,2026-05-07,04:15:00,13.0,13.0,13.0,24.0,41.0,87.0,0.0,0.0,768.4,0.0,0.0,,,C,mm,km/h,mm
2030,2026-05-07,04:30:00,13.0,13.0,13.0,24.0,41.0,85.0,0.0,0.0,768.5,0.0,0.0,,,C,mm,km/h,mm
2031,2026-05-07,04:45:00,13.0,13.0,13.0,24.0,41.0,85.0,0.0,0.0,768.6,0.0,0.0,,,C,mm,km/h,mm
2032,2026-05-07,05:00:00,12.0,13.0,12.0,24.0,41.0,85.0,0.0,0.0,768.7,0.0,0.0,,,C,mm,km/h,mm
2033,2026-05-07,05:15:00,12.0,12.0,12.0,24.0,41.0,86.0,0.0,0.0,768.8,0.0,0.0,,,C,mm,km/h,mm
2034,2026-05-07,05:30:00,13.0,13.0,12.0,24.0,41.0,85.0,0.0,0.0,768.8,0.0,0.0,,,C,mm,km/h,mm
2035,2026-05-07,05:45:00,13.0,13.0,13.0,24.0,41.0,85.0,0.0,0.0,769.0,0.0,0.0,,,C,mm,km/h,mm
2036,2026-05-07,06:00:00,14.0,14.0,13.0,24.0,41.0,83.0,0.0,0.0,769.2,0.0,0.0,,,C,mm,km/h,mm
2037,2026-05-07,06:15:00,15.0,15.0,14.0,24.0,41.0,80.0,0.0,0.0,769.3,0.0,0.0,,,C,mm,km/h,mm
2038,2026-05-07,06:30:00,16.0,16.0,15.0,24.0,41.0,77.0,0.0,0.0,769.4,0.0,0.0,,,C,mm,km/h,mm
2039,2026-05-07,06:45:00,16.0,16.0,16.0,24.0,42.0,76.0,0.0,0.0,769.5,0.0,0.0,,,C,mm,km/h,mm
2040,2026-05-07,07:00:00,17.0,17.0,16.0,24.0,41.0,74.0,0.0,0.0,769.5,0.0,0.0,,,C,mm,km/h,mm
2041,2026-05-07,07:15:00,17.0,17.0,17.0,24.0,41.0,73.0,0.0,0.0,769.7,0.0,0.0,,,C,mm,km/h,mm
2042,2026-05-07,07:30:00,18.0,18.0,17.0,24.0,41.0,70.0,0.0,0.0,769.8,0.0,3.2,NNW,NNW,C,mm,km/h,mm
2043,2026-05-07,07:45:00,18.0,18.0,18.0,24.0,41.0,67.0,0.0,0.0,770.0,1.6,4.8,NNW,NW,C,mm,km/h,mm
2044,2026-05-07,08:00:00,20.0,20.0,18.0,24.0,41.0,62.0,0.0,0.0,770.0,0.0,0.0,,,C,mm,km/h,mm
2045,2026-05-07,08:15:00,21.0,21.0,20.0,24.0,41.0,57.0,0.0,0.0,770.0,0.0,3.2,E,WNW,C,mm,km/h,mm
2046,2026-05-07,08:30:00,22.0,22.0,21.0,24.0,41.0,55.0,0.0,0.0,770.0,0.0,3.2,NW,NW,C,mm,km/h,mm
2047,2026-05-07,08:45:00,24.0,24.0,22.0,24.0,41.0,50.0,0.0,0.0,769.9,0.0,3.2,NE,NE,C,mm,km/h,mm
2048,2026-05-07,09:00:00,24.0,24.0,24.0,24.0,41.0,46.0,0.0,0.0,769.8,0.0,4.8,NNW,NW,C,mm,km/h,mm
2049,2026-05-07,09:15:00,25.0,25.0,24.0,24.0,41.0,46.0,0.0,0.0,769.7,0.0,1.6,NE,ENE,C,mm,km/h,mm
2050,2026-05-07,09:30:00,25.0,25.0,25.0,24.0,41.0,43.0,0.0,0.0,769.6,1.6,8.0,NNW,NNW,C,mm,km/h,mm
2051,2026-05-07,09:45:00,26.0,26.0,25.0,24.0,41.0,38.0,0.0,0.0,769.5,1.6,8.0,NW,NW,C,mm,km/h,mm
2052,2026-05-07,10:00:00,26.0,26.0,26.0,24.0,41.0,35.0,0.0,0.0,769.4,1.6,11.3,NW,NNW,C,mm,km/h,mm
2053,2026-05-07,10:15:00,27.0,27.0,26.0,24.0,40.0,35.0,0.0,0.0,769.3,3.2,14.5,NW,N,C,mm,km/h,mm
2054,2026-05-07,10:30:00,27.0,27.0,27.0,24.0,39.0,32.0,0.0,0.0,769.2,4.8,14.5,WNW,N,C,mm,km/h,mm
2055,2026-05-07,10:45:00,28.0,28.0,27.0,24.0,36.0,33.0,0.0,0.0,769.1,4.8,16.1,NW,SW,C,mm,km/h,mm
2056,2026-05-07,11:00:00,28.0,28.0,27.0,24.0,35.0,33.0,0.0,0.0,769.1,4.8,11.3,WNW,WSW,C,mm,km/h,mm
2057,2026-05-07,11:15:00,28.0,28.0,28.0,24.0,34.0,32.0,0.0,0.0,769.0,3.2,11.3,NW,WNW,C,mm,km/h,mm
2058,2026-05-07,11:30:00,28.0,28.0,28.0,24.0,35.0,31.0,0.0,0.0,768.8,3.2,11.3,W,E,C,mm,km/h,mm
2059,2026-05-07,11:45:00,29.0,29.0,28.0,25.0,36.0,31.0,0.0,0.0,768.8,4.8,14.5,NNW,NNE,C,mm,km/h,mm
2060,2026-05-07,12:00:00,29.0,29.0,29.0,25.0,36.0,31.0,0.0,0.0,768.6,4.8,14.5,WNW,NW,C,mm,km/h,mm
2061,2026-05-07,12:15:00,29.0,29.0,29.0,25.0,36.0,29.0,0.0,0.0,768.4,4.8,12.9,NNW,NNW,C,mm,km/h,mm
2062,2026-05-07,12:30:00,30.0,30.0,29.0,25.0,36.0,29.0,0.0,0.0,768.1,4.8,16.1,NW,W,C,mm,km/h,mm
2063,2026-05-07,12:45:00,30.0,30.0,29.0,25.0,36.0,29.0,0.0,0.0,767.7,4.8,16.1,NW,W,C,mm,km/h,mm
2064,2026-05-07,13:00:00,29.0,30.0,29.0,25.0,35.0,29.0,0.0,0.0,767.4,4.8,16.1,WNW,WSW,C,mm,km/h,mm
2065,2026-05-07,13:15:00,30.0,30.0,29.0,25.0,35.0,29.0,0.0,0.0,767.3,3.2,9.7,NW,NE,C,mm,km/h,mm
2066,2026-05-07,13:30:00,31.0,31.0,30.0,25.0,35.0,27.0,0.0,0.0,767.1,1.6,9.7,NNW,NNW,C,mm,km/h,mm
2067,2026-05-07,13:45:00,31.0,31.0,31.0,26.0,35.0,26.0,0.0,0.0,766.9,3.2,9.7,NNW,NNW,C,mm,km/h,mm
2068,2026-05-07,14:00:00,31.0,31.0,31.0,26.0,35.0,27.0,0.0,0.0,766.6,4.8,11.3,NW,NW,C,mm,km/h,mm
2069,2026-05-07,14:15:00,30.0,31.0,30.0,26.0,35.0,26.0,0.0,0.0,766.4,3.2,12.9,NW,NW,C,mm,km/h,mm
2070,2026-05-07,14:30:00,31.0,31.0,30.0,26.0,35.0,26.0,0.0,0.0,766.2,3.2,9.7,NW,NNW,C,mm,km/h,mm
2071,2026-05-07,14:45:00,32.0,32.0,31.0,26.0,34.0,25.0,0.0,0.0,765.9,1.6,8.0,NNE,N,C,mm,km/h,mm
2072,2026-05-07,15:00:00,31.0,32.0,31.0,26.0,34.0,25.0,0.0,0.0,765.8,4.8,11.3,NW,N,C,mm,km/h,mm
2073,2026-05-07,15:15:00,31.0,31.0,31.0,26.0,34.0,25.0,0.0,0.0,765.7,0.0,4.8,SE,SE,C,mm,km/h,mm
2074,2026-05-07,15:30:00,30.0,31.0,30.0,26.0,34.0,24.0,0.0,0.0,765.6,1.6,8.0,NE,N,C,mm,km/h,mm
2075,2026-05-07,15:45:00,29.0,30.0,29.0,26.0,32.0,25.0,0.0,0.0,765.5,0.0,4.8,SSE,ESE,C,mm,km/h,mm
2076,2026-05-07,16:00:00,29.0,29.0,29.0,26.0,31.0,26.0,0.0,0.0,765.3,0.0,3.2,NNW,NNW,C,mm,km/h,mm
2077,2026-05-07,16:15:00,29.0,29.0,29.0,25.0,31.0,26.0,0.0,0.0,765.2,0.0,1.6,SE,SE,C,mm,km/h,mm
2078,2026-05-07,16:30:00,29.0,29.0,29.0,25.0,30.0,28.0,0.0,0.0,765.1,1.6,11.3,SSE,ESE,C,mm,km/h,mm
2079,2026-05-07,16:45:00,28.0,29.0,28.0,25.0,30.0,29.0,0.0,0.0,765.3,3.2,14.5,SSE,S,C,mm,km/h,mm
2080,2026-05-07,17:00:00,28.0,28.0,28.0,25.0,30.0,30.0,0.0,0.0,765.3,0.0,3.2,SSE,SSE,C,mm,km/h,mm
2081,2026-05-07,17:15:00,28.0,28.0,28.0,24.0,30.0,28.0,0.0,0.0,765.5,1.6,11.3,SSE,SSE,C,mm,km/h,mm
2082,2026-05-07,17:30:00,27.0,28.0,27.0,24.0,30.0,28.0,0.0,0.0,765.6,0.0,4.8,NE,ESE,C,mm,km/h,mm
2083,2026-05-07,17:45:00,26.0,27.0,26.0,24.0,30.0,40.0,0.0,0.0,766.2,3.2,14.5,NNE,NNE,C,mm,km/h,mm
2084,2026-05-07,18:00:00,24.0,26.0,24.0,24.0,31.0,46.0,0.0,0.0,766.5,6.4,19.3,NNE,NNW,C,mm,km/h,mm
2085,2026-05-07,18:15:00,23.0,24.0,23.0,24.0,32.0,50.0,0.0,0.0,766.7,6.4,19.3,NNE,N,C,mm,km/h,mm
2086,2026-05-07,18:30:00,23.0,23.0,23.0,24.0,31.0,48.0,0.0,0.0,767.4,4.8,22.5,NW,NW,C,mm,km/h,mm
2087,2026-05-07,18:45:00,22.0,23.0,22.0,24.0,31.0,55.0,0.0,0.0,767.3,8.0,24.1,NW,N,C,mm,km/h,mm
2088,2026-05-07,19:00:00,22.0,22.0,22.0,24.0,32.0,51.0,0.0,0.0,767.1,6.4,25.7,NE,NW,C,mm,km/h,mm
2089,2026-05-07,19:15:00,22.0,22.0,22.0,23.0,32.0,48.0,0.0,0.0,767.5,3.2,12.9,NE,ENE,C,mm,km/h,mm
2090,2026-05-07,19:30:00,22.0,22.0,22.0,23.0,31.0,48.0,0.0,0.0,767.4,3.2,12.9,NE,N,C,mm,km/h,mm
2091,2026-05-07,19:45:00,22.0,22.0,22.0,23.0,32.0,47.0,0.0,0.0,767.6,3.2,12.9,NE,NE,C,mm,km/h,mm
2092,2026-05-07,20:00:00,22.0,22.0,22.0,23.0,31.0,51.0,0.0,0.0,768.2,0.0,6.4,SSE,WSW,C,mm,km/h,mm
2093,2026-05-07,20:15:00,21.0,22.0,21.0,23.0,32.0,54.0,0.0,0.0,768.6,1.6,4.8,SE,SE,C,mm,km/h,mm
2094,2026-05-07,20:30:00,21.0,21.0,21.0,23.0,33.0,56.0,0.0,0.0,768.8,1.6,8.0,SE,NW,C,mm,km/h,mm
2095,2026-05-07,20:45:00,20.0,21.0,20.0,23.0,33.0,58.0,0.0,0.0,768.9,3.2,16.1,NW,NNE,C,mm,km/h,mm
2096,2026-05-07,21:00:00,20.0,20.0,20.0,23.0,34.0,60.0,0.0,0.0,769.0,3.2,12.9,NW,WNW,C,mm,km/h,mm
2097,2026-05-07,21:15:00,20.0,20.0,20.0,23.0,35.0,60.0,0.0,0.0,768.9,4.8,12.9,NW,NNW,C,mm,km/h,mm
2098,2026-05-07,21:30:00,20.0,20.0,20.0,24.0,36.0,57.0,0.0,0.0,769.1,4.8,14.5,NW,NNW,C,mm,km/h,mm
2099,2026-05-07,21:45:00,20.0,20.0,20.0,24.0,37.0,57.0,0.0,0.0,769.4,1.6,6.4,WNW,WNW,C,mm,km/h,mm
2100,2026-05-07,22:00:00,19.0,20.0,19.0,24.0,37.0,60.0,0.0,0.0,769.5,1.6,4.8,NW,NNE,C,mm,km/h,mm
2101,2026-05-07,22:15:00,19.0,19.0,19.0,24.0,38.0,60.0,0.0,0.0,770.0,0.0,1.6,E,N,C,mm,km/h,mm
2102,2026-05-07,22:30:00,20.0,20.0,19.0,24.0,38.0,59.0,0.0,0.0,769.6,0.0,4.8,N,NNE,C,mm,km/h,mm
2103,2026-05-07,22:45:00,20.0,20.0,20.0,24.0,38.0,59.0,0.0,0.0,769.4,1.6,8.0,NNW,NW,C,mm,km/h,mm
2104,2026-05-07,23:00:00,20.0,20.0,20.0,24.0,38.0,59.0,0.0,0.0,769.7,0.0,6.4,N,NW,C,mm,km/h,mm
2105,2026-05-07,23:15:00,20.0,20.0,20.0,24.0,39.0,59.0,0.0,0.0,769.4,0.0,0.0,,,C,mm,km/h,mm
2106,2026-05-07,23:30:00,19.0,20.0,19.0,24.0,39.0,59.0,0.0,0.0,769.4,0.0,0.0,,,C,mm,km/h,mm
2107,2026-05-07,23:45:00,19.0,19.0,19.0,24.0,39.0,61.0,0.0,0.0,769.3,0.0,0.0,,,C,mm,km/h,mm
2108,2026-05-08,00:15:00,17.0,18.0,17.0,24.0,39.0,68.0,0.0,0.0,769.0,0.0,0.0,,,C,mm,km/h,mm
2109,2026-05-08,00:30:00,17.0,17.0,17.0,24.0,39.0,68.0,0.0,0.0,769.0,0.0,0.0,,,C,mm,km/h,mm
2110,2026-05-08,00:45:00,17.0,17.0,17.0,24.0,40.0,68.0,0.0,0.0,768.8,0.0,0.0,,,C,mm,km/h,mm
2111,2026-05-08,01:00:00,17.0,17.0,17.0,24.0,40.0,68.0,0.0,0.0,768.5,0.0,0.0,,,C,mm,km/h,mm
2112,2026-05-08,01:15:00,17.0,17.0,17.0,24.0,40.0,70.0,0.0,0.0,768.4,0.0,0.0,,,C,mm,km/h,mm
2113,2026-05-08,01:30:00,17.0,17.0,17.0,24.0,40.0,67.0,0.0,0.0,768.1,0.0,0.0,,,C,mm,km/h,mm
2114,2026-05-08,01:45:00,17.0,17.0,17.0,24.0,40.0,68.0,0.0,0.0,767.9,0.0,0.0,,,C,mm,km/h,mm
2115,2026-05-08,02:00:00,17.0,17.0,16.0,24.0,40.0,69.0,0.0,0.0,767.9,0.0,0.0,,,C,mm,km/h,mm
2116,2026-05-08,02:15:00,16.0,17.0,16.0,24.0,40.0,71.0,0.0,0.0,767.9,0.0,0.0,,,C,mm,km/h,mm
2117,2026-05-08,02:30:00,15.0,16.0,15.0,24.0,40.0,74.0,0.0,0.0,767.8,0.0,0.0,,,C,mm,km/h,mm
2118,2026-05-08,02:45:00,16.0,16.0,15.0,24.0,40.0,72.0,0.0,0.0,767.8,0.0,1.6,WNW,WNW,C,mm,km/h,mm
2119,2026-05-08,03:00:00,16.0,16.0,16.0,24.0,40.0,70.0,0.0,0.0,767.7,0.0,0.0,,,C,mm,km/h,mm
2120,2026-05-08,03:15:00,16.0,16.0,16.0,24.0,40.0,71.0,0.0,0.0,767.5,0.0,0.0,,,C,mm,km/h,mm
2121,2026-05-08,03:30:00,16.0,16.0,16.0,24.0,40.0,72.0,0.0,0.0,767.6,0.0,0.0,,,C,mm,km/h,mm
2122,2026-05-08,03:45:00,15.0,16.0,15.0,24.0,40.0,74.0,0.0,0.0,767.7,0.0,0.0,,,C,mm,km/h,mm
2123,2026-05-08,04:00:00,15.0,15.0,15.0,24.0,40.0,77.0,0.0,0.0,767.7,0.0,0.0,,,C,mm,km/h,mm
2124,2026-05-08,04:15:00,14.0,15.0,14.0,24.0,40.0,77.0,0.0,0.0,767.8,0.0,0.0,,,C,mm,km/h,mm
2125,2026-05-08,04:30:00,14.0,14.0,14.0,24.0,40.0,77.0,0.0,0.0,767.8,0.0,0.0,,,C,mm,km/h,mm
2126,2026-05-08,04:45:00,14.0,14.0,14.0,24.0,40.0,78.0,0.0,0.0,767.9,0.0,0.0,,,C,mm,km/h,mm
2127,2026-05-08,05:00:00,14.0,14.0,14.0,24.0,40.0,80.0,0.0,0.0,767.8,0.0,0.0,,,C,mm,km/h,mm
2128,2026-05-08,05:15:00,14.0,14.0,14.0,24.0,40.0,80.0,0.0,0.0,767.9,0.0,0.0,,,C,mm,km/h,mm
2129,2026-05-08,05:30:00,14.0,14.0,14.0,24.0,40.0,78.0,0.0,0.0,767.9,0.0,0.0,,,C,mm,km/h,mm
2130,2026-05-08,05:45:00,14.0,14.0,14.0,24.0,40.0,79.0,0.0,0.0,768.0,0.0,0.0,,,C,mm,km/h,mm
2131,2026-05-08,06:00:00,14.0,14.0,14.0,24.0,40.0,79.0,0.0,0.0,768.1,0.0,0.0,,,C,mm,km/h,mm
2132,2026-05-08,06:15:00,14.0,14.0,14.0,24.0,41.0,79.0,0.0,0.0,768.2,0.0,0.0,,,C,mm,km/h,mm
2133,2026-05-08,06:30:00,15.0,15.0,14.0,24.0,41.0,77.0,0.0,0.0,768.3,0.0,0.0,,,C,mm,km/h,mm
2134,2026-05-08,06:45:00,16.0,16.0,15.0,24.0,42.0,74.0,0.0,0.0,768.2,0.0,0.0,,,C,mm,km/h,mm
2135,2026-05-08,07:00:00,17.0,17.0,16.0,24.0,41.0,71.0,0.0,0.0,768.4,0.0,0.0,,,C,mm,km/h,mm
2136,2026-05-08,07:15:00,18.0,18.0,17.0,24.0,41.0,67.0,0.0,0.0,768.3,0.0,0.0,,,C,mm,km/h,mm
2137,2026-05-08,07:30:00,19.0,19.0,18.0,24.0,41.0,64.0,0.0,0.0,768.3,0.0,0.0,,,C,mm,km/h,mm
2138,2026-05-08,07:45:00,20.0,20.0,19.0,24.0,41.0,60.0,0.0,0.0,768.4,0.0,1.6,E,E,C,mm,km/h,mm
2139,2026-05-08,08:00:00,21.0,21.0,20.0,25.0,41.0,57.0,0.0,0.0,768.3,0.0,1.6,ESE,ESE,C,mm,km/h,mm
2140,2026-05-08,08:15:00,22.0,22.0,21.0,24.0,41.0,53.0,0.0,0.0,768.3,0.0,1.6,SE,ESE,C,mm,km/h,mm
2141,2026-05-08,08:30:00,23.0,23.0,22.0,24.0,41.0,51.0,0.0,0.0,768.3,0.0,3.2,E,E,C,mm,km/h,mm
2142,2026-05-08,08:45:00,23.0,23.0,23.0,25.0,41.0,52.0,0.0,0.0,768.3,0.0,3.2,SE,E,C,mm,km/h,mm
2143,2026-05-08,09:00:00,24.0,24.0,23.0,25.0,41.0,48.0,0.0,0.0,768.2,0.0,1.6,SE,SE,C,mm,km/h,mm
2144,2026-05-08,09:15:00,26.0,26.0,24.0,25.0,41.0,44.0,0.0,0.0,768.1,0.0,4.8,NE,NE,C,mm,km/h,mm
2145,2026-05-08,09:30:00,26.0,27.0,26.0,25.0,40.0,42.0,0.0,0.0,768.0,0.0,4.8,NE,NE,C,mm,km/h,mm
2146,2026-05-08,09:45:00,26.0,26.0,26.0,24.0,37.0,43.0,0.0,0.0,767.9,1.6,9.7,SSE,N,C,mm,km/h,mm
2147,2026-05-08,10:00:00,27.0,27.0,26.0,24.0,35.0,39.0,0.0,0.0,767.7,3.2,11.3,NW,N,C,mm,km/h,mm
2148,2026-05-08,10:15:00,28.0,28.0,27.0,24.0,33.0,38.0,0.0,0.0,767.5,1.6,8.0,ESE,N,C,mm,km/h,mm
2149,2026-05-08,10:30:00,28.0,28.0,27.0,23.0,32.0,37.0,0.0,0.0,767.4,1.6,8.0,NW,NW,C,mm,km/h,mm
2150,2026-05-08,10:45:00,28.0,28.0,28.0,23.0,32.0,36.0,0.0,0.0,767.1,1.6,9.7,NNW,SW,C,mm,km/h,mm
2151,2026-05-08,11:00:00,27.0,28.0,27.0,23.0,32.0,37.0,0.0,0.0,766.9,1.6,11.3,SSE,NNW,C,mm,km/h,mm
2152,2026-05-08,11:15:00,27.0,27.0,27.0,23.0,32.0,37.0,0.0,0.0,766.9,1.6,8.0,NE,W,C,mm,km/h,mm
2153,2026-05-08,11:30:00,26.0,27.0,26.0,23.0,32.0,40.0,0.0,0.0,766.7,0.0,3.2,NE,NE,C,mm,km/h,mm
2154,2026-05-08,11:45:00,27.0,27.0,26.0,22.0,32.0,38.0,0.0,0.0,766.5,1.6,11.3,NW,NW,C,mm,km/h,mm
2155,2026-05-08,12:00:00,28.0,28.0,27.0,22.0,32.0,38.0,0.0,0.0,766.3,0.0,8.0,NW,W,C,mm,km/h,mm
2156,2026-05-08,12:15:00,28.0,28.0,28.0,22.0,32.0,37.0,0.0,0.0,766.0,1.6,11.3,NW,W,C,mm,km/h,mm
2157,2026-05-08,12:30:00,29.0,29.0,28.0,22.0,33.0,34.0,0.0,0.0,765.9,1.6,11.3,WNW,NW,C,mm,km/h,mm
2158,2026-05-08,12:45:00,29.0,30.0,29.0,22.0,33.0,34.0,0.0,0.0,765.6,3.2,8.0,NNW,WNW,C,mm,km/h,mm
2159,2026-05-08,13:00:00,30.0,30.0,29.0,22.0,35.0,33.0,0.0,0.0,765.7,3.2,11.3,NE,NE,C,mm,km/h,mm
2160,2026-05-08,13:15:00,29.0,30.0,29.0,22.0,36.0,34.0,0.0,0.0,765.4,1.6,8.0,NNE,NNE,C,mm,km/h,mm
2161,2026-05-08,13:30:00,27.0,29.0,27.0,22.0,36.0,38.0,0.0,0.0,765.4,1.6,9.7,NNW,W,C,mm,km/h,mm
2162,2026-05-08,13:45:00,24.0,27.0,24.0,22.0,36.0,48.0,0.0,0.0,765.6,4.8,19.3,ESE,ESE,C,mm,km/h,mm
2163,2026-05-08,14:00:00,23.0,24.0,23.0,23.0,35.0,50.0,0.0,0.0,765.4,4.8,17.7,NW,WNW,C,mm,km/h,mm
2164,2026-05-08,14:15:00,24.0,24.0,23.0,23.0,35.0,50.0,0.0,0.0,765.5,4.8,20.9,NW,SW,C,mm,km/h,mm
2165,2026-05-08,14:30:00,23.0,24.0,23.0,23.0,35.0,52.0,0.0,0.0,766.1,1.6,8.0,SSE,N,C,mm,km/h,mm
2166,2026-05-08,14:45:00,21.0,23.0,21.0,23.0,36.0,64.0,0.6,12.8,765.7,1.6,8.0,NNE,N,C,mm,km/h,mm
2167,2026-05-08,15:00:00,20.0,21.0,20.0,23.0,37.0,69.0,0.0,0.8,765.5,0.0,8.0,NE,NNE,C,mm,km/h,mm
2168,2026-05-08,15:15:00,21.0,21.0,20.0,23.0,38.0,65.0,0.0,0.0,765.2,1.6,16.1,NW,NNW,C,mm,km/h,mm
2169,2026-05-08,15:30:00,22.0,22.0,21.0,23.0,39.0,60.0,0.0,0.0,765.3,3.2,16.1,NW,SW,C,mm,km/h,mm
2170,2026-05-08,15:45:00,23.0,23.0,22.0,23.0,40.0,54.0,0.0,0.0,765.4,4.8,17.7,NNW,N,C,mm,km/h,mm
2171,2026-05-08,16:00:00,23.0,23.0,22.0,23.0,41.0,52.0,0.0,0.0,765.4,1.6,11.3,NNW,NE,C,mm,km/h,mm
2172,2026-05-08,16:15:00,23.0,23.0,23.0,23.0,41.0,52.0,0.0,0.0,765.0,3.2,11.3,NNW,N,C,mm,km/h,mm
2173,2026-05-08,16:30:00,24.0,24.0,23.0,23.0,41.0,52.0,0.0,0.0,765.2,3.2,14.5,NNW,NNW,C,mm,km/h,mm
2174,2026-05-08,16:45:00,24.0,24.0,24.0,23.0,42.0,45.0,0.0,0.0,765.3,4.8,12.9,NW,WNW,C,mm,km/h,mm
2175,2026-05-08,17:00:00,23.0,24.0,23.0,24.0,42.0,45.0,0.0,0.0,765.3,1.6,8.0,NNW,NNW,C,mm,km/h,mm
2176,2026-05-08,17:15:00,23.0,23.0,23.0,24.0,42.0,46.0,0.0,0.0,765.4,1.6,6.4,NW,WSW,C,mm,km/h,mm
2177,2026-05-08,17:30:00,22.0,23.0,22.0,24.0,42.0,49.0,0.0,0.0,765.6,0.0,6.4,NE,NW,C,mm,km/h,mm
2178,2026-05-08,17:45:00,22.0,22.0,22.0,24.0,41.0,50.0,0.0,0.0,765.7,3.2,14.5,NNW,N,C,mm,km/h,mm
2179,2026-05-08,18:00:00,22.0,22.0,22.0,24.0,41.0,49.0,0.0,0.0,766.1,3.2,14.5,NNW,WNW,C,mm,km/h,mm
2180,2026-05-08,18:15:00,22.0,22.0,22.0,24.0,41.0,52.0,0.0,0.0,766.4,1.6,16.1,NNW,NE,C,mm,km/h,mm
2181,2026-05-08,18:30:00,21.0,22.0,21.0,24.0,41.0,54.0,0.0,0.0,766.5,0.0,4.8,NE,ENE,C,mm,km/h,mm
2182,2026-05-08,18:45:00,21.0,21.0,21.0,24.0,41.0,58.0,0.0,0.0,766.6,1.6,6.4,NE,NNE,C,mm,km/h,mm
2183,2026-05-08,19:00:00,21.0,21.0,21.0,24.0,41.0,57.0,0.0,0.0,766.7,1.6,9.7,NNE,NNE,C,mm,km/h,mm
2184,2026-05-08,19:15:00,21.0,21.0,21.0,24.0,41.0,59.0,0.0,0.0,766.8,1.6,14.5,NE,ENE,C,mm,km/h,mm
2185,2026-05-08,19:30:00,21.0,21.0,20.0,24.0,42.0,60.0,0.0,0.0,767.0,1.6,12.9,NE,NNE,C,mm,km/h,mm
2186,2026-05-08,19:45:00,20.0,21.0,20.0,24.0,42.0,63.0,0.0,0.0,767.2,0.0,4.8,NNW,NW,C,mm,km/h,mm
2187,2026-05-08,20:00:00,20.0,20.0,20.0,24.0,42.0,61.0,0.0,0.0,767.4,0.0,3.2,SSW,SSW,C,mm,km/h,mm
2188,2026-05-08,20:15:00,19.0,20.0,19.0,24.0,42.0,58.0,0.0,0.0,767.9,0.0,4.8,NE,NE,C,mm,km/h,mm
2189,2026-05-08,20:30:00,19.0,19.0,19.0,24.0,41.0,59.0,0.0,0.0,767.9,0.0,3.2,NNE,N,C,mm,km/h,mm
2190,2026-05-08,20:45:00,19.0,19.0,19.0,24.0,41.0,61.0,0.0,0.0,768.3,0.0,1.6,ENE,ENE,C,mm,km/h,mm
2191,2026-05-08,21:00:00,18.0,19.0,18.0,24.0,41.0,62.0,0.0,0.0,768.4,0.0,0.0,,,C,mm,km/h,mm
2192,2026-05-08,21:15:00,18.0,18.0,18.0,24.0,42.0,65.0,0.0,0.0,768.7,0.0,6.4,SSE,SSE,C,mm,km/h,mm
2193,2026-05-08,21:30:00,18.0,18.0,18.0,24.0,42.0,65.0,0.0,0.0,768.9,1.6,9.7,SE,S,C,mm,km/h,mm
2194,2026-05-08,21:45:00,18.0,18.0,18.0,24.0,42.0,66.0,0.0,0.0,769.1,0.0,3.2,SSE,SSE,C,mm,km/h,mm
2195,2026-05-08,22:00:00,18.0,18.0,18.0,24.0,42.0,67.0,0.0,0.0,769.1,0.0,0.0,,,C,mm,km/h,mm
2196,2026-05-08,22:15:00,18.0,18.0,18.0,24.0,42.0,63.0,0.0,0.0,769.1,0.0,4.8,SE,SE,C,mm,km/h,mm
2197,2026-05-08,22:30:00,18.0,18.0,18.0,24.0,42.0,64.0,0.0,0.0,769.0,0.0,4.8,SE,SSE,C,mm,km/h,mm
2198,2026-05-08,22:45:00,18.0,18.0,18.0,24.0,42.0,65.0,0.0,0.0,769.0,0.0,8.0,SE,SE,C,mm,km/h,mm
2199,2026-05-08,23:00:00,17.0,18.0,17.0,24.0,42.0,67.0,0.0,0.0,768.8,1.6,6.4,SSE,SSE,C,mm,km/h,mm
2200,2026-05-08,23:15:00,17.0,17.0,17.0,24.0,42.0,69.0,0.0,0.0,768.8,0.0,4.8,SSE,SE,C,mm,km/h,mm
2201,2026-05-08,23:30:00,17.0,17.0,17.0,24.0,42.0,68.0,0.0,0.0,768.6,0.0,6.4,SSE,SSE,C,mm,km/h,mm
2202,2026-05-08,23:45:00,17.0,17.0,17.0,24.0,42.0,67.0,0.0,0.0,768.6,0.0,4.8,SE,ESE,C,mm,km/h,mm
2203,2026-05-09,00:15:00,17.0,17.0,17.0,24.0,42.0,71.0,0.0,0.0,768.3,0.0,0.0,,,C,mm,km/h,mm
2204,2026-05-09,00:30:00,16.0,17.0,16.0,24.0,42.0,73.0,0.0,0.0,768.3,0.0,0.0,,,C,mm,km/h,mm
2205,2026-05-09,00:45:00,15.0,16.0,15.0,24.0,42.0,76.0,0.0,0.0,768.1,0.0,0.0,,,C,mm,km/h,mm
2206,2026-05-09,01:00:00,15.0,15.0,15.0,24.0,42.0,78.0,0.0,0.0,767.9,0.0,0.0,,,C,mm,km/h,mm
2207,2026-05-09,01:15:00,14.0,15.0,14.0,24.0,42.0,79.0,0.0,0.0,767.6,0.0,0.0,,,C,mm,km/h,mm
2208,2026-05-09,01:30:00,14.0,14.0,14.0,24.0,42.0,81.0,0.0,0.0,767.6,0.0,0.0,,,C,mm,km/h,mm
2209,2026-05-09,01:45:00,14.0,14.0,14.0,24.0,42.0,82.0,0.0,0.0,767.5,0.0,0.0,,,C,mm,km/h,mm
2210,2026-05-09,02:00:00,14.0,14.0,14.0,24.0,42.0,82.0,0.0,0.0,767.4,0.0,0.0,,,C,mm,km/h,mm
2211,2026-05-09,02:15:00,14.0,14.0,13.0,24.0,42.0,83.0,0.0,0.0,767.4,0.0,0.0,,,C,mm,km/h,mm
2212,2026-05-09,02:30:00,14.0,14.0,14.0,24.0,42.0,83.0,0.0,0.0,767.3,0.0,0.0,,,C,mm,km/h,mm
2213,2026-05-09,02:45:00,14.0,14.0,14.0,24.0,42.0,83.0,0.0,0.0,767.2,0.0,0.0,,,C,mm,km/h,mm
2214,2026-05-09,03:00:00,14.0,14.0,14.0,24.0,43.0,84.0,0.0,0.0,767.1,0.0,0.0,,,C,mm,km/h,mm
2215,2026-05-09,03:15:00,14.0,14.0,14.0,24.0,43.0,85.0,0.0,0.0,767.1,0.0,0.0,,,C,mm,km/h,mm
2216,2026-05-09,03:30:00,14.0,14.0,14.0,24.0,43.0,85.0,0.0,0.0,766.9,0.0,0.0,,,C,mm,km/h,mm
2217,2026-05-09,03:45:00,13.0,14.0,13.0,24.0,43.0,86.0,0.0,0.0,767.0,0.0,0.0,,,C,mm,km/h,mm
2218,2026-05-09,04:00:00,13.0,13.0,13.0,24.0,43.0,88.0,0.0,0.0,767.0,0.0,0.0,,,C,mm,km/h,mm
2219,2026-05-09,04:15:00,13.0,13.0,13.0,24.0,43.0,88.0,0.0,0.0,767.1,0.0,0.0,,,C,mm,km/h,mm
2220,2026-05-09,04:30:00,13.0,13.0,13.0,24.0,43.0,87.0,0.0,0.0,767.1,0.0,0.0,,,C,mm,km/h,mm
2221,2026-05-09,04:45:00,13.0,13.0,13.0,24.0,43.0,88.0,0.0,0.0,767.2,0.0,0.0,,,C,mm,km/h,mm
2222,2026-05-09,05:00:00,13.0,13.0,13.0,24.0,43.0,87.0,0.0,0.0,767.1,0.0,0.0,,,C,mm,km/h,mm
2223,2026-05-09,05:15:00,12.0,13.0,12.0,24.0,43.0,89.0,0.0,0.0,767.1,0.0,0.0,,,C,mm,km/h,mm
2224,2026-05-09,05:30:00,13.0,13.0,12.0,24.0,43.0,89.0,0.0,0.0,767.2,0.0,0.0,,,C,mm,km/h,mm
2225,2026-05-09,05:45:00,13.0,13.0,13.0,24.0,43.0,89.0,0.0,0.0,767.4,0.0,0.0,,,C,mm,km/h,mm
2226,2026-05-09,06:00:00,13.0,13.0,13.0,24.0,43.0,89.0,0.0,0.0,767.4,0.0,0.0,,,C,mm,km/h,mm
2227,2026-05-09,06:15:00,13.0,13.0,13.0,24.0,43.0,89.0,0.0,0.0,767.4,0.0,0.0,,,C,mm,km/h,mm
2228,2026-05-09,06:30:00,13.0,13.0,13.0,24.0,43.0,89.0,0.0,0.0,767.7,0.0,0.0,,,C,mm,km/h,mm
2229,2026-05-09,06:45:00,14.0,14.0,13.0,24.0,43.0,85.0,0.0,0.0,767.8,0.0,0.0,,,C,mm,km/h,mm
2230,2026-05-09,07:00:00,15.0,15.0,14.0,24.0,43.0,81.0,0.0,0.0,767.8,0.0,0.0,,,C,mm,km/h,mm
2231,2026-05-09,07:15:00,17.0,17.0,15.0,24.0,43.0,74.0,0.0,0.0,767.9,0.0,0.0,,,C,mm,km/h,mm
2232,2026-05-09,07:30:00,18.0,18.0,17.0,24.0,43.0,70.0,0.0,0.0,768.0,0.0,0.0,,,C,mm,km/h,mm
2233,2026-05-09,07:45:00,19.0,19.0,18.0,24.0,43.0,64.0,0.0,0.0,768.0,0.0,1.6,ESE,ESE,C,mm,km/h,mm
2234,2026-05-09,08:00:00,20.0,20.0,19.0,24.0,43.0,62.0,0.0,0.0,768.2,0.0,3.2,ESE,ESE,C,mm,km/h,mm
2235,2026-05-09,08:15:00,20.0,20.0,20.0,24.0,43.0,59.0,0.0,0.0,768.2,0.0,3.2,SE,SE,C,mm,km/h,mm
2236,2026-05-09,08:30:00,21.0,21.0,20.0,24.0,43.0,58.0,0.0,0.0,768.3,0.0,4.8,SSE,SSE,C,mm,km/h,mm
2237,2026-05-09,08:45:00,23.0,23.0,21.0,24.0,43.0,53.0,0.0,0.0,768.2,0.0,1.6,NE,NE,C,mm,km/h,mm
2238,2026-05-09,09:00:00,24.0,24.0,23.0,24.0,43.0,50.0,0.0,0.0,768.1,0.0,1.6,N,NE,C,mm,km/h,mm
2239,2026-05-09,09:15:00,24.0,24.0,24.0,24.0,43.0,48.0,0.0,0.0,768.1,0.0,4.8,NNE,NNE,C,mm,km/h,mm
2240,2026-05-09,09:30:00,25.0,25.0,24.0,24.0,43.0,46.0,0.0,0.0,768.1,0.0,3.2,NE,NE,C,mm,km/h,mm
2241,2026-05-09,09:45:00,25.0,25.0,25.0,24.0,43.0,43.0,0.0,0.0,768.1,1.6,8.0,NW,NNW,C,mm,km/h,mm
2242,2026-05-09,10:00:00,26.0,26.0,25.0,24.0,42.0,42.0,0.0,0.0,767.9,1.6,6.4,NW,NW,C,mm,km/h,mm
2243,2026-05-09,10:15:00,26.0,26.0,25.0,24.0,42.0,43.0,0.0,0.0,767.8,1.6,8.0,SE,SSE,C,mm,km/h,mm
2244,2026-05-09,10:30:00,26.0,26.0,26.0,24.0,42.0,43.0,0.0,0.0,767.7,1.6,11.3,SE,N,C,mm,km/h,mm
2245,2026-05-09,10:45:00,27.0,27.0,26.0,24.0,42.0,42.0,0.0,0.0,767.6,0.0,6.4,SSE,NE,C,mm,km/h,mm
2246,2026-05-09,11:00:00,26.0,27.0,26.0,24.0,42.0,40.0,0.0,0.0,767.5,1.6,6.4,NE,NNE,C,mm,km/h,mm
2247,2026-05-09,11:15:00,27.0,27.0,26.0,24.0,42.0,40.0,0.0,0.0,767.4,3.2,8.0,SSE,WSW,C,mm,km/h,mm
2248,2026-05-09,11:30:00,26.0,27.0,26.0,24.0,42.0,41.0,0.0,0.0,767.4,3.2,9.7,SE,SSE,C,mm,km/h,mm
2249,2026-05-09,11:45:00,27.0,27.0,26.0,24.0,42.0,38.0,0.0,0.0,767.3,3.2,8.0,SSW,ESE,C,mm,km/h,mm
2250,2026-05-09,12:00:00,27.0,28.0,27.0,24.0,42.0,37.0,0.0,0.0,767.1,3.2,9.7,SE,S,C,mm,km/h,mm
2251,2026-05-09,12:15:00,27.0,27.0,27.0,24.0,42.0,36.0,0.0,0.0,767.1,1.6,8.0,SE,SW,C,mm,km/h,mm
2252,2026-05-09,12:30:00,25.0,27.0,25.0,24.0,42.0,38.0,0.0,0.0,767.0,3.2,8.0,SE,E,C,mm,km/h,mm
2253,2026-05-09,12:45:00,25.0,25.0,25.0,24.0,41.0,39.0,0.0,0.0,766.9,3.2,9.7,SSE,SSE,C,mm,km/h,mm
2254,2026-05-09,13:00:00,25.0,25.0,25.0,24.0,41.0,39.0,0.0,0.0,766.6,3.2,12.9,SSE,S,C,mm,km/h,mm
2255,2026-05-09,13:15:00,26.0,26.0,25.0,24.0,41.0,39.0,0.0,0.0,766.8,3.2,22.5,SE,NW,C,mm,km/h,mm
2256,2026-05-09,13:30:00,26.0,26.0,25.0,24.0,41.0,39.0,0.0,0.0,766.5,6.4,17.7,NNW,NNW,C,mm,km/h,mm
2257,2026-05-09,13:45:00,24.0,26.0,24.0,24.0,41.0,41.0,0.0,0.0,766.5,6.4,17.7,NW,NE,C,mm,km/h,mm
2258,2026-05-09,14:00:00,25.0,25.0,24.0,24.0,41.0,38.0,0.0,0.0,766.3,1.6,9.7,NE,NW,C,mm,km/h,mm
2259,2026-05-09,14:15:00,23.0,25.0,23.0,24.0,40.0,43.0,0.0,0.0,766.7,4.8,17.7,SSE,SW,C,mm,km/h,mm
2260,2026-05-09,14:30:00,22.0,23.0,22.0,24.0,40.0,46.0,0.0,0.0,766.8,4.8,14.5,SSE,SSE,C,mm,km/h,mm
2261,2026-05-09,14:45:00,21.0,22.0,21.0,24.0,40.0,53.0,0.0,0.0,766.9,4.8,14.5,WNW,WNW,C,mm,km/h,mm
2262,2026-05-09,15:00:00,21.0,21.0,21.0,24.0,40.0,54.0,0.0,0.0,766.6,4.8,17.7,NW,NW,C,mm,km/h,mm
2263,2026-05-09,15:15:00,21.0,21.0,21.0,24.0,40.0,54.0,0.0,0.0,766.6,1.6,11.3,NW,W,C,mm,km/h,mm
2264,2026-05-09,15:30:00,20.0,21.0,20.0,24.0,40.0,57.0,0.0,0.0,766.5,4.8,12.9,WNW,N,C,mm,km/h,mm
2265,2026-05-09,15:45:00,21.0,21.0,20.0,24.0,40.0,56.0,0.0,0.0,766.4,1.6,8.0,WNW,N,C,mm,km/h,mm
2266,2026-05-09,16:00:00,21.0,22.0,21.0,24.0,40.0,51.0,0.0,0.0,766.4,1.6,8.0,SSE,SSE,C,mm,km/h,mm
2267,2026-05-09,16:15:00,21.0,21.0,21.0,24.0,40.0,51.0,0.0,0.0,766.1,3.2,12.9,SSE,SSE,C,mm,km/h,mm
2268,2026-05-09,16:30:00,22.0,22.0,21.0,24.0,40.0,51.0,0.0,0.0,765.9,1.6,6.4,SE,SSE,C,mm,km/h,mm
2269,2026-05-09,16:45:00,22.0,23.0,22.0,24.0,40.0,49.0,0.0,0.0,766.0,0.0,6.4,SE,SSE,C,mm,km/h,mm
2270,2026-05-09,17:00:00,22.0,22.0,22.0,24.0,40.0,49.0,0.0,0.0,765.8,0.0,4.8,SSE,ESE,C,mm,km/h,mm
2271,2026-05-09,17:15:00,22.0,23.0,22.0,24.0,40.0,48.0,0.0,0.0,765.9,0.0,6.4,N,NW,C,mm,km/h,mm
2272,2026-05-09,17:30:00,22.0,22.0,22.0,24.0,40.0,49.0,0.0,0.0,765.9,0.0,0.0,,,C,mm,km/h,mm
2273,2026-05-09,17:45:00,22.0,22.0,22.0,24.0,40.0,49.0,0.0,0.0,766.0,0.0,0.0,,,C,mm,km/h,mm
2274,2026-05-09,18:00:00,22.0,22.0,22.0,24.0,40.0,49.0,0.0,0.0,766.3,0.0,0.0,,,C,mm,km/h,mm
2275,2026-05-09,18:15:00,21.0,22.0,21.0,24.0,40.0,51.0,0.0,0.0,766.5,0.0,0.0,,,C,mm,km/h,mm
2276,2026-05-09,18:30:00,20.0,21.0,20.0,24.0,40.0,53.0,0.0,0.0,766.7,0.0,0.0,,,C,mm,km/h,mm
2277,2026-05-09,18:45:00,20.0,20.0,20.0,24.0,40.0,55.0,0.0,0.0,767.0,0.0,0.0,,,C,mm,km/h,mm
2278,2026-05-09,19:00:00,19.0,20.0,19.0,24.0,40.0,57.0,0.0,0.0,767.2,0.0,0.0,,,C,mm,km/h,mm
2279,2026-05-09,19:15:00,20.0,20.0,19.0,24.0,40.0,55.0,0.0,0.0,767.5,0.0,0.0,,,C,mm,km/h,mm
2280,2026-05-09,19:30:00,20.0,20.0,20.0,24.0,40.0,53.0,0.0,0.0,767.7,0.0,1.6,NNE,NNE,C,mm,km/h,mm
2281,2026-05-09,19:45:00,21.0,21.0,20.0,24.0,40.0,53.0,0.0,0.0,767.9,1.6,12.9,NNW,NW,C,mm,km/h,mm
2282,2026-05-09,20:00:00,20.0,21.0,20.0,24.0,40.0,54.0,0.0,0.0,768.0,0.0,4.8,N,NNW,C,mm,km/h,mm
2283,2026-05-09,20:15:00,20.0,20.0,20.0,24.0,40.0,56.0,0.0,0.0,768.2,0.0,4.8,WNW,WNW,C,mm,km/h,mm
2284,2026-05-09,20:30:00,20.0,20.0,20.0,24.0,40.0,57.0,0.0,0.0,768.4,1.6,6.4,NNW,N,C,mm,km/h,mm
2285,2026-05-09,20:45:00,20.0,20.0,20.0,24.0,40.0,58.0,0.0,0.0,768.6,0.0,1.6,NE,NNW,C,mm,km/h,mm
2286,2026-05-09,21:00:00,20.0,20.0,20.0,24.0,40.0,57.0,0.0,0.0,768.8,0.0,6.4,NNW,NW,C,mm,km/h,mm
2287,2026-05-09,21:15:00,20.0,20.0,20.0,24.0,40.0,57.0,0.0,0.0,768.9,1.6,8.0,NNW,NW,C,mm,km/h,mm
2288,2026-05-09,21:30:00,20.0,20.0,20.0,24.0,40.0,57.0,0.0,0.0,769.1,1.6,6.4,NNW,NW,C,mm,km/h,mm
2289,2026-05-09,21:45:00,19.0,20.0,19.0,24.0,40.0,58.0,0.0,0.0,769.1,1.6,6.4,NW,NNE,C,mm,km/h,mm
2290,2026-05-09,22:00:00,19.0,19.0,19.0,24.0,40.0,61.0,0.0,0.0,769.2,3.2,12.9,WNW,NW,C,mm,km/h,mm
2291,2026-05-09,22:15:00,19.0,19.0,19.0,24.0,40.0,61.0,0.0,0.0,769.3,1.6,8.0,NW,NW,C,mm,km/h,mm
2292,2026-05-09,22:30:00,18.0,19.0,18.0,24.0,40.0,62.0,0.0,0.0,769.3,0.0,6.4,NW,WNW,C,mm,km/h,mm
2293,2026-05-09,22:45:00,18.0,18.0,18.0,24.0,40.0,63.0,0.0,0.0,769.5,0.0,3.2,WNW,NW,C,mm,km/h,mm
2294,2026-05-09,23:00:00,18.0,18.0,18.0,24.0,40.0,60.0,0.0,0.0,769.4,0.0,6.4,NNW,NNE,C,mm,km/h,mm
2295,2026-05-09,23:15:00,18.0,18.0,18.0,24.0,40.0,60.0,0.0,0.0,769.2,3.2,11.3,WNW,WSW,C,mm,km/h,mm
2296,2026-05-09,23:30:00,18.0,18.0,18.0,24.0,40.0,61.0,0.0,0.0,769.2,1.6,9.7,WNW,SSW,C,mm,km/h,mm
2297,2026-05-09,23:45:00,18.0,18.0,18.0,24.0,40.0,65.0,0.0,0.0,769.2,1.6,8.0,NNW,NW,C,mm,km/h,mm
2298,2026-05-10,00:15:00,18.0,18.0,18.0,24.0,40.0,65.0,0.0,0.0,768.8,0.0,6.4,NW,WSW,C,mm,km/h,mm
2299,2026-05-10,00:30:00,18.0,18.0,18.0,24.0,40.0,66.0,0.0,0.0,768.7,0.0,4.8,E,E,C,mm,km/h,mm
2300,2026-05-10,00:45:00,17.0,18.0,17.0,24.0,40.0,66.0,0.0,0.0,768.7,0.0,0.0,,,C,mm,km/h,mm
2301,2026-05-10,01:00:00,17.0,17.0,17.0,24.0,40.0,67.0,0.0,0.0,768.6,0.0,0.0,,,C,mm,km/h,mm
2302,2026-05-10,01:15:00,17.0,17.0,17.0,24.0,40.0,67.0,0.0,0.0,768.5,0.0,0.0,,,C,mm,km/h,mm
2303,2026-05-10,01:30:00,16.0,17.0,16.0,24.0,40.0,68.0,0.0,0.0,768.3,0.0,0.0,,,C,mm,km/h,mm
2304,2026-05-10,01:45:00,16.0,16.0,16.0,24.0,41.0,70.0,0.0,0.0,768.1,0.0,0.0,,,C,mm,km/h,mm
2305,2026-05-10,02:00:00,16.0,16.0,16.0,24.0,41.0,72.0,0.0,0.0,768.0,0.0,0.0,,,C,mm,km/h,mm
2306,2026-05-10,02:15:00,15.0,16.0,15.0,24.0,41.0,72.0,0.0,0.0,768.0,0.0,0.0,,,C,mm,km/h,mm
2307,2026-05-10,02:30:00,15.0,16.0,15.0,24.0,41.0,71.0,0.0,0.0,767.9,0.0,0.0,,,C,mm,km/h,mm
2308,2026-05-10,02:45:00,15.0,15.0,15.0,24.0,41.0,73.0,0.0,0.0,767.8,0.0,0.0,,,C,mm,km/h,mm
2309,2026-05-10,03:00:00,14.0,15.0,14.0,24.0,41.0,75.0,0.0,0.0,767.8,0.0,0.0,,,C,mm,km/h,mm
2310,2026-05-10,03:15:00,14.0,14.0,14.0,24.0,41.0,75.0,0.0,0.0,767.7,0.0,0.0,,,C,mm,km/h,mm
2311,2026-05-10,03:30:00,13.0,14.0,13.0,24.0,41.0,78.0,0.0,0.0,767.7,0.0,0.0,,,C,mm,km/h,mm
2312,2026-05-10,03:45:00,13.0,13.0,13.0,24.0,41.0,79.0,0.0,0.0,767.7,0.0,0.0,,,C,mm,km/h,mm
2313,2026-05-10,04:00:00,12.0,13.0,12.0,24.0,41.0,81.0,0.0,0.0,767.6,0.0,0.0,,,C,mm,km/h,mm
2314,2026-05-10,04:15:00,12.0,12.0,12.0,24.0,41.0,84.0,0.0,0.0,767.6,0.0,0.0,,,C,mm,km/h,mm
2315,2026-05-10,04:30:00,12.0,12.0,12.0,24.0,41.0,87.0,0.0,0.0,767.8,0.0,0.0,,,C,mm,km/h,mm
2316,2026-05-10,04:45:00,13.0,13.0,12.0,24.0,41.0,84.0,0.0,0.0,767.9,0.0,0.0,,,C,mm,km/h,mm
2317,2026-05-10,05:00:00,12.0,13.0,12.0,24.0,41.0,85.0,0.0,0.0,767.9,0.0,0.0,,,C,mm,km/h,mm
2318,2026-05-10,05:15:00,12.0,12.0,12.0,24.0,41.0,87.0,0.0,0.0,768.0,0.0,0.0,,,C,mm,km/h,mm
2319,2026-05-10,05:30:00,12.0,12.0,12.0,23.0,42.0,87.0,0.0,0.0,768.1,0.0,0.0,,,C,mm,km/h,mm
2320,2026-05-10,05:45:00,12.0,12.0,12.0,23.0,42.0,89.0,0.0,0.0,768.2,0.0,0.0,,,C,mm,km/h,mm
2321,2026-05-10,06:00:00,13.0,13.0,12.0,23.0,42.0,89.0,0.0,0.0,768.3,0.0,0.0,,,C,mm,km/h,mm
2322,2026-05-10,06:15:00,13.0,13.0,13.0,23.0,42.0,88.0,0.0,0.0,768.6,0.0,0.0,,,C,mm,km/h,mm
2323,2026-05-10,06:30:00,14.0,14.0,13.0,23.0,42.0,84.0,0.0,0.0,768.7,0.0,0.0,,,C,mm,km/h,mm
2324,2026-05-10,06:45:00,14.0,14.0,14.0,23.0,42.0,82.0,0.0,0.0,768.9,0.0,0.0,,,C,mm,km/h,mm
2325,2026-05-10,07:00:00,15.0,15.0,14.0,23.0,42.0,79.0,0.0,0.0,769.0,0.0,1.6,W,W,C,mm,km/h,mm
2326,2026-05-10,07:15:00,17.0,17.0,15.0,23.0,42.0,73.0,0.0,0.0,769.1,0.0,3.2,NNW,NW,C,mm,km/h,mm
2327,2026-05-10,07:30:00,18.0,18.0,17.0,23.0,42.0,69.0,0.0,0.0,769.2,0.0,1.6,NE,NE,C,mm,km/h,mm
2328,2026-05-10,07:45:00,18.0,18.0,18.0,23.0,42.0,67.0,0.0,0.0,769.3,0.0,3.2,ESE,ESE,C,mm,km/h,mm
2329,2026-05-10,08:00:00,19.0,19.0,18.0,23.0,42.0,64.0,0.0,0.0,769.4,0.0,1.6,E,ESE,C,mm,km/h,mm
2330,2026-05-10,08:15:00,20.0,20.0,19.0,23.0,43.0,61.0,0.0,0.0,769.4,0.0,3.2,WNW,WNW,C,mm,km/h,mm
2331,2026-05-10,08:30:00,21.0,21.0,20.0,23.0,42.0,56.0,0.0,0.0,769.5,0.0,4.8,NNW,NNW,C,mm,km/h,mm
2332,2026-05-10,08:45:00,22.0,22.0,21.0,23.0,42.0,55.0,0.0,0.0,769.7,0.0,8.0,NW,N,C,mm,km/h,mm
2333,2026-05-10,09:00:00,22.0,22.0,22.0,23.0,42.0,53.0,0.0,0.0,769.7,0.0,8.0,NW,NNW,C,mm,km/h,mm
2334,2026-05-10,09:15:00,22.0,22.0,22.0,23.0,42.0,52.0,0.0,0.0,769.8,1.6,8.0,NE,NW,C,mm,km/h,mm
2335,2026-05-10,09:30:00,23.0,23.0,22.0,23.0,42.0,51.0,0.0,0.0,769.8,1.6,6.4,NNE,NNE,C,mm,km/h,mm
2336,2026-05-10,09:45:00,24.0,24.0,23.0,23.0,42.0,51.0,0.0,0.0,769.6,0.0,6.4,WNW,WNW,C,mm,km/h,mm
2337,2026-05-10,10:00:00,24.0,24.0,24.0,23.0,42.0,49.0,0.0,0.0,769.6,1.6,9.7,WNW,WSW,C,mm,km/h,mm
2338,2026-05-10,10:15:00,25.0,25.0,24.0,23.0,42.0,47.0,0.0,0.0,769.5,1.6,11.3,NW,WNW,C,mm,km/h,mm
2339,2026-05-10,10:30:00,25.0,25.0,24.0,23.0,42.0,45.0,0.0,0.0,769.4,1.6,8.0,NW,WNW,C,mm,km/h,mm
2340,2026-05-10,10:45:00,26.0,26.0,25.0,24.0,42.0,44.0,0.0,0.0,769.2,1.6,11.3,NW,NW,C,mm,km/h,mm
2341,2026-05-10,11:00:00,25.0,26.0,25.0,24.0,42.0,44.0,0.0,0.0,769.1,1.6,8.0,NNE,NNE,C,mm,km/h,mm
2342,2026-05-10,11:15:00,25.0,25.0,25.0,24.0,42.0,42.0,0.0,0.0,769.0,1.6,11.3,NNE,NNE,C,mm,km/h,mm
2343,2026-05-10,11:30:00,25.0,25.0,25.0,24.0,42.0,43.0,0.0,0.0,768.9,0.0,4.8,ESE,ESE,C,mm,km/h,mm
2344,2026-05-10,11:45:00,25.0,25.0,25.0,24.0,42.0,42.0,0.0,0.0,768.8,0.0,4.8,SE,SE,C,mm,km/h,mm
2345,2026-05-10,12:00:00,25.0,25.0,25.0,24.0,42.0,44.0,0.0,0.0,768.8,0.0,3.2,SE,SE,C,mm,km/h,mm
2346,2026-05-10,12:15:00,26.0,26.0,25.0,24.0,42.0,43.0,0.0,0.0,768.6,1.6,8.0,NE,NNW,C,mm,km/h,mm
2347,2026-05-10,12:30:00,26.0,26.0,26.0,24.0,42.0,41.0,0.0,0.0,768.5,1.6,8.0,NNE,NNE,C,mm,km/h,mm
2348,2026-05-10,12:45:00,27.0,27.0,26.0,24.0,42.0,41.0,0.0,0.0,768.1,1.6,9.7,NE,N,C,mm,km/h,mm
2349,2026-05-10,13:00:00,27.0,27.0,27.0,24.0,41.0,38.0,0.0,0.0,767.9,1.6,9.7,NNE,N,C,mm,km/h,mm
2350,2026-05-10,13:15:00,27.0,28.0,27.0,24.0,41.0,37.0,0.0,0.0,767.9,1.6,6.4,NNE,N,C,mm,km/h,mm
2351,2026-05-10,13:30:00,26.0,27.0,26.0,24.0,41.0,39.0,0.0,0.0,767.8,1.6,8.0,NNW,NNW,C,mm,km/h,mm
2352,2026-05-10,13:45:00,24.0,26.0,24.0,24.0,41.0,45.0,0.0,0.0,767.7,3.2,11.3,NW,WNW,C,mm,km/h,mm
2353,2026-05-10,14:00:00,20.0,24.0,20.0,24.0,42.0,67.0,2.4,38.6,767.9,1.6,6.4,NNE,NW,C,mm,km/h,mm
2354,2026-05-10,14:15:00,19.0,20.0,19.0,24.0,42.0,75.0,0.2,2.8,767.8,0.0,3.2,NE,NE,C,mm,km/h,mm
2355,2026-05-10,14:30:00,19.0,19.0,19.0,24.0,43.0,66.0,0.2,1.0,767.8,0.0,6.4,SE,SE,C,mm,km/h,mm
2356,2026-05-10,14:45:00,20.0,20.0,19.0,24.0,43.0,59.0,0.0,0.0,767.7,1.6,11.3,SSE,S,C,mm,km/h,mm
2357,2026-05-10,15:00:00,20.0,20.0,20.0,24.0,43.0,65.0,0.0,0.0,767.6,0.0,6.4,E,SSE,C,mm,km/h,mm
2358,2026-05-10,15:15:00,20.0,20.0,20.0,24.0,43.0,66.0,0.0,0.0,767.8,0.0,6.4,SE,SSE,C,mm,km/h,mm
2359,2026-05-10,15:30:00,20.0,20.0,20.0,24.0,43.0,65.0,0.0,0.0,767.6,0.0,6.4,SE,SSE,C,mm,km/h,mm
2360,2026-05-10,15:45:00,20.0,20.0,20.0,24.0,44.0,65.0,0.0,0.0,767.7,4.8,16.1,SSE,SSE,C,mm,km/h,mm
2361,2026-05-10,16:00:00,19.0,20.0,19.0,24.0,44.0,64.0,0.0,0.0,768.0,1.6,9.7,SSE,W,C,mm,km/h,mm
2362,2026-05-10,16:15:00,19.0,19.0,19.0,24.0,44.0,63.0,0.0,0.0,768.1,0.0,4.8,SSE,S,C,mm,km/h,mm
2363,2026-05-10,16:30:00,19.0,19.0,19.0,24.0,44.0,66.0,0.0,0.0,768.2,0.0,3.2,SSE,NNE,C,mm,km/h,mm
2364,2026-05-10,16:45:00,18.0,19.0,18.0,24.0,44.0,71.0,0.0,0.0,768.4,0.0,4.8,SE,SSE,C,mm,km/h,mm
2365,2026-05-10,17:00:00,17.0,18.0,17.0,24.0,44.0,75.0,0.0,0.0,768.6,0.0,4.8,SSE,SSE,C,mm,km/h,mm
2366,2026-05-10,17:15:00,17.0,17.0,17.0,24.0,44.0,78.0,0.0,0.0,768.6,0.0,8.0,SSE,SE,C,mm,km/h,mm
2367,2026-05-10,17:30:00,17.0,17.0,17.0,24.0,44.0,75.0,0.0,0.0,768.7,0.0,8.0,NE,NE,C,mm,km/h,mm
2368,2026-05-10,17:45:00,17.0,17.0,17.0,24.0,45.0,74.0,0.0,0.0,768.8,0.0,1.6,NE,NE,C,mm,km/h,mm
2369,2026-05-10,18:00:00,17.0,17.0,17.0,24.0,45.0,73.0,0.0,0.0,768.9,0.0,3.2,SE,SE,C,mm,km/h,mm
2370,2026-05-10,18:15:00,17.0,17.0,17.0,24.0,45.0,73.0,0.0,0.0,769.0,0.0,3.2,SE,SW,C,mm,km/h,mm
2371,2026-05-10,18:30:00,17.0,17.0,17.0,24.0,45.0,74.0,0.0,0.0,769.2,0.0,1.6,ESE,ENE,C,mm,km/h,mm
2372,2026-05-10,18:45:00,17.0,17.0,17.0,24.0,45.0,76.0,0.0,0.0,769.3,0.0,3.2,ESE,ESE,C,mm,km/h,mm
2373,2026-05-10,19:00:00,17.0,17.0,17.0,24.0,45.0,77.0,0.0,0.0,769.5,0.0,0.0,,,C,mm,km/h,mm
2374,2026-05-10,19:15:00,16.0,17.0,16.0,24.0,45.0,76.0,0.0,0.0,769.7,0.0,0.0,,,C,mm,km/h,mm
2375,2026-05-10,19:30:00,17.0,17.0,16.0,24.0,45.0,78.0,0.0,0.0,769.8,0.0,0.0,,,C,mm,km/h,mm
2376,2026-05-10,19:45:00,17.0,17.0,17.0,24.0,45.0,74.0,0.0,0.0,770.1,0.0,1.6,NE,NE,C,mm,km/h,mm
2377,2026-05-10,20:00:00,17.0,17.0,17.0,24.0,45.0,71.0,0.0,0.0,770.4,0.0,3.2,NNE,NE,C,mm,km/h,mm
2378,2026-05-10,20:15:00,17.0,17.0,17.0,24.0,45.0,70.0,0.0,0.0,770.7,0.0,1.6,NE,NE,C,mm,km/h,mm
2379,2026-05-10,20:30:00,17.0,17.0,17.0,24.0,45.0,71.0,0.0,0.0,770.8,0.0,0.0,,,C,mm,km/h,mm
2380,2026-05-10,20:45:00,17.0,17.0,17.0,24.0,45.0,73.0,0.0,0.0,771.0,0.0,1.6,NE,NE,C,mm,km/h,mm
2381,2026-05-10,21:00:00,17.0,17.0,17.0,24.0,45.0,74.0,0.0,0.0,771.1,0.0,3.2,NW,NW,C,mm,km/h,mm
2382,2026-05-10,21:15:00,17.0,17.0,17.0,24.0,45.0,76.0,0.0,0.0,771.2,0.0,1.6,E,NE,C,mm,km/h,mm
2383,2026-05-10,21:30:00,17.0,17.0,17.0,24.0,45.0,75.0,0.0,0.0,771.3,0.0,1.6,E,E,C,mm,km/h,mm
2384,2026-05-10,21:45:00,17.0,17.0,17.0,23.0,45.0,76.0,0.0,0.0,771.4,0.0,0.0,,,C,mm,km/h,mm
2385,2026-05-10,22:00:00,17.0,17.0,17.0,23.0,45.0,76.0,0.0,0.0,771.3,0.0,0.0,,,C,mm,km/h,mm
2386,2026-05-10,22:15:00,16.0,17.0,16.0,23.0,45.0,78.0,0.0,0.0,771.3,0.0,0.0,,,C,mm,km/h,mm
2387,2026-05-10,22:30:00,16.0,17.0,16.0,23.0,46.0,79.0,0.0,0.0,771.3,0.0,0.0,,,C,mm,km/h,mm
2388,2026-05-10,22:45:00,17.0,17.0,16.0,23.0,46.0,78.0,0.0,0.0,771.3,0.0,0.0,,,C,mm,km/h,mm
2389,2026-05-10,23:00:00,16.0,17.0,16.0,23.0,46.0,78.0,0.0,0.0,771.2,0.0,0.0,,,C,mm,km/h,mm
2390,2026-05-10,23:15:00,17.0,17.0,16.0,23.0,46.0,78.0,0.0,0.0,771.1,0.0,0.0,,,C,mm,km/h,mm
2391,2026-05-10,23:30:00,16.0,17.0,16.0,23.0,46.0,79.0,0.0,0.0,771.1,0.0,0.0,,,C,mm,km/h,mm
2392,2026-05-10,23:45:00,16.0,16.0,16.0,23.0,46.0,79.0,0.0,0.0,770.9,0.0,0.0,,,C,mm,km/h,mm
2393,2026-05-11,00:15:00,16.0,16.0,16.0,23.0,46.0,80.0,0.0,0.0,770.8,0.0,0.0,,,C,mm,km/h,mm
2394,2026-05-11,00:30:00,16.0,16.0,16.0,23.0,46.0,84.0,0.0,0.0,770.7,0.0,0.0,,,C,mm,km/h,mm
2395,2026-05-11,00:45:00,15.0,16.0,15.0,23.0,46.0,84.0,0.0,0.0,770.5,0.0,0.0,,,C,mm,km/h,mm
2396,2026-05-11,01:00:00,15.0,15.0,15.0,23.0,47.0,84.0,0.0,0.0,770.4,0.0,0.0,,,C,mm,km/h,mm
2397,2026-05-11,01:15:00,15.0,15.0,15.0,23.0,47.0,85.0,0.0,0.0,770.4,0.0,0.0,,,C,mm,km/h,mm
2398,2026-05-11,01:30:00,15.0,15.0,15.0,23.0,47.0,85.0,0.0,0.0,770.3,0.0,0.0,,,C,mm,km/h,mm
2399,2026-05-11,01:45:00,15.0,15.0,15.0,23.0,47.0,84.0,0.0,0.0,770.2,0.0,0.0,,,C,mm,km/h,mm
2400,2026-05-11,02:00:00,15.0,15.0,15.0,23.0,47.0,83.0,0.0,0.0,770.1,0.0,0.0,,,C,mm,km/h,mm
2401,2026-05-11,02:15:00,16.0,16.0,15.0,23.0,47.0,82.0,0.0,0.0,770.0,0.0,0.0,,,C,mm,km/h,mm
2402,2026-05-11,02:30:00,16.0,16.0,16.0,23.0,47.0,82.0,0.0,0.0,769.9,0.0,0.0,,,C,mm,km/h,mm
2403,2026-05-11,02:45:00,15.0,16.0,15.0,23.0,47.0,82.0,0.0,0.0,769.8,0.0,0.0,,,C,mm,km/h,mm
2404,2026-05-11,03:00:00,15.0,15.0,15.0,23.0,47.0,83.0,0.0,0.0,769.7,0.0,0.0,,,C,mm,km/h,mm
2405,2026-05-11,03:15:00,15.0,15.0,15.0,23.0,47.0,84.0,0.0,0.0,769.7,0.0,0.0,,,C,mm,km/h,mm
2406,2026-05-11,03:30:00,14.0,15.0,14.0,23.0,47.0,86.0,0.0,0.0,769.5,0.0,0.0,,,C,mm,km/h,mm
2407,2026-05-11,03:45:00,14.0,14.0,14.0,23.0,47.0,87.0,0.0,0.0,769.4,0.0,0.0,,,C,mm,km/h,mm
2408,2026-05-11,04:00:00,14.0,14.0,14.0,23.0,47.0,88.0,0.0,0.0,769.4,0.0,0.0,,,C,mm,km/h,mm
2409,2026-05-11,04:15:00,14.0,14.0,14.0,23.0,47.0,89.0,0.0,0.0,769.5,0.0,0.0,,,C,mm,km/h,mm
2410,2026-05-11,04:30:00,14.0,14.0,14.0,23.0,47.0,90.0,0.0,0.0,769.7,0.0,0.0,,,C,mm,km/h,mm
2411,2026-05-11,04:45:00,14.0,14.0,14.0,23.0,47.0,88.0,0.0,0.0,769.7,0.0,0.0,,,C,mm,km/h,mm
2412,2026-05-11,05:00:00,15.0,15.0,14.0,23.0,47.0,85.0,0.0,0.0,769.9,0.0,0.0,,,C,mm,km/h,mm
2413,2026-05-11,05:15:00,15.0,15.0,15.0,23.0,47.0,85.0,0.0,0.0,769.9,0.0,0.0,,,C,mm,km/h,mm
2414,2026-05-11,05:30:00,15.0,15.0,15.0,23.0,48.0,83.0,0.0,0.0,770.0,0.0,1.6,NNW,NNW,C,mm,km/h,mm
2415,2026-05-11,05:45:00,15.0,15.0,15.0,23.0,48.0,83.0,0.0,0.0,770.0,0.0,0.0,,,C,mm,km/h,mm
2416,2026-05-11,06:00:00,15.0,15.0,15.0,23.0,48.0,83.0,0.0,0.0,770.2,0.0,0.0,,,C,mm,km/h,mm
2417,2026-05-11,06:15:00,16.0,16.0,15.0,23.0,49.0,82.0,0.0,0.0,770.3,0.0,0.0,,,C,mm,km/h,mm
2418,2026-05-11,06:30:00,16.0,16.0,15.0,23.0,49.0,81.0,0.0,0.0,770.5,0.0,0.0,,,C,mm,km/h,mm
2419,2026-05-11,06:45:00,16.0,16.0,16.0,23.0,49.0,80.0,0.0,0.0,770.5,0.0,0.0,,,C,mm,km/h,mm
2420,2026-05-11,07:00:00,16.0,16.0,16.0,23.0,48.0,80.0,0.0,0.0,770.7,0.0,0.0,,,C,mm,km/h,mm
2421,2026-05-11,07:15:00,17.0,17.0,16.0,23.0,48.0,77.0,0.0,0.0,770.8,0.0,0.0,,,C,mm,km/h,mm
2422,2026-05-11,07:30:00,18.0,18.0,17.0,23.0,48.0,75.0,0.0,0.0,770.8,0.0,1.6,E,E,C,mm,km/h,mm
2423,2026-05-11,07:45:00,18.0,18.0,18.0,23.0,48.0,73.0,0.0,0.0,770.9,0.0,0.0,,,C,mm,km/h,mm
2424,2026-05-11,08:00:00,18.0,18.0,18.0,23.0,48.0,73.0,0.0,0.0,771.0,0.0,1.6,SE,NE,C,mm,km/h,mm
2425,2026-05-11,08:15:00,19.0,19.0,18.0,23.0,48.0,71.0,0.0,0.0,771.0,0.0,1.6,NE,NE,C,mm,km/h,mm
2426,2026-05-11,08:30:00,19.0,19.0,19.0,23.0,48.0,70.0,0.0,0.0,771.1,0.0,0.0,,,C,mm,km/h,mm
2427,2026-05-11,08:45:00,19.0,19.0,19.0,23.0,48.0,69.0,0.0,0.0,771.1,0.0,1.6,E,E,C,mm,km/h,mm
2428,2026-05-11,09:00:00,20.0,20.0,19.0,23.0,48.0,68.0,0.0,0.0,771.1,0.0,1.6,NW,ESE,C,mm,km/h,mm
2429,2026-05-11,09:15:00,20.0,20.0,20.0,23.0,48.0,65.0,0.0,0.0,771.1,0.0,3.2,NW,NNE,C,mm,km/h,mm
2430,2026-05-11,09:30:00,21.0,21.0,20.0,23.0,48.0,61.0,0.0,0.0,771.1,1.6,6.4,NW,NNW,C,mm,km/h,mm
2431,2026-05-11,09:45:00,21.0,21.0,21.0,23.0,46.0,61.0,0.0,0.0,771.1,0.0,4.8,ENE,ENE,C,mm,km/h,mm
2432,2026-05-11,10:00:00,23.0,23.0,21.0,23.0,40.0,57.0,0.0,0.0,771.0,0.0,6.4,NNW,WNW,C,mm,km/h,mm
2433,2026-05-11,10:15:00,23.0,23.0,23.0,23.0,37.0,57.0,0.0,0.0,770.8,1.6,6.4,SE,WNW,C,mm,km/h,mm
2434,2026-05-11,10:30:00,24.0,24.0,23.0,22.0,36.0,51.0,0.0,0.0,770.8,1.6,9.7,SSE,N,C,mm,km/h,mm
2435,2026-05-11,10:45:00,24.0,24.0,24.0,22.0,34.0,48.0,0.0,0.0,770.6,1.6,9.7,NNE,NNW,C,mm,km/h,mm
2436,2026-05-11,11:00:00,25.0,25.0,24.0,22.0,35.0,48.0,0.0,0.0,770.6,1.6,11.3,NNE,NNE,C,mm,km/h,mm
2437,2026-05-11,11:15:00,24.0,25.0,24.0,22.0,35.0,50.0,0.0,0.0,770.5,1.6,9.7,SE,SE,C,mm,km/h,mm
2438,2026-05-11,11:30:00,25.0,25.0,24.0,22.0,35.0,48.0,0.0,0.0,770.3,1.6,4.8,SSE,SE,C,mm,km/h,mm
2439,2026-05-11,11:45:00,24.0,25.0,24.0,22.0,35.0,48.0,0.0,0.0,770.1,1.6,12.9,NE,NNW,C,mm,km/h,mm
2440,2026-05-11,12:00:00,25.0,25.0,24.0,21.0,35.0,47.0,0.0,0.0,769.8,1.6,11.3,NNW,NNW,C,mm,km/h,mm
2441,2026-05-11,12:15:00,25.0,25.0,25.0,21.0,35.0,47.0,0.0,0.0,769.7,1.6,9.7,NW,NW,C,mm,km/h,mm
2442,2026-05-11,12:30:00,24.0,25.0,24.0,21.0,35.0,49.0,0.0,0.0,769.5,0.0,4.8,N,NNW,C,mm,km/h,mm
2443,2026-05-11,12:45:00,24.0,24.0,24.0,21.0,35.0,49.0,0.0,0.0,769.2,1.6,12.9,NNW,WSW,C,mm,km/h,mm
2444,2026-05-11,13:00:00,25.0,25.0,24.0,21.0,35.0,47.0,0.0,0.0,769.1,0.0,4.8,WNW,NE,C,mm,km/h,mm
2445,2026-05-11,13:15:00,25.0,25.0,25.0,21.0,35.0,44.0,0.0,0.0,769.0,3.2,12.9,NW,NNE,C,mm,km/h,mm
2446,2026-05-11,13:30:00,25.0,25.0,25.0,21.0,37.0,45.0,0.0,0.0,768.9,3.2,16.1,NNW,WNW,C,mm,km/h,mm
2447,2026-05-11,13:45:00,25.0,25.0,25.0,21.0,37.0,46.0,0.0,0.0,768.7,4.8,12.9,NW,WSW,C,mm,km/h,mm
2448,2026-05-11,14:00:00,25.0,26.0,25.0,21.0,37.0,45.0,0.0,0.0,768.7,4.8,11.3,NW,WNW,C,mm,km/h,mm
2449,2026-05-11,14:15:00,24.0,25.0,24.0,21.0,38.0,47.0,0.0,0.0,768.4,3.2,12.9,WNW,NNW,C,mm,km/h,mm
2450,2026-05-11,14:30:00,24.0,24.0,24.0,22.0,40.0,49.0,0.0,0.0,768.3,3.2,12.9,NW,N,C,mm,km/h,mm
2451,2026-05-11,14:45:00,23.0,24.0,23.0,22.0,41.0,52.0,0.0,0.0,768.3,1.6,12.9,NNE,WNW,C,mm,km/h,mm
2452,2026-05-11,15:00:00,22.0,23.0,22.0,22.0,42.0,54.0,0.0,0.0,768.3,3.2,12.9,NNE,WSW,C,mm,km/h,mm
2453,2026-05-11,15:15:00,23.0,23.0,22.0,22.0,42.0,54.0,0.0,0.0,768.0,3.2,11.3,NNE,NW,C,mm,km/h,mm
2454,2026-05-11,15:30:00,24.0,24.0,23.0,22.0,43.0,49.0,0.0,0.0,767.9,1.6,6.4,NNE,E,C,mm,km/h,mm
2455,2026-05-11,15:45:00,23.0,24.0,23.0,22.0,43.0,49.0,0.0,0.0,767.9,3.2,9.7,NE,NNE,C,mm,km/h,mm
2456,2026-05-11,16:00:00,23.0,23.0,23.0,23.0,43.0,53.0,0.0,0.0,767.9,4.8,14.5,NE,NNE,C,mm,km/h,mm
2457,2026-05-11,16:15:00,22.0,23.0,22.0,23.0,44.0,57.0,0.0,0.0,768.0,4.8,16.1,NNE,N,C,mm,km/h,mm
2458,2026-05-11,16:30:00,21.0,22.0,21.0,23.0,45.0,59.0,0.0,0.0,768.1,6.4,19.3,NNE,N,C,mm,km/h,mm
2459,2026-05-11,16:45:00,21.0,21.0,21.0,23.0,45.0,59.0,0.0,0.0,768.2,6.4,17.7,NNE,NNE,C,mm,km/h,mm
2460,2026-05-11,17:00:00,20.0,21.0,20.0,23.0,45.0,60.0,0.0,0.0,768.5,4.8,14.5,NNE,N,C,mm,km/h,mm
2461,2026-05-11,17:15:00,20.0,20.0,20.0,23.0,45.0,62.0,0.0,0.0,768.7,3.2,12.9,NNE,NE,C,mm,km/h,mm
2462,2026-05-11,17:30:00,20.0,20.0,20.0,23.0,45.0,64.0,0.0,0.0,768.7,0.0,6.4,NNE,NE,C,mm,km/h,mm
2463,2026-05-11,17:45:00,20.0,20.0,20.0,23.0,45.0,66.0,0.0,0.0,769.1,0.0,6.4,N,NNE,C,mm,km/h,mm
2464,2026-05-11,18:00:00,19.0,20.0,19.0,23.0,45.0,67.0,0.0,0.0,769.4,0.0,9.7,NE,ENE,C,mm,km/h,mm
2465,2026-05-11,18:15:00,19.0,20.0,19.0,23.0,45.0,68.0,0.0,0.0,769.4,1.6,8.0,NNW,NNE,C,mm,km/h,mm
2466,2026-05-11,18:30:00,19.0,19.0,19.0,23.0,46.0,68.0,0.0,0.0,769.7,1.6,9.7,NNW,NNE,C,mm,km/h,mm
2467,2026-05-11,18:45:00,19.0,19.0,19.0,23.0,46.0,68.0,0.0,0.0,769.8,6.4,19.3,NNE,N,C,mm,km/h,mm
2468,2026-05-11,19:00:00,19.0,19.0,19.0,23.0,46.0,69.0,0.0,0.0,770.1,3.2,12.9,NE,NNE,C,mm,km/h,mm
2469,2026-05-11,19:15:00,18.0,19.0,18.0,23.0,46.0,70.0,0.0,0.0,770.4,3.2,11.3,NE,NE,C,mm,km/h,mm
2470,2026-05-11,19:30:00,18.0,18.0,18.0,23.0,46.0,69.0,0.0,0.0,770.7,3.2,14.5,NNE,ENE,C,mm,km/h,mm
2471,2026-05-11,19:45:00,18.0,18.0,18.0,23.0,46.0,69.0,0.0,0.0,771.0,1.6,22.5,NNE,NW,C,mm,km/h,mm
2472,2026-05-11,20:00:00,18.0,18.0,18.0,23.0,46.0,69.0,0.0,0.0,771.1,1.6,11.3,NE,NNW,C,mm,km/h,mm
2473,2026-05-11,20:15:00,17.0,18.0,17.0,23.0,46.0,75.0,0.4,2.8,771.4,0.0,12.9,NE,NNE,C,mm,km/h,mm
2474,2026-05-11,20:30:00,16.0,17.0,16.0,23.0,46.0,79.0,0.0,0.8,771.7,0.0,3.2,WNW,NW,C,mm,km/h,mm
2475,2026-05-11,20:45:00,16.0,16.0,16.0,23.0,46.0,84.0,0.0,0.0,771.9,0.0,0.0,,,C,mm,km/h,mm
2476,2026-05-11,21:00:00,16.0,16.0,16.0,23.0,47.0,84.0,0.8,11.0,772.0,0.0,4.8,NNW,NNW,C,mm,km/h,mm
2477,2026-05-11,21:15:00,15.0,16.0,15.0,23.0,47.0,86.0,1.6,9.6,772.1,1.6,8.0,W,N,C,mm,km/h,mm
2478,2026-05-11,21:30:00,15.0,15.0,15.0,23.0,47.0,89.0,0.6,6.2,772.3,0.0,3.2,WNW,W,C,mm,km/h,mm
2479,2026-05-11,21:45:00,15.0,15.0,15.0,23.0,47.0,89.0,0.4,2.2,772.3,0.0,3.2,WNW,NW,C,mm,km/h,mm
2480,2026-05-11,22:00:00,15.0,15.0,15.0,23.0,48.0,90.0,0.2,1.2,772.4,0.0,3.2,WNW,WNW,C,mm,km/h,mm
2481,2026-05-11,22:15:00,15.0,15.0,15.0,23.0,48.0,91.0,0.2,1.2,772.5,0.0,1.6,WNW,NNW,C,mm,km/h,mm
2482,2026-05-11,22:30:00,15.0,15.0,15.0,23.0,49.0,91.0,0.8,3.2,772.5,0.0,4.8,WNW,WNW,C,mm,km/h,mm
2483,2026-05-11,22:45:00,14.0,15.0,14.0,23.0,49.0,92.0,0.6,3.6,772.4,1.6,8.0,NNW,NW,C,mm,km/h,mm
2484,2026-05-11,23:00:00,14.0,14.0,14.0,23.0,49.0,92.0,0.2,2.0,772.3,0.0,8.0,NNW,NNE,C,mm,km/h,mm
2485,2026-05-11,23:15:00,14.0,14.0,14.0,23.0,49.0,92.0,0.2,1.4,772.3,0.0,3.2,NNW,NNW,C,mm,km/h,mm
2486,2026-05-11,23:30:00,14.0,14.0,14.0,23.0,49.0,92.0,0.2,1.0,772.3,0.0,1.6,N,N,C,mm,km/h,mm
2487,2026-05-11,23:45:00,14.0,14.0,14.0,23.0,49.0,92.0,0.0,0.0,772.1,0.0,3.2,WNW,WNW,C,mm,km/h,mm
2488,2026-05-12,00:15:00,14.0,14.0,14.0,23.0,49.0,92.0,0.0,0.0,771.8,0.0,3.2,W,NW,C,mm,km/h,mm
2489,2026-05-12,00:30:00,14.0,14.0,14.0,23.0,49.0,92.0,0.0,0.0,771.8,0.0,4.8,E,WNW,C,mm,km/h,mm
2490,2026-05-12,00:45:00,14.0,14.0,14.0,23.0,49.0,92.0,0.0,0.0,771.6,0.0,8.0,W,W,C,mm,km/h,mm
2491,2026-05-12,01:00:00,14.0,14.0,14.0,23.0,49.0,92.0,0.0,0.0,771.4,0.0,3.2,N,NNW,C,mm,km/h,mm
2492,2026-05-12,01:15:00,14.0,14.0,14.0,23.0,49.0,92.0,0.0,0.0,771.3,0.0,1.6,NNE,NNE,C,mm,km/h,mm
2493,2026-05-12,01:30:00,14.0,14.0,14.0,23.0,49.0,93.0,0.0,0.0,771.1,0.0,0.0,,,C,mm,km/h,mm
2494,2026-05-12,01:45:00,14.0,14.0,14.0,23.0,49.0,92.0,0.0,0.0,771.0,0.0,1.6,E,E,C,mm,km/h,mm
2495,2026-05-12,02:00:00,14.0,14.0,14.0,23.0,49.0,92.0,0.0,0.0,770.9,0.0,0.0,,,C,mm,km/h,mm
2496,2026-05-12,02:15:00,14.0,14.0,14.0,23.0,49.0,92.0,0.0,0.0,770.7,0.0,0.0,,,C,mm,km/h,mm
2497,2026-05-12,02:30:00,14.0,14.0,14.0,23.0,49.0,91.0,0.0,0.0,770.6,0.0,0.0,,,C,mm,km/h,mm
2498,2026-05-12,02:45:00,14.0,14.0,14.0,23.0,49.0,91.0,0.0,0.0,770.5,0.0,1.6,W,W,C,mm,km/h,mm
2499,2026-05-12,03:00:00,14.0,14.0,14.0,23.0,49.0,91.0,0.0,0.0,770.6,0.0,4.8,NW,W,C,mm,km/h,mm
2500,2026-05-12,03:15:00,14.0,14.0,14.0,23.0,49.0,90.0,0.0,0.0,770.5,0.0,8.0,W,W,C,mm,km/h,mm
2501,2026-05-12,03:30:00,14.0,14.0,14.0,23.0,49.0,90.0,0.0,0.0,770.7,0.0,4.8,W,W,C,mm,km/h,mm
2502,2026-05-12,03:45:00,14.0,14.0,14.0,23.0,49.0,90.0,0.0,0.0,770.9,0.0,4.8,NW,WNW,C,mm,km/h,mm
2503,2026-05-12,04:00:00,14.0,14.0,14.0,23.0,49.0,90.0,0.0,0.0,770.9,0.0,3.2,WNW,NNW,C,mm,km/h,mm
2504,2026-05-12,04:15:00,14.0,14.0,14.0,22.0,49.0,90.0,0.0,0.0,770.9,0.0,3.2,WNW,WNW,C,mm,km/h,mm
2505,2026-05-12,04:30:00,14.0,14.0,14.0,22.0,49.0,89.0,0.0,0.0,771.0,0.0,3.2,WNW,NW,C,mm,km/h,mm
2506,2026-05-12,04:45:00,14.0,14.0,14.0,22.0,49.0,90.0,0.0,0.0,771.0,0.0,1.6,NW,NW,C,mm,km/h,mm
2507,2026-05-12,05:00:00,14.0,14.0,14.0,22.0,49.0,89.0,0.0,0.0,771.0,0.0,3.2,N,NW,C,mm,km/h,mm
2508,2026-05-12,05:15:00,14.0,14.0,14.0,22.0,49.0,89.0,0.0,0.0,771.1,0.0,4.8,ESE,NW,C,mm,km/h,mm
2509,2026-05-12,05:30:00,14.0,14.0,14.0,22.0,49.0,88.0,0.0,0.0,771.1,0.0,3.2,WNW,WNW,C,mm,km/h,mm
2510,2026-05-12,05:45:00,14.0,14.0,14.0,22.0,49.0,88.0,0.0,0.0,771.1,0.0,3.2,W,W,C,mm,km/h,mm
2511,2026-05-12,06:00:00,14.0,14.0,14.0,22.0,49.0,88.0,0.0,0.0,771.3,0.0,1.6,WNW,NW,C,mm,km/h,mm
2512,2026-05-12,06:15:00,15.0,15.0,14.0,22.0,49.0,87.0,0.0,0.0,771.4,0.0,1.6,ENE,NNW,C,mm,km/h,mm
2513,2026-05-12,06:30:00,15.0,15.0,15.0,22.0,49.0,86.0,0.0,0.0,771.7,0.0,4.8,WNW,W,C,mm,km/h,mm
2514,2026-05-12,06:45:00,15.0,15.0,15.0,22.0,50.0,86.0,0.0,0.0,771.5,0.0,4.8,NW,WNW,C,mm,km/h,mm
2515,2026-05-12,07:00:00,16.0,16.0,15.0,22.0,50.0,84.0,0.0,0.0,771.6,1.6,8.0,NW,WNW,C,mm,km/h,mm
2516,2026-05-12,07:15:00,16.0,16.0,16.0,23.0,49.0,84.0,0.0,0.0,771.6,1.6,6.4,NW,NNW,C,mm,km/h,mm
2517,2026-05-12,07:30:00,16.0,16.0,16.0,23.0,49.0,83.0,0.0,0.0,771.8,0.0,6.4,NW,WNW,C,mm,km/h,mm
2518,2026-05-12,07:45:00,16.0,16.0,16.0,23.0,49.0,83.0,0.0,0.0,771.9,1.6,6.4,NW,WSW,C,mm,km/h,mm
2519,2026-05-12,08:00:00,16.0,16.0,16.0,23.0,49.0,82.0,0.0,0.0,771.8,1.6,6.4,WNW,WSW,C,mm,km/h,mm
2520,2026-05-12,08:15:00,16.0,16.0,16.0,23.0,49.0,83.0,0.0,0.0,772.0,1.6,8.0,NW,WNW,C,mm,km/h,mm
2521,2026-05-12,08:30:00,16.0,16.0,16.0,22.0,50.0,81.0,0.0,0.0,772.1,0.0,4.8,NW,NW,C,mm,km/h,mm
2522,2026-05-12,08:45:00,16.0,16.0,16.0,22.0,47.0,80.0,0.0,0.0,772.1,0.0,3.2,WNW,NNW,C,mm,km/h,mm
2523,2026-05-12,09:00:00,16.0,16.0,16.0,22.0,45.0,79.0,0.0,0.0,772.2,0.0,1.6,WNW,ENE,C,mm,km/h,mm
2524,2026-05-12,09:15:00,17.0,17.0,16.0,22.0,44.0,80.0,0.0,0.0,772.2,0.0,3.2,N,NNW,C,mm,km/h,mm
2525,2026-05-12,09:30:00,17.0,17.0,17.0,22.0,45.0,76.0,0.0,0.0,772.2,0.0,4.8,WNW,WNW,C,mm,km/h,mm
2526,2026-05-12,09:45:00,18.0,18.0,17.0,22.0,45.0,74.0,0.0,0.0,772.3,0.0,3.2,NNW,NW,C,mm,km/h,mm
2527,2026-05-12,10:00:00,18.0,18.0,18.0,22.0,44.0,72.0,0.0,0.0,772.2,1.6,6.4,NNW,WNW,C,mm,km/h,mm
2528,2026-05-12,10:15:00,19.0,19.0,18.0,22.0,42.0,70.0,0.0,0.0,772.1,0.0,3.2,N,NNW,C,mm,km/h,mm
2529,2026-05-12,10:30:00,20.0,20.0,19.0,22.0,42.0,66.0,0.0,0.0,772.0,1.6,6.4,NNW,NNE,C,mm,km/h,mm
2530,2026-05-12,10:45:00,21.0,21.0,20.0,22.0,42.0,62.0,0.0,0.0,771.8,1.6,8.0,NW,WNW,C,mm,km/h,mm
2531,2026-05-12,11:00:00,22.0,22.0,21.0,22.0,41.0,60.0,0.0,0.0,771.6,1.6,8.0,NE,WNW,C,mm,km/h,mm
2532,2026-05-12,11:15:00,22.0,22.0,22.0,22.0,41.0,58.0,0.0,0.0,771.4,1.6,9.7,NW,WNW,C,mm,km/h,mm
2533,2026-05-12,11:30:00,22.0,22.0,22.0,22.0,41.0,55.0,0.0,0.0,771.3,1.6,12.9,NW,NE,C,mm,km/h,mm
2534,2026-05-12,11:45:00,22.0,23.0,22.0,22.0,42.0,56.0,0.0,0.0,771.2,1.6,6.4,NE,NW,C,mm,km/h,mm
2535,2026-05-12,12:00:00,23.0,23.0,22.0,22.0,41.0,54.0,0.0,0.0,771.0,0.0,3.2,NNE,NNE,C,mm,km/h,mm
2536,2026-05-12,12:15:00,23.0,23.0,23.0,22.0,42.0,58.0,0.0,0.0,770.9,1.6,6.4,E,ESE,C,mm,km/h,mm
2537,2026-05-12,12:30:00,24.0,24.0,23.0,22.0,43.0,53.0,0.0,0.0,770.7,1.6,8.0,NW,N,C,mm,km/h,mm
2538,2026-05-12,12:45:00,24.0,25.0,24.0,22.0,44.0,51.0,0.0,0.0,770.5,3.2,11.3,NNW,NNW,C,mm,km/h,mm
2539,2026-05-12,13:00:00,24.0,24.0,24.0,22.0,42.0,54.0,0.0,0.0,770.3,1.6,8.0,NNW,NW,C,mm,km/h,mm
2540,2026-05-12,13:15:00,24.0,24.0,24.0,22.0,41.0,53.0,0.0,0.0,770.1,4.8,12.9,WNW,NNW,C,mm,km/h,mm
2541,2026-05-12,13:30:00,24.0,24.0,24.0,22.0,40.0,53.0,0.0,0.0,769.8,1.6,11.3,NNW,N,C,mm,km/h,mm
2542,2026-05-12,13:45:00,24.0,24.0,24.0,22.0,40.0,51.0,0.0,0.0,769.7,4.8,12.9,NW,W,C,mm,km/h,mm
2543,2026-05-12,14:00:00,25.0,25.0,24.0,22.0,40.0,49.0,0.0,0.0,769.3,1.6,11.3,NW,WSW,C,mm,km/h,mm
2544,2026-05-12,14:15:00,25.0,26.0,25.0,22.0,40.0,49.0,0.0,0.0,769.1,4.8,14.5,NW,WNW,C,mm,km/h,mm
2545,2026-05-12,14:30:00,25.0,26.0,25.0,22.0,40.0,49.0,0.0,0.0,768.8,3.2,11.3,WNW,NNW,C,mm,km/h,mm
2546,2026-05-12,14:45:00,25.0,25.0,25.0,22.0,40.0,49.0,0.0,0.0,768.8,4.8,12.9,NW,NNE,C,mm,km/h,mm
2547,2026-05-12,15:00:00,23.0,25.0,23.0,22.0,41.0,53.0,0.0,0.0,768.7,4.8,14.5,NW,NW,C,mm,km/h,mm
2548,2026-05-12,15:15:00,23.0,23.0,23.0,22.0,42.0,57.0,0.0,0.0,768.7,3.2,17.7,NNW,SW,C,mm,km/h,mm
2549,2026-05-12,15:30:00,21.0,23.0,21.0,22.0,44.0,63.0,0.2,0.0,768.5,3.2,11.3,NW,WNW,C,mm,km/h,mm
2550,2026-05-12,15:45:00,21.0,21.0,21.0,22.0,44.0,62.0,0.0,0.0,768.9,1.6,9.7,NW,W,C,mm,km/h,mm
2551,2026-05-12,16:00:00,15.0,21.0,15.0,22.0,46.0,82.0,1.4,15.4,769.2,11.3,22.5,SSE,SSE,C,mm,km/h,mm
2552,2026-05-12,16:15:00,14.0,15.0,14.0,22.0,47.0,91.0,1.2,16.2,769.2,6.4,20.9,SSE,SSW,C,mm,km/h,mm
2553,2026-05-12,16:30:00,14.0,14.0,14.0,22.0,47.0,93.0,0.0,0.0,769.7,1.6,9.7,SE,SSE,C,mm,km/h,mm
2554,2026-05-12,16:45:00,14.0,14.0,14.0,22.0,48.0,94.0,0.2,0.0,770.6,0.0,6.4,NNE,N,C,mm,km/h,mm
2555,2026-05-12,17:00:00,14.0,14.0,13.0,22.0,49.0,95.0,0.4,2.4,770.2,0.0,3.2,E,E,C,mm,km/h,mm
2556,2026-05-12,17:15:00,14.0,14.0,14.0,23.0,49.0,95.0,0.4,1.8,770.5,0.0,0.0,,,C,mm,km/h,mm
2557,2026-05-12,17:30:00,14.0,14.0,14.0,23.0,50.0,95.0,0.6,4.2,770.8,0.0,3.2,NW,NW,C,mm,km/h,mm
2558,2026-05-12,17:45:00,14.0,14.0,14.0,23.0,50.0,95.0,0.8,4.0,770.8,0.0,1.6,NNW,WSW,C,mm,km/h,mm
2559,2026-05-12,18:00:00,14.0,14.0,14.0,23.0,50.0,95.0,1.4,7.0,770.8,0.0,6.4,NNW,N,C,mm,km/h,mm
2560,2026-05-12,18:15:00,14.0,14.0,14.0,23.0,52.0,96.0,1.2,6.4,771.0,0.0,3.2,NW,NW,C,mm,km/h,mm
2561,2026-05-12,18:30:00,14.0,14.0,14.0,22.0,52.0,96.0,1.4,6.8,771.1,1.6,8.0,NNW,NNW,C,mm,km/h,mm
2562,2026-05-12,18:45:00,13.0,14.0,13.0,22.0,51.0,96.0,1.6,8.0,771.2,1.6,8.0,NNW,NW,C,mm,km/h,mm
2566,2026-05-12,19:00:00,13.0,13.0,13.0,22.0,52.0,96.0,0.6,4.4,771.8,0.0,0.0,,,C,mm,km/h,mm
2567,2026-05-12,19:15:00,14.0,14.0,13.0,22.0,52.0,97.0,0.6,2.6,772.0,0.0,0.0,,,C,mm,km/h,mm
2568,2026-05-12,19:30:00,14.0,14.0,14.0,22.0,52.0,97.0,1.0,4.6,772.1,0.0,0.0,,,C,mm,km/h,mm
2569,2026-05-12,19:45:00,14.0,14.0,14.0,22.0,52.0,97.0,0.8,4.2,772.3,0.0,1.6,ESE,ESE,C,mm,km/h,mm
2570,2026-05-12,20:00:00,14.0,14.0,14.0,22.0,53.0,97.0,0.2,3.2,772.4,0.0,0.0,,,C,mm,km/h,mm
2571,2026-05-12,20:15:00,14.0,14.0,14.0,22.0,53.0,97.0,0.0,0.0,772.1,0.0,3.2,NNE,NE,C,mm,km/h,mm
2572,2026-05-12,20:30:00,14.0,14.0,14.0,22.0,53.0,97.0,0.0,0.0,772.1,0.0,0.0,,,C,mm,km/h,mm
2573,2026-05-12,20:45:00,14.0,14.0,14.0,22.0,53.0,97.0,0.0,0.0,772.2,0.0,1.6,N,N,C,mm,km/h,mm
2574,2026-05-12,21:00:00,14.0,14.0,14.0,22.0,53.0,97.0,0.0,0.0,772.3,0.0,0.0,,,C,mm,km/h,mm
2575,2026-05-12,21:15:00,14.0,14.0,14.0,22.0,53.0,97.0,0.0,0.0,772.3,0.0,0.0,,,C,mm,km/h,mm
2576,2026-05-12,21:30:00,13.0,14.0,13.0,22.0,53.0,97.0,0.0,0.0,772.4,0.0,0.0,,,C,mm,km/h,mm
2577,2026-05-12,21:45:00,13.0,14.0,13.0,22.0,53.0,97.0,0.0,0.0,772.3,0.0,0.0,,,C,mm,km/h,mm
2578,2026-05-12,22:00:00,13.0,13.0,13.0,22.0,53.0,97.0,0.0,0.0,772.4,0.0,0.0,,,C,mm,km/h,mm
2579,2026-05-12,22:15:00,13.0,13.0,13.0,22.0,53.0,97.0,0.0,0.0,772.3,0.0,0.0,,,C,mm,km/h,mm
2580,2026-05-12,22:30:00,14.0,14.0,13.0,22.0,53.0,97.0,0.0,0.0,772.3,0.0,1.6,W,NNE,C,mm,km/h,mm
2581,2026-05-12,22:45:00,14.0,14.0,13.0,22.0,53.0,97.0,0.0,0.0,772.3,0.0,0.0,,,C,mm,km/h,mm
2582,2026-05-12,23:00:00,13.0,14.0,13.0,22.0,53.0,97.0,0.0,0.0,772.2,0.0,0.0,,,C,mm,km/h,mm
2583,2026-05-12,23:15:00,13.0,13.0,13.0,22.0,53.0,97.0,0.0,0.0,772.1,0.0,0.0,,,C,mm,km/h,mm
2584,2026-05-12,23:30:00,13.0,13.0,13.0,22.0,53.0,97.0,0.0,0.0,771.9,0.0,0.0,,,C,mm,km/h,mm
2585,2026-05-12,23:45:00,13.0,13.0,13.0,22.0,53.0,97.0,0.0,0.0,771.8,0.0,0.0,,,C,mm,km/h,mm
2586,2026-05-13,00:15:00,13.0,13.0,13.0,22.0,53.0,97.0,0.0,0.0,771.6,0.0,0.0,,,C,mm,km/h,mm
2587,2026-05-13,00:30:00,13.0,13.0,13.0,22.0,53.0,98.0,0.0,0.0,771.4,0.0,0.0,,,C,mm,km/h,mm
2588,2026-05-13,00:45:00,13.0,13.0,13.0,22.0,53.0,98.0,0.0,0.0,771.3,0.0,0.0,,,C,mm,km/h,mm
2589,2026-05-13,01:00:00,13.0,13.0,13.0,22.0,53.0,98.0,0.0,0.0,771.2,0.0,0.0,,,C,mm,km/h,mm
2590,2026-05-13,01:15:00,13.0,13.0,13.0,22.0,53.0,98.0,0.0,0.0,771.1,0.0,0.0,,,C,mm,km/h,mm
2591,2026-05-13,01:30:00,13.0,13.0,13.0,22.0,53.0,98.0,0.0,0.0,771.0,0.0,0.0,,,C,mm,km/h,mm
2592,2026-05-13,01:45:00,13.0,13.0,13.0,22.0,53.0,98.0,0.0,0.0,770.9,0.0,0.0,,,C,mm,km/h,mm
2593,2026-05-13,02:00:00,13.0,13.0,13.0,22.0,53.0,98.0,0.0,0.0,771.0,0.0,0.0,,,C,mm,km/h,mm
2594,2026-05-13,02:15:00,13.0,13.0,13.0,22.0,53.0,98.0,0.0,0.0,770.9,0.0,0.0,,,C,mm,km/h,mm
2595,2026-05-13,02:30:00,12.0,13.0,12.0,22.0,53.0,98.0,0.0,0.0,770.9,0.0,0.0,,,C,mm,km/h,mm
2596,2026-05-13,02:45:00,12.0,13.0,12.0,22.0,53.0,98.0,0.0,0.0,771.0,0.0,0.0,,,C,mm,km/h,mm
2597,2026-05-13,03:00:00,12.0,12.0,12.0,22.0,53.0,98.0,0.0,0.0,771.0,0.0,0.0,,,C,mm,km/h,mm
2598,2026-05-13,03:15:00,12.0,12.0,12.0,22.0,53.0,98.0,0.0,0.0,771.0,0.0,0.0,,,C,mm,km/h,mm
2599,2026-05-13,03:30:00,12.0,12.0,12.0,22.0,53.0,98.0,0.0,0.0,770.9,0.0,0.0,,,C,mm,km/h,mm
2600,2026-05-13,03:45:00,12.0,12.0,12.0,22.0,53.0,98.0,0.0,0.0,771.0,0.0,0.0,,,C,mm,km/h,mm
2601,2026-05-13,04:00:00,12.0,12.0,12.0,22.0,53.0,98.0,0.0,0.0,771.0,0.0,0.0,,,C,mm,km/h,mm
2602,2026-05-13,04:15:00,12.0,12.0,12.0,22.0,53.0,98.0,0.0,0.0,771.1,0.0,0.0,,,C,mm,km/h,mm
2603,2026-05-13,04:30:00,12.0,12.0,12.0,22.0,53.0,98.0,0.0,0.0,771.2,0.0,0.0,,,C,mm,km/h,mm
2604,2026-05-13,04:45:00,11.0,12.0,11.0,22.0,53.0,98.0,0.2,0.0,771.3,0.0,0.0,,,C,mm,km/h,mm
2605,2026-05-13,05:00:00,12.0,12.0,11.0,22.0,53.0,98.0,0.0,0.0,771.4,0.0,0.0,,,C,mm,km/h,mm
2606,2026-05-13,05:15:00,12.0,12.0,11.0,22.0,53.0,98.0,0.0,0.0,771.7,0.0,0.0,,,C,mm,km/h,mm
2607,2026-05-13,05:30:00,12.0,12.0,12.0,22.0,53.0,98.0,0.0,0.0,771.7,0.0,0.0,,,C,mm,km/h,mm
2608,2026-05-13,05:45:00,12.0,12.0,12.0,22.0,54.0,98.0,0.0,0.0,771.8,0.0,0.0,,,C,mm,km/h,mm
2609,2026-05-13,06:00:00,13.0,13.0,12.0,22.0,53.0,98.0,0.0,0.0,772.0,0.0,0.0,,,C,mm,km/h,mm
2610,2026-05-13,06:15:00,13.0,13.0,13.0,22.0,53.0,98.0,0.0,0.0,772.2,0.0,0.0,,,C,mm,km/h,mm
2611,2026-05-13,06:30:00,13.0,14.0,13.0,22.0,53.0,98.0,0.0,0.0,772.1,0.0,0.0,,,C,mm,km/h,mm
2612,2026-05-13,06:45:00,14.0,14.0,13.0,22.0,53.0,98.0,0.0,0.0,772.3,0.0,1.6,W,W,C,mm,km/h,mm
2613,2026-05-13,07:00:00,14.0,14.0,14.0,22.0,53.0,98.0,0.0,0.0,772.3,0.0,1.6,NNE,NNE,C,mm,km/h,mm
2614,2026-05-13,07:15:00,14.0,14.0,14.0,22.0,53.0,98.0,0.0,0.0,772.3,0.0,1.6,NE,NE,C,mm,km/h,mm
2615,2026-05-13,07:30:00,15.0,15.0,14.0,22.0,53.0,98.0,0.0,0.0,772.4,0.0,0.0,,,C,mm,km/h,mm
2616,2026-05-13,07:45:00,15.0,15.0,15.0,22.0,53.0,98.0,0.0,0.0,772.4,0.0,0.0,,,C,mm,km/h,mm
2617,2026-05-13,08:00:00,16.0,16.0,15.0,22.0,53.0,97.0,0.0,0.0,772.5,0.0,3.2,NNW,NNW,C,mm,km/h,mm
2618,2026-05-13,08:15:00,17.0,17.0,16.0,22.0,52.0,96.0,0.0,0.0,772.3,0.0,4.8,NE,NE,C,mm,km/h,mm
2619,2026-05-13,08:30:00,17.0,17.0,16.0,22.0,52.0,95.0,0.0,0.0,772.4,1.6,4.8,NW,W,C,mm,km/h,mm
2620,2026-05-13,08:45:00,18.0,18.0,17.0,22.0,52.0,83.0,0.0,0.0,772.3,0.0,6.4,N,NNW,C,mm,km/h,mm
2621,2026-05-13,09:00:00,19.0,19.0,18.0,22.0,52.0,75.0,0.0,0.0,772.2,0.0,1.6,ENE,NE,C,mm,km/h,mm
2622,2026-05-13,09:15:00,19.0,19.0,19.0,22.0,52.0,73.0,0.0,0.0,772.1,0.0,0.0,,,C,mm,km/h,mm
2623,2026-05-13,09:30:00,20.0,20.0,19.0,22.0,52.0,70.0,0.0,0.0,772.0,0.0,3.2,SE,SE,C,mm,km/h,mm
2624,2026-05-13,09:45:00,21.0,21.0,20.0,22.0,52.0,68.0,0.0,0.0,771.9,0.0,4.8,NNE,NE,C,mm,km/h,mm
2625,2026-05-13,10:00:00,22.0,22.0,21.0,22.0,52.0,62.0,0.0,0.0,771.8,1.6,6.4,NNW,N,C,mm,km/h,mm
2626,2026-05-13,10:15:00,23.0,23.0,22.0,22.0,52.0,60.0,0.0,0.0,771.6,1.6,8.0,NE,NW,C,mm,km/h,mm
2627,2026-05-13,10:30:00,23.0,23.0,22.0,23.0,51.0,59.0,0.0,0.0,771.3,1.6,8.0,NNE,NNE,C,mm,km/h,mm
2628,2026-05-13,10:45:00,24.0,24.0,23.0,23.0,51.0,56.0,0.0,0.0,771.3,1.6,8.0,NW,NW,C,mm,km/h,mm
2629,2026-05-13,11:00:00,24.0,24.0,23.0,22.0,51.0,55.0,0.0,0.0,771.1,1.6,8.0,NNE,N,C,mm,km/h,mm
2630,2026-05-13,11:15:00,23.0,24.0,23.0,22.0,51.0,54.0,0.0,0.0,771.0,3.2,9.7,NNW,NW,C,mm,km/h,mm
2631,2026-05-13,11:30:00,24.0,24.0,23.0,22.0,51.0,54.0,0.0,0.0,770.6,1.6,8.0,NNE,WSW,C,mm,km/h,mm
2632,2026-05-13,11:45:00,25.0,25.0,24.0,22.0,51.0,55.0,0.0,0.0,770.3,3.2,12.9,NW,NNW,C,mm,km/h,mm
2633,2026-05-13,12:00:00,25.0,25.0,24.0,23.0,51.0,49.0,0.0,0.0,770.1,1.6,9.7,WNW,NW,C,mm,km/h,mm
2634,2026-05-13,12:15:00,25.0,25.0,25.0,23.0,51.0,48.0,0.0,0.0,769.9,1.6,11.3,WNW,NW,C,mm,km/h,mm
2635,2026-05-13,12:30:00,25.0,26.0,25.0,23.0,51.0,48.0,0.0,0.0,769.8,1.6,8.0,NW,NE,C,mm,km/h,mm
2636,2026-05-13,12:45:00,25.0,26.0,25.0,23.0,51.0,47.0,0.0,0.0,769.6,1.6,9.7,NE,NNE,C,mm,km/h,mm
2637,2026-05-13,13:00:00,25.0,26.0,25.0,23.0,51.0,45.0,0.0,0.0,769.4,1.6,8.0,SSE,N,C,mm,km/h,mm
2638,2026-05-13,13:15:00,26.0,26.0,25.0,23.0,51.0,45.0,0.0,0.0,769.0,0.0,1.6,SE,SSE,C,mm,km/h,mm
2639,2026-05-13,13:30:00,27.0,27.0,26.0,23.0,50.0,41.0,0.0,0.0,768.7,1.6,11.3,NE,NNE,C,mm,km/h,mm
2640,2026-05-13,13:45:00,26.0,27.0,26.0,23.0,50.0,44.0,0.0,0.0,768.4,0.0,4.8,N,N,C,mm,km/h,mm
2641,2026-05-13,14:00:00,25.0,26.0,25.0,23.0,50.0,45.0,0.0,0.0,768.3,0.0,6.4,NE,N,C,mm,km/h,mm
2642,2026-05-13,14:15:00,26.0,26.0,25.0,23.0,50.0,43.0,0.0,0.0,768.1,1.6,12.9,NW,NNW,C,mm,km/h,mm
2643,2026-05-13,14:30:00,26.0,26.0,26.0,23.0,49.0,42.0,0.0,0.0,767.9,1.6,12.9,NNE,N,C,mm,km/h,mm
2644,2026-05-13,14:45:00,26.0,26.0,26.0,23.0,49.0,46.0,0.0,0.0,767.8,4.8,17.7,NW,WNW,C,mm,km/h,mm
2645,2026-05-13,15:00:00,25.0,26.0,25.0,23.0,49.0,44.0,0.0,0.0,767.8,4.8,19.3,NNE,N,C,mm,km/h,mm
2646,2026-05-13,15:15:00,25.0,25.0,25.0,23.0,49.0,43.0,0.0,0.0,767.7,3.2,14.5,NE,NW,C,mm,km/h,mm
2647,2026-05-13,15:30:00,26.0,26.0,25.0,23.0,49.0,38.0,0.0,0.0,767.6,4.8,19.3,NNW,NW,C,mm,km/h,mm
2648,2026-05-13,15:45:00,25.0,26.0,25.0,23.0,49.0,39.0,0.0,0.0,767.6,3.2,17.7,NNE,NW,C,mm,km/h,mm
2649,2026-05-13,16:00:00,25.0,26.0,25.0,23.0,48.0,39.0,0.0,0.0,767.7,3.2,14.5,NE,N,C,mm,km/h,mm
2650,2026-05-13,16:15:00,25.0,25.0,25.0,23.0,48.0,40.0,0.0,0.0,767.8,1.6,12.9,NNE,N,C,mm,km/h,mm
2651,2026-05-13,16:30:00,24.0,25.0,24.0,23.0,47.0,43.0,0.0,0.0,767.9,1.6,11.3,NE,NNW,C,mm,km/h,mm
2652,2026-05-13,16:45:00,23.0,24.0,23.0,23.0,47.0,46.0,0.0,0.0,768.2,1.6,12.9,NE,NNW,C,mm,km/h,mm
2653,2026-05-13,17:00:00,23.0,23.0,23.0,23.0,47.0,48.0,0.0,0.0,768.4,3.2,12.9,NNW,NW,C,mm,km/h,mm
2654,2026-05-13,17:15:00,22.0,23.0,22.0,23.0,47.0,51.0,0.0,0.0,768.7,1.6,9.7,NNE,NW,C,mm,km/h,mm
2655,2026-05-13,17:30:00,22.0,22.0,22.0,23.0,47.0,54.0,0.0,0.0,769.0,0.0,1.6,NNE,NNE,C,mm,km/h,mm
2656,2026-05-13,17:45:00,22.0,22.0,22.0,23.0,46.0,55.0,0.0,0.0,769.3,0.0,4.8,NE,N,C,mm,km/h,mm
2657,2026-05-13,18:00:00,21.0,22.0,21.0,24.0,46.0,57.0,0.0,0.0,769.4,1.6,12.9,NE,NNE,C,mm,km/h,mm
2658,2026-05-13,18:15:00,21.0,21.0,21.0,24.0,46.0,58.0,0.0,0.0,769.7,1.6,11.3,NNE,N,C,mm,km/h,mm
2659,2026-05-13,18:30:00,20.0,21.0,20.0,24.0,46.0,60.0,0.0,0.0,769.8,1.6,12.9,NNW,N,C,mm,km/h,mm
2660,2026-05-13,18:45:00,20.0,20.0,20.0,23.0,46.0,60.0,0.0,0.0,770.0,1.6,4.8,NE,NNE,C,mm,km/h,mm
2661,2026-05-13,19:00:00,20.0,20.0,20.0,23.0,46.0,62.0,0.0,0.0,770.3,1.6,6.4,NE,NNE,C,mm,km/h,mm
2662,2026-05-13,19:15:00,19.0,20.0,19.0,23.0,46.0,63.0,0.0,0.0,770.5,0.0,8.0,NNW,N,C,mm,km/h,mm
2663,2026-05-13,19:30:00,19.0,19.0,19.0,23.0,46.0,63.0,0.0,0.0,770.6,3.2,9.7,NW,WNW,C,mm,km/h,mm
2664,2026-05-13,19:45:00,19.0,19.0,19.0,23.0,46.0,64.0,0.0,0.0,770.7,0.0,4.8,NE,WNW,C,mm,km/h,mm
2665,2026-05-13,20:00:00,18.0,19.0,18.0,23.0,46.0,66.0,0.0,0.0,770.7,0.0,4.8,NNW,NW,C,mm,km/h,mm
2666,2026-05-13,20:15:00,18.0,18.0,18.0,23.0,47.0,67.0,0.0,0.0,770.8,0.0,3.2,NW,W,C,mm,km/h,mm
2667,2026-05-13,20:30:00,18.0,18.0,18.0,23.0,47.0,68.0,0.0,0.0,770.9,0.0,4.8,NNW,WNW,C,mm,km/h,mm
2668,2026-05-13,20:45:00,17.0,18.0,17.0,23.0,47.0,68.0,0.0,0.0,771.0,0.0,6.4,NW,WSW,C,mm,km/h,mm
2669,2026-05-13,21:00:00,17.0,18.0,17.0,23.0,47.0,68.0,0.0,0.0,771.0,1.6,8.0,NW,NW,C,mm,km/h,mm
2670,2026-05-13,21:15:00,17.0,17.0,17.0,23.0,47.0,69.0,0.0,0.0,771.0,1.6,9.7,NNW,N,C,mm,km/h,mm
2671,2026-05-13,21:30:00,17.0,17.0,17.0,23.0,47.0,71.0,0.0,0.0,771.0,0.0,4.8,WNW,WNW,C,mm,km/h,mm
2672,2026-05-13,21:45:00,17.0,17.0,17.0,23.0,47.0,71.0,0.0,0.0,771.0,1.6,9.7,WNW,NW,C,mm,km/h,mm
2673,2026-05-13,22:00:00,16.0,17.0,16.0,23.0,46.0,72.0,0.0,0.0,770.9,0.0,4.8,NW,W,C,mm,km/h,mm
2674,2026-05-13,22:15:00,16.0,16.0,16.0,23.0,47.0,73.0,0.0,0.0,771.0,1.6,8.0,WNW,WNW,C,mm,km/h,mm
2675,2026-05-13,22:30:00,16.0,16.0,16.0,23.0,46.0,74.0,0.0,0.0,770.9,0.0,6.4,WNW,WSW,C,mm,km/h,mm
2676,2026-05-13,22:45:00,16.0,16.0,16.0,23.0,47.0,75.0,0.0,0.0,770.8,0.0,6.4,WNW,W,C,mm,km/h,mm
2677,2026-05-13,23:00:00,16.0,16.0,16.0,23.0,47.0,75.0,0.0,0.0,770.7,0.0,1.6,WNW,NNE,C,mm,km/h,mm
2678,2026-05-13,23:15:00,15.0,16.0,15.0,23.0,47.0,77.0,0.0,0.0,770.4,0.0,1.6,WNW,WNW,C,mm,km/h,mm
2679,2026-05-13,23:30:00,15.0,15.0,15.0,23.0,47.0,79.0,0.0,0.0,770.5,0.0,0.0,,,C,mm,km/h,mm
2680,2026-05-13,23:45:00,15.0,15.0,15.0,23.0,47.0,80.0,0.0,0.0,770.4,0.0,0.0,,,C,mm,km/h,mm
2681,2026-05-14,00:15:00,14.0,15.0,14.0,23.0,47.0,83.0,0.0,0.0,770.1,0.0,0.0,,,C,mm,km/h,mm
2682,2026-05-14,00:30:00,14.0,15.0,14.0,23.0,47.0,83.0,0.0,0.0,769.9,0.0,0.0,,,C,mm,km/h,mm
2683,2026-05-14,00:45:00,14.0,15.0,14.0,23.0,47.0,83.0,0.0,0.0,769.8,0.0,1.6,W,W,C,mm,km/h,mm
2684,2026-05-14,01:00:00,14.0,14.0,14.0,23.0,47.0,83.0,0.0,0.0,769.6,0.0,1.6,,WSW,C,mm,km/h,mm
2685,2026-05-14,01:15:00,14.0,14.0,14.0,22.0,47.0,83.0,0.0,0.0,769.7,0.0,1.6,W,W,C,mm,km/h,mm
2686,2026-05-14,01:30:00,14.0,14.0,14.0,22.0,48.0,83.0,0.0,0.0,769.6,0.0,3.2,E,WNW,C,mm,km/h,mm
2687,2026-05-14,01:45:00,14.0,14.0,14.0,22.0,48.0,84.0,0.0,0.0,769.5,0.0,4.8,NW,W,C,mm,km/h,mm
2688,2026-05-14,02:00:00,14.0,14.0,14.0,22.0,48.0,84.0,0.0,0.0,769.5,0.0,3.2,WNW,NW,C,mm,km/h,mm
2689,2026-05-14,02:15:00,14.0,14.0,14.0,22.0,48.0,84.0,0.0,0.0,769.4,0.0,4.8,NW,WNW,C,mm,km/h,mm
2690,2026-05-14,02:30:00,14.0,14.0,14.0,22.0,48.0,84.0,0.0,0.0,769.4,0.0,3.2,WNW,WNW,C,mm,km/h,mm
2691,2026-05-14,02:45:00,13.0,14.0,13.0,22.0,48.0,85.0,0.0,0.0,769.3,0.0,1.6,WNW,WNW,C,mm,km/h,mm
2692,2026-05-14,03:00:00,13.0,13.0,13.0,22.0,48.0,86.0,0.0,0.0,769.5,0.0,0.0,,,C,mm,km/h,mm
2693,2026-05-14,03:15:00,13.0,13.0,13.0,22.0,48.0,88.0,0.0,0.0,769.5,0.0,0.0,,,C,mm,km/h,mm
2694,2026-05-14,03:30:00,12.0,13.0,12.0,22.0,48.0,90.0,0.0,0.0,769.7,0.0,0.0,,,C,mm,km/h,mm
2695,2026-05-14,03:45:00,12.0,12.0,12.0,22.0,48.0,91.0,0.0,0.0,769.8,0.0,0.0,,,C,mm,km/h,mm
2696,2026-05-14,04:00:00,12.0,12.0,12.0,22.0,48.0,92.0,0.0,0.0,770.0,0.0,0.0,,,C,mm,km/h,mm
2697,2026-05-14,04:15:00,11.0,12.0,11.0,22.0,48.0,93.0,0.0,0.0,770.0,0.0,0.0,,,C,mm,km/h,mm
2698,2026-05-14,04:30:00,11.0,11.0,11.0,22.0,48.0,93.0,0.0,0.0,770.2,0.0,0.0,,,C,mm,km/h,mm
2699,2026-05-14,04:45:00,11.0,11.0,11.0,22.0,48.0,93.0,0.0,0.0,770.2,0.0,0.0,,,C,mm,km/h,mm
2700,2026-05-14,05:00:00,11.0,11.0,11.0,22.0,48.0,94.0,0.0,0.0,770.2,0.0,0.0,,,C,mm,km/h,mm
2701,2026-05-14,05:15:00,11.0,11.0,11.0,22.0,48.0,93.0,0.0,0.0,770.3,0.0,0.0,,,C,mm,km/h,mm
2702,2026-05-14,05:30:00,11.0,11.0,11.0,22.0,48.0,94.0,0.0,0.0,770.4,0.0,0.0,,,C,mm,km/h,mm
2703,2026-05-14,05:45:00,12.0,12.0,11.0,22.0,48.0,94.0,0.0,0.0,770.5,0.0,0.0,,,C,mm,km/h,mm
2704,2026-05-14,06:00:00,13.0,13.0,12.0,22.0,48.0,90.0,0.0,0.0,770.5,0.0,0.0,,,C,mm,km/h,mm
2705,2026-05-14,06:15:00,14.0,14.0,13.0,22.0,48.0,85.0,0.0,0.0,770.6,0.0,0.0,,,C,mm,km/h,mm
2706,2026-05-14,06:30:00,15.0,15.0,14.0,22.0,49.0,82.0,0.0,0.0,770.6,0.0,0.0,,,C,mm,km/h,mm
2707,2026-05-14,06:45:00,16.0,16.0,15.0,22.0,49.0,77.0,0.0,0.0,770.5,0.0,1.6,SE,SE,C,mm,km/h,mm
2708,2026-05-14,07:00:00,17.0,17.0,16.0,22.0,49.0,74.0,0.0,0.0,770.5,0.0,3.2,S,SE,C,mm,km/h,mm
2709,2026-05-14,07:15:00,18.0,18.0,17.0,22.0,49.0,67.0,0.0,0.0,770.5,0.0,3.2,ESE,ESE,C,mm,km/h,mm
2710,2026-05-14,07:30:00,19.0,19.0,18.0,22.0,49.0,65.0,0.0,0.0,770.5,0.0,4.8,NNW,NNW,C,mm,km/h,mm
2711,2026-05-14,07:45:00,20.0,20.0,19.0,22.0,48.0,62.0,0.0,0.0,770.5,0.0,1.6,NNE,NNE,C,mm,km/h,mm
2712,2026-05-14,08:00:00,20.0,21.0,20.0,22.0,48.0,60.0,0.0,0.0,770.5,0.0,4.8,SE,SE,C,mm,km/h,mm
2713,2026-05-14,08:15:00,21.0,21.0,20.0,22.0,48.0,58.0,0.0,0.0,770.5,0.0,6.4,NNW,W,C,mm,km/h,mm
2714,2026-05-14,08:30:00,22.0,22.0,21.0,22.0,48.0,55.0,0.0,0.0,770.5,0.0,3.2,NE,NNE,C,mm,km/h,mm
2715,2026-05-14,08:45:00,23.0,23.0,22.0,22.0,48.0,49.0,0.0,0.0,770.6,0.0,6.4,NE,N,C,mm,km/h,mm
2716,2026-05-14,09:00:00,24.0,24.0,23.0,22.0,48.0,43.0,0.0,0.0,770.5,0.0,6.4,NE,NNE,C,mm,km/h,mm
2717,2026-05-14,09:15:00,24.0,24.0,24.0,22.0,47.0,42.0,0.0,0.0,770.4,1.6,6.4,SE,NE,C,mm,km/h,mm
2718,2026-05-14,09:30:00,24.0,24.0,24.0,22.0,47.0,42.0,0.0,0.0,770.3,1.6,6.4,WNW,WNW,C,mm,km/h,mm
2719,2026-05-14,09:45:00,24.0,25.0,24.0,22.0,47.0,41.0,0.0,0.0,770.3,0.0,3.2,SSE,S,C,mm,km/h,mm
2720,2026-05-14,10:00:00,25.0,25.0,24.0,22.0,47.0,41.0,0.0,0.0,770.2,0.0,6.4,SE,WSW,C,mm,km/h,mm
2721,2026-05-14,10:15:00,26.0,26.0,25.0,22.0,47.0,32.0,0.0,0.0,770.0,0.0,6.4,ESE,SW,C,mm,km/h,mm
2722,2026-05-14,10:30:00,26.0,26.0,25.0,22.0,47.0,38.0,0.0,0.0,770.0,1.6,8.0,SE,SSE,C,mm,km/h,mm
2723,2026-05-14,10:45:00,27.0,27.0,26.0,22.0,47.0,35.0,0.0,0.0,769.6,3.2,9.7,NE,NNE,C,mm,km/h,mm
2724,2026-05-14,11:00:00,27.0,27.0,27.0,22.0,46.0,23.0,0.0,0.0,769.3,4.8,14.5,NW,N,C,mm,km/h,mm
2725,2026-05-14,11:15:00,27.0,28.0,27.0,22.0,46.0,23.0,0.0,0.0,769.2,4.8,11.3,NNW,WNW,C,mm,km/h,mm
2726,2026-05-14,11:30:00,27.0,27.0,27.0,22.0,45.0,22.0,0.0,0.0,769.1,4.8,12.9,NE,NNW,C,mm,km/h,mm
2727,2026-05-14,11:45:00,28.0,28.0,27.0,22.0,44.0,21.0,0.0,0.0,769.0,4.8,16.1,NW,WNW,C,mm,km/h,mm
2728,2026-05-14,12:00:00,28.0,28.0,28.0,22.0,43.0,21.0,0.0,0.0,768.8,3.2,19.3,NE,NNW,C,mm,km/h,mm
2729,2026-05-14,12:15:00,28.0,28.0,28.0,22.0,43.0,22.0,0.0,0.0,768.7,4.8,19.3,NE,N,C,mm,km/h,mm
2730,2026-05-14,12:30:00,28.0,28.0,28.0,22.0,42.0,24.0,0.0,0.0,768.5,4.8,14.5,NW,NNW,C,mm,km/h,mm
2731,2026-05-14,12:45:00,28.0,28.0,28.0,22.0,42.0,24.0,0.0,0.0,768.3,4.8,19.3,WNW,WNW,C,mm,km/h,mm
2732,2026-05-14,13:00:00,28.0,28.0,28.0,22.0,41.0,25.0,0.0,0.0,768.1,4.8,16.1,WNW,W,C,mm,km/h,mm
2733,2026-05-14,13:15:00,28.0,28.0,28.0,22.0,41.0,26.0,0.0,0.0,767.9,6.4,22.5,NW,N,C,mm,km/h,mm
2734,2026-05-14,13:30:00,28.0,29.0,28.0,22.0,40.0,27.0,0.0,0.0,767.7,3.2,16.1,NNW,NW,C,mm,km/h,mm
2735,2026-05-14,13:45:00,29.0,29.0,28.0,22.0,40.0,25.0,0.0,0.0,767.5,3.2,12.9,NE,NNW,C,mm,km/h,mm
2736,2026-05-14,14:00:00,29.0,29.0,29.0,22.0,40.0,24.0,0.0,0.0,767.4,4.8,14.5,NW,ENE,C,mm,km/h,mm
2737,2026-05-14,14:15:00,28.0,29.0,28.0,22.0,39.0,23.0,0.0,0.0,767.3,8.0,17.7,NW,WNW,C,mm,km/h,mm
2738,2026-05-14,14:30:00,28.0,28.0,28.0,22.0,39.0,22.0,0.0,0.0,767.1,3.2,9.7,NNE,N,C,mm,km/h,mm
2739,2026-05-14,14:45:00,28.0,29.0,28.0,22.0,39.0,21.0,0.0,0.0,767.2,4.8,19.3,NW,NNW,C,mm,km/h,mm
2740,2026-05-14,15:00:00,28.0,29.0,28.0,22.0,38.0,23.0,0.0,0.0,767.1,3.2,12.9,NNW,NW,C,mm,km/h,mm
2741,2026-05-14,15:15:00,28.0,29.0,28.0,22.0,38.0,23.0,0.0,0.0,767.0,4.8,16.1,NW,WSW,C,mm,km/h,mm
2742,2026-05-14,15:30:00,28.0,28.0,28.0,23.0,38.0,25.0,0.0,0.0,767.1,6.4,22.5,NW,NW,C,mm,km/h,mm
2743,2026-05-14,15:45:00,28.0,28.0,28.0,23.0,38.0,23.0,0.0,0.0,767.1,4.8,14.5,NNW,NW,C,mm,km/h,mm
2744,2026-05-14,16:00:00,27.0,28.0,27.0,23.0,37.0,24.0,0.0,0.0,767.2,6.4,17.7,NNW,N,C,mm,km/h,mm
2745,2026-05-14,16:15:00,27.0,27.0,27.0,23.0,37.0,23.0,0.0,0.0,767.3,6.4,22.5,NNW,NW,C,mm,km/h,mm
2746,2026-05-14,16:30:00,27.0,27.0,27.0,23.0,37.0,24.0,0.0,0.0,767.4,6.4,20.9,NW,N,C,mm,km/h,mm
2747,2026-05-14,16:45:00,26.0,27.0,26.0,23.0,37.0,25.0,0.0,0.0,767.6,4.8,12.9,NNW,NNW,C,mm,km/h,mm
2748,2026-05-14,17:00:00,25.0,26.0,25.0,23.0,37.0,26.0,0.0,0.0,767.5,4.8,17.7,NNW,WNW,C,mm,km/h,mm
2749,2026-05-14,17:15:00,24.0,25.0,24.0,23.0,37.0,29.0,0.0,0.0,767.6,4.8,17.7,NW,NNE,C,mm,km/h,mm
2750,2026-05-14,17:30:00,24.0,24.0,24.0,23.0,37.0,32.0,0.0,0.0,767.9,3.2,11.3,NNE,NW,C,mm,km/h,mm
2751,2026-05-14,17:45:00,23.0,24.0,23.0,23.0,37.0,34.0,0.0,0.0,768.2,1.6,11.3,NW,NW,C,mm,km/h,mm
2752,2026-05-14,18:00:00,23.0,23.0,23.0,23.0,37.0,36.0,0.0,0.0,768.4,3.2,11.3,NNW,NNW,C,mm,km/h,mm
2753,2026-05-14,18:15:00,22.0,23.0,22.0,23.0,37.0,37.0,0.0,0.0,768.6,1.6,11.3,NNW,NW,C,mm,km/h,mm
2754,2026-05-14,18:30:00,22.0,22.0,22.0,23.0,37.0,37.0,0.0,0.0,768.8,1.6,9.7,NNW,NNW,C,mm,km/h,mm
2755,2026-05-14,18:45:00,22.0,22.0,22.0,23.0,37.0,41.0,0.0,0.0,769.0,3.2,14.5,NNW,WNW,C,mm,km/h,mm
2756,2026-05-14,19:00:00,21.0,22.0,21.0,23.0,37.0,45.0,0.0,0.0,769.2,0.0,6.4,NW,WNW,C,mm,km/h,mm
2757,2026-05-14,19:15:00,21.0,21.0,21.0,23.0,37.0,47.0,0.0,0.0,769.5,0.0,6.4,NNW,NW,C,mm,km/h,mm
2758,2026-05-14,19:30:00,21.0,21.0,21.0,23.0,37.0,45.0,0.0,0.0,769.7,1.6,6.4,NNW,NW,C,mm,km/h,mm
2759,2026-05-14,19:45:00,21.0,21.0,21.0,23.0,37.0,43.0,0.0,0.0,769.7,1.6,6.4,NNW,WNW,C,mm,km/h,mm
2760,2026-05-14,20:00:00,20.0,21.0,20.0,23.0,38.0,41.0,0.0,0.0,769.9,1.6,6.4,NNW,NNW,C,mm,km/h,mm
2761,2026-05-14,20:15:00,20.0,20.0,20.0,23.0,38.0,41.0,0.0,0.0,770.0,0.0,6.4,NNW,NNW,C,mm,km/h,mm
2762,2026-05-14,20:30:00,19.0,20.0,19.0,23.0,38.0,44.0,0.0,0.0,770.2,0.0,0.0,,,C,mm,km/h,mm
2763,2026-05-14,20:45:00,19.0,19.0,19.0,23.0,38.0,45.0,0.0,0.0,770.3,0.0,1.6,N,ENE,C,mm,km/h,mm
2764,2026-05-14,21:00:00,19.0,19.0,19.0,23.0,38.0,43.0,0.0,0.0,770.5,0.0,3.2,NNW,NW,C,mm,km/h,mm
2765,2026-05-14,21:15:00,19.0,19.0,19.0,23.0,38.0,40.0,0.0,0.0,770.5,0.0,4.8,NNW,NNE,C,mm,km/h,mm
2766,2026-05-14,21:30:00,19.0,19.0,19.0,23.0,38.0,39.0,0.0,0.0,770.6,0.0,6.4,NW,NW,C,mm,km/h,mm
2767,2026-05-14,21:45:00,18.0,19.0,18.0,23.0,37.0,42.0,0.0,0.0,770.6,0.0,1.6,WNW,W,C,mm,km/h,mm
2768,2026-05-14,22:00:00,18.0,18.0,18.0,23.0,37.0,51.0,0.0,0.0,770.5,0.0,1.6,N,N,C,mm,km/h,mm
2769,2026-05-14,22:15:00,17.0,18.0,17.0,23.0,37.0,52.0,0.0,0.0,770.5,0.0,1.6,NNW,NNW,C,mm,km/h,mm
2770,2026-05-14,22:30:00,16.0,17.0,16.0,23.0,37.0,54.0,0.0,0.0,770.5,0.0,0.0,,,C,mm,km/h,mm
2771,2026-05-14,22:45:00,15.0,16.0,15.0,23.0,37.0,56.0,0.0,0.0,770.3,0.0,0.0,,,C,mm,km/h,mm
2772,2026-05-14,23:00:00,15.0,15.0,15.0,23.0,37.0,57.0,0.0,0.0,770.0,0.0,0.0,,,C,mm,km/h,mm
2773,2026-05-14,23:15:00,15.0,15.0,15.0,23.0,37.0,57.0,0.0,0.0,770.0,0.0,0.0,,,C,mm,km/h,mm
2774,2026-05-14,23:30:00,15.0,15.0,15.0,23.0,38.0,61.0,0.0,0.0,769.9,0.0,0.0,,,C,mm,km/h,mm
2775,2026-05-14,23:45:00,14.0,15.0,14.0,23.0,38.0,62.0,0.0,0.0,769.7,0.0,0.0,,,C,mm,km/h,mm
2776,2026-05-15,00:15:00,13.0,13.0,13.0,23.0,38.0,67.0,0.0,0.0,769.5,0.0,0.0,,,C,mm,km/h,mm
2777,2026-05-15,00:30:00,13.0,13.0,13.0,23.0,38.0,67.0,0.0,0.0,769.4,0.0,0.0,,,C,mm,km/h,mm
2778,2026-05-15,00:45:00,13.0,13.0,13.0,23.0,38.0,69.0,0.0,0.0,769.3,0.0,0.0,,,C,mm,km/h,mm
2779,2026-05-15,01:00:00,12.0,13.0,12.0,23.0,38.0,71.0,0.0,0.0,769.2,0.0,0.0,,,C,mm,km/h,mm
2780,2026-05-15,01:15:00,12.0,12.0,12.0,23.0,38.0,72.0,0.0,0.0,769.1,0.0,0.0,,,C,mm,km/h,mm
2781,2026-05-15,01:30:00,11.0,12.0,11.0,23.0,38.0,71.0,0.0,0.0,768.9,0.0,0.0,,,C,mm,km/h,mm
2782,2026-05-15,01:45:00,12.0,12.0,11.0,23.0,38.0,73.0,0.0,0.0,768.8,0.0,0.0,,,C,mm,km/h,mm
2783,2026-05-15,02:00:00,11.0,12.0,11.0,23.0,38.0,76.0,0.0,0.0,768.8,0.0,0.0,,,C,mm,km/h,mm
2784,2026-05-15,02:15:00,11.0,11.0,11.0,22.0,39.0,77.0,0.0,0.0,768.8,0.0,0.0,,,C,mm,km/h,mm
2785,2026-05-15,02:30:00,10.0,11.0,10.0,22.0,39.0,79.0,0.0,0.0,768.7,0.0,0.0,,,C,mm,km/h,mm
2786,2026-05-15,02:45:00,10.0,11.0,10.0,22.0,39.0,79.0,0.0,0.0,768.6,0.0,0.0,,,C,mm,km/h,mm
2787,2026-05-15,03:00:00,10.0,10.0,10.0,22.0,39.0,79.0,0.0,0.0,768.5,0.0,0.0,,,C,mm,km/h,mm
2788,2026-05-15,03:15:00,10.0,10.0,10.0,22.0,39.0,81.0,0.0,0.0,768.7,0.0,0.0,,,C,mm,km/h,mm
2789,2026-05-15,03:30:00,10.0,10.0,10.0,22.0,39.0,82.0,0.0,0.0,768.7,0.0,0.0,,,C,mm,km/h,mm
2790,2026-05-15,03:45:00,10.0,10.0,10.0,22.0,39.0,81.0,0.0,0.0,768.7,0.0,0.0,,,C,mm,km/h,mm
2791,2026-05-15,04:00:00,10.0,10.0,10.0,22.0,39.0,82.0,0.0,0.0,768.9,0.0,0.0,,,C,mm,km/h,mm
2792,2026-05-15,04:15:00,10.0,10.0,10.0,22.0,39.0,82.0,0.0,0.0,769.0,0.0,0.0,,,C,mm,km/h,mm
2793,2026-05-15,04:30:00,9.0,10.0,9.0,22.0,39.0,83.0,0.0,0.0,769.0,0.0,0.0,,,C,mm,km/h,mm
2794,2026-05-15,04:45:00,9.0,9.0,9.0,22.0,39.0,85.0,0.0,0.0,769.1,0.0,0.0,,,C,mm,km/h,mm
2795,2026-05-15,05:00:00,9.0,9.0,9.0,22.0,39.0,85.0,0.0,0.0,769.2,0.0,0.0,,,C,mm,km/h,mm
2796,2026-05-15,05:15:00,10.0,10.0,9.0,22.0,40.0,85.0,0.0,0.0,769.3,0.0,0.0,,,C,mm,km/h,mm
2797,2026-05-15,05:30:00,10.0,10.0,10.0,22.0,40.0,85.0,0.0,0.0,769.5,0.0,0.0,,,C,mm,km/h,mm
2798,2026-05-15,05:45:00,10.0,10.0,10.0,22.0,40.0,84.0,0.0,0.0,769.6,0.0,0.0,,,C,mm,km/h,mm
2799,2026-05-15,06:00:00,12.0,12.0,10.0,22.0,40.0,75.0,0.0,0.0,769.7,0.0,0.0,,,C,mm,km/h,mm
2800,2026-05-15,06:15:00,14.0,14.0,12.0,22.0,40.0,68.0,0.0,0.0,769.8,0.0,0.0,,,C,mm,km/h,mm
2801,2026-05-15,06:30:00,16.0,16.0,14.0,22.0,40.0,64.0,0.0,0.0,769.9,0.0,0.0,,,C,mm,km/h,mm
2802,2026-05-15,06:45:00,17.0,17.0,16.0,22.0,40.0,56.0,0.0,0.0,770.0,0.0,1.6,ESE,ESE,C,mm,km/h,mm
2803,2026-05-15,07:00:00,19.0,19.0,17.0,22.0,40.0,52.0,0.0,0.0,770.0,0.0,0.0,,,C,mm,km/h,mm
2804,2026-05-15,07:15:00,20.0,20.0,19.0,22.0,40.0,49.0,0.0,0.0,770.0,0.0,3.2,ESE,E,C,mm,km/h,mm
2805,2026-05-15,07:30:00,20.0,20.0,20.0,22.0,40.0,48.0,0.0,0.0,770.1,0.0,4.8,ESE,SE,C,mm,km/h,mm
2806,2026-05-15,07:45:00,21.0,21.0,20.0,22.0,40.0,45.0,0.0,0.0,770.1,0.0,4.8,SE,SE,C,mm,km/h,mm
2807,2026-05-15,08:00:00,21.0,21.0,21.0,22.0,40.0,45.0,0.0,0.0,770.1,0.0,4.8,SE,SSE,C,mm,km/h,mm
2808,2026-05-15,08:15:00,23.0,23.0,21.0,22.0,40.0,41.0,0.0,0.0,770.0,0.0,3.2,N,N,C,mm,km/h,mm
2809,2026-05-15,08:30:00,23.0,23.0,23.0,22.0,40.0,38.0,0.0,0.0,769.9,0.0,3.2,NE,NE,C,mm,km/h,mm
2810,2026-05-15,08:45:00,23.0,23.0,23.0,22.0,40.0,38.0,0.0,0.0,769.8,0.0,4.8,SE,NE,C,mm,km/h,mm
2811,2026-05-15,09:00:00,24.0,24.0,23.0,22.0,40.0,37.0,0.0,0.0,769.7,1.6,6.4,SSE,SSE,C,mm,km/h,mm
2812,2026-05-15,09:15:00,24.0,24.0,24.0,22.0,40.0,32.0,0.0,0.0,769.6,1.6,4.8,SSE,SSE,C,mm,km/h,mm
2813,2026-05-15,09:30:00,25.0,25.0,24.0,22.0,40.0,32.0,0.0,0.0,769.4,0.0,4.8,SSE,SSW,C,mm,km/h,mm
2814,2026-05-15,09:45:00,26.0,26.0,25.0,22.0,39.0,31.0,0.0,0.0,769.3,0.0,4.8,SSE,SE,C,mm,km/h,mm
2815,2026-05-15,10:00:00,27.0,27.0,26.0,22.0,39.0,25.0,0.0,0.0,769.3,1.6,8.0,ENE,WSW,C,mm,km/h,mm
2816,2026-05-15,10:15:00,27.0,27.0,27.0,22.0,39.0,24.0,0.0,0.0,769.2,3.2,9.7,SE,WNW,C,mm,km/h,mm
2817,2026-05-15,10:30:00,28.0,28.0,27.0,22.0,39.0,23.0,0.0,0.0,769.1,3.2,9.7,NW,NNW,C,mm,km/h,mm
2818,2026-05-15,10:45:00,28.0,28.0,27.0,22.0,38.0,22.0,0.0,0.0,768.9,3.2,12.9,NW,N,C,mm,km/h,mm
2819,2026-05-15,11:00:00,28.0,29.0,28.0,22.0,38.0,23.0,0.0,0.0,768.8,4.8,12.9,NNW,NNW,C,mm,km/h,mm
2820,2026-05-15,11:15:00,29.0,29.0,28.0,22.0,37.0,21.0,0.0,0.0,768.7,4.8,12.9,NW,NW,C,mm,km/h,mm
2821,2026-05-15,11:30:00,29.0,29.0,29.0,22.0,37.0,20.0,0.0,0.0,768.6,3.2,9.7,NNE,NNE,C,mm,km/h,mm
2822,2026-05-15,11:45:00,29.0,29.0,29.0,22.0,37.0,21.0,0.0,0.0,768.4,3.2,16.1,NW,NNW,C,mm,km/h,mm
2823,2026-05-15,12:00:00,30.0,30.0,29.0,22.0,36.0,20.0,0.0,0.0,768.2,3.2,11.3,NW,ENE,C,mm,km/h,mm
2824,2026-05-15,12:15:00,29.0,30.0,29.0,22.0,36.0,20.0,0.0,0.0,768.0,3.2,11.3,NNE,WNW,C,mm,km/h,mm
2825,2026-05-15,12:30:00,29.0,30.0,29.0,22.0,35.0,19.0,0.0,0.0,767.8,3.2,12.9,NE,NW,C,mm,km/h,mm
2826,2026-05-15,12:45:00,30.0,30.0,29.0,22.0,35.0,18.0,0.0,0.0,767.6,1.6,9.7,NNW,SSE,C,mm,km/h,mm
2827,2026-05-15,13:00:00,30.0,30.0,30.0,22.0,35.0,20.0,0.0,0.0,767.5,3.2,11.3,NNW,WNW,C,mm,km/h,mm
2828,2026-05-15,13:15:00,30.0,30.0,30.0,22.0,34.0,19.0,0.0,0.0,767.3,3.2,12.9,NW,W,C,mm,km/h,mm
2829,2026-05-15,13:30:00,30.0,30.0,30.0,22.0,34.0,19.0,0.0,0.0,767.1,3.2,16.1,NW,WNW,C,mm,km/h,mm
2830,2026-05-15,13:45:00,30.0,30.0,30.0,22.0,34.0,21.0,0.0,0.0,767.0,3.2,11.3,WNW,NNW,C,mm,km/h,mm
2831,2026-05-15,14:00:00,31.0,31.0,30.0,23.0,33.0,19.0,0.0,0.0,766.7,1.6,12.9,N,N,C,mm,km/h,mm
2832,2026-05-15,14:15:00,30.0,31.0,30.0,23.0,33.0,20.0,0.0,0.0,766.6,1.6,12.9,NNE,NNE,C,mm,km/h,mm
2833,2026-05-15,14:30:00,30.0,30.0,30.0,23.0,33.0,18.0,0.0,0.0,766.4,4.8,17.7,NW,NW,C,mm,km/h,mm
2834,2026-05-15,14:45:00,31.0,31.0,30.0,23.0,33.0,17.0,0.0,0.0,766.3,3.2,17.7,NW,NW,C,mm,km/h,mm
2835,2026-05-15,15:00:00,30.0,31.0,30.0,23.0,32.0,18.0,0.0,0.0,766.3,6.4,19.3,NNW,NNW,C,mm,km/h,mm
2836,2026-05-15,15:15:00,30.0,30.0,30.0,23.0,32.0,17.0,0.0,0.0,766.2,4.8,14.5,NNW,NW,C,mm,km/h,mm
2837,2026-05-15,15:30:00,30.0,30.0,30.0,23.0,32.0,18.0,0.0,0.0,766.1,1.6,9.7,NNW,NNW,C,mm,km/h,mm
2838,2026-05-15,15:45:00,30.0,30.0,30.0,23.0,32.0,17.0,0.0,0.0,766.0,3.2,14.5,NNW,NNW,C,mm,km/h,mm
2839,2026-05-15,16:00:00,30.0,30.0,30.0,23.0,31.0,18.0,0.0,0.0,766.0,3.2,14.5,NNW,N,C,mm,km/h,mm
2840,2026-05-15,16:15:00,30.0,30.0,30.0,23.0,31.0,18.0,0.0,0.0,766.0,1.6,9.7,NNW,N,C,mm,km/h,mm
2841,2026-05-15,16:30:00,29.0,30.0,29.0,23.0,31.0,17.0,0.0,0.0,766.0,3.2,14.5,NW,NW,C,mm,km/h,mm
2842,2026-05-15,16:45:00,28.0,29.0,28.0,23.0,31.0,18.0,0.0,0.0,766.0,1.6,8.0,NNW,W,C,mm,km/h,mm
2843,2026-05-15,17:00:00,28.0,28.0,28.0,23.0,31.0,18.0,0.0,0.0,766.2,1.6,12.9,NNW,W,C,mm,km/h,mm
2844,2026-05-15,17:15:00,27.0,28.0,27.0,23.0,31.0,20.0,0.0,0.0,766.3,1.6,9.7,NW,WNW,C,mm,km/h,mm
2845,2026-05-15,17:30:00,26.0,27.0,26.0,23.0,31.0,22.0,0.0,0.0,766.5,0.0,8.0,NNW,NW,C,mm,km/h,mm
2846,2026-05-15,17:45:00,26.0,26.0,26.0,23.0,30.0,24.0,0.0,0.0,766.5,0.0,3.2,NNW,NNW,C,mm,km/h,mm
2847,2026-05-15,18:00:00,25.0,26.0,25.0,23.0,30.0,25.0,0.0,0.0,766.7,1.6,9.7,NE,NE,C,mm,km/h,mm
2848,2026-05-15,18:15:00,25.0,25.0,25.0,23.0,30.0,24.0,0.0,0.0,766.7,1.6,8.0,NE,WNW,C,mm,km/h,mm
2849,2026-05-15,18:30:00,25.0,25.0,25.0,23.0,30.0,27.0,0.0,0.0,767.1,0.0,4.8,NNW,NE,C,mm,km/h,mm
2850,2026-05-15,18:45:00,24.0,25.0,24.0,23.0,30.0,29.0,0.0,0.0,767.3,0.0,8.0,NNW,N,C,mm,km/h,mm
2851,2026-05-15,19:00:00,23.0,24.0,23.0,23.0,30.0,32.0,0.0,0.0,767.5,0.0,9.7,NE,NE,C,mm,km/h,mm
2852,2026-05-15,19:15:00,23.0,23.0,23.0,23.0,30.0,33.0,0.0,0.0,767.6,0.0,11.3,NE,NNE,C,mm,km/h,mm
2853,2026-05-15,19:30:00,23.0,23.0,23.0,23.0,30.0,33.0,0.0,0.0,767.7,1.6,11.3,NNE,N,C,mm,km/h,mm
2854,2026-05-15,19:45:00,23.0,23.0,23.0,23.0,30.0,36.0,0.0,0.0,767.9,0.0,6.4,NE,NNE,C,mm,km/h,mm
2855,2026-05-15,20:00:00,22.0,23.0,22.0,23.0,30.0,38.0,0.0,0.0,768.1,0.0,11.3,NE,NNE,C,mm,km/h,mm
2856,2026-05-15,20:15:00,22.0,22.0,22.0,23.0,31.0,41.0,0.0,0.0,768.3,0.0,0.0,,,C,mm,km/h,mm
2857,2026-05-15,20:30:00,21.0,22.0,21.0,23.0,31.0,43.0,0.0,0.0,768.5,0.0,0.0,,,C,mm,km/h,mm
2858,2026-05-15,20:45:00,21.0,21.0,21.0,23.0,31.0,42.0,0.0,0.0,768.5,0.0,3.2,NNE,NNE,C,mm,km/h,mm
2859,2026-05-15,21:00:00,21.0,21.0,21.0,23.0,31.0,42.0,0.0,0.0,768.7,0.0,3.2,N,N,C,mm,km/h,mm
2860,2026-05-15,21:15:00,21.0,21.0,21.0,23.0,32.0,43.0,0.0,0.0,768.9,0.0,3.2,NNW,NNW,C,mm,km/h,mm
2861,2026-05-15,21:30:00,20.0,21.0,20.0,23.0,32.0,43.0,0.0,0.0,768.8,0.0,1.6,NE,NE,C,mm,km/h,mm
2862,2026-05-15,21:45:00,20.0,20.0,20.0,23.0,32.0,44.0,0.0,0.0,768.9,0.0,0.0,,,C,mm,km/h,mm
2863,2026-05-15,22:00:00,20.0,20.0,20.0,23.0,32.0,43.0,0.0,0.0,768.9,0.0,0.0,,,C,mm,km/h,mm
2864,2026-05-15,22:15:00,20.0,20.0,20.0,23.0,33.0,44.0,0.0,0.0,768.9,0.0,0.0,,,C,mm,km/h,mm
2865,2026-05-15,22:30:00,19.0,20.0,19.0,23.0,33.0,47.0,0.0,0.0,768.8,0.0,0.0,,,C,mm,km/h,mm
2866,2026-05-15,22:45:00,19.0,19.0,19.0,23.0,33.0,47.0,0.0,0.0,768.7,0.0,0.0,,,C,mm,km/h,mm
2867,2026-05-15,23:00:00,19.0,19.0,19.0,23.0,33.0,49.0,0.0,0.0,768.6,0.0,0.0,,,C,mm,km/h,mm
2868,2026-05-15,23:15:00,19.0,19.0,19.0,23.0,34.0,49.0,0.0,0.0,768.6,0.0,0.0,,,C,mm,km/h,mm
2869,2026-05-15,23:30:00,18.0,19.0,18.0,23.0,34.0,50.0,0.0,0.0,768.6,0.0,0.0,,,C,mm,km/h,mm
2870,2026-05-15,23:45:00,18.0,18.0,18.0,23.0,34.0,51.0,0.0,0.0,768.6,0.0,0.0,,,C,mm,km/h,mm
2871,2026-05-16,00:15:00,18.0,18.0,18.0,23.0,35.0,53.0,0.0,0.0,768.4,0.0,0.0,,,C,mm,km/h,mm
2872,2026-05-16,00:30:00,17.0,18.0,17.0,23.0,35.0,53.0,0.0,0.0,768.3,0.0,0.0,,,C,mm,km/h,mm
2873,2026-05-16,00:45:00,16.0,17.0,16.0,23.0,35.0,55.0,0.0,0.0,768.1,0.0,0.0,,,C,mm,km/h,mm
2874,2026-05-16,01:00:00,16.0,16.0,16.0,23.0,35.0,57.0,0.0,0.0,768.1,0.0,0.0,,,C,mm,km/h,mm
2875,2026-05-16,01:15:00,15.0,16.0,15.0,23.0,35.0,60.0,0.0,0.0,768.0,0.0,0.0,,,C,mm,km/h,mm
2876,2026-05-16,01:30:00,14.0,15.0,14.0,23.0,35.0,63.0,0.0,0.0,767.9,0.0,0.0,,,C,mm,km/h,mm
2877,2026-05-16,01:45:00,14.0,14.0,14.0,23.0,35.0,65.0,0.0,0.0,767.9,0.0,0.0,,,C,mm,km/h,mm
2878,2026-05-16,02:00:00,13.0,14.0,13.0,23.0,35.0,66.0,0.0,0.0,767.8,0.0,0.0,,,C,mm,km/h,mm
2879,2026-05-16,02:15:00,14.0,14.0,13.0,23.0,36.0,67.0,0.0,0.0,767.9,0.0,0.0,,,C,mm,km/h,mm
2880,2026-05-16,02:30:00,14.0,14.0,14.0,23.0,36.0,68.0,0.0,0.0,767.9,0.0,0.0,,,C,mm,km/h,mm
2881,2026-05-16,02:45:00,14.0,14.0,14.0,23.0,36.0,67.0,0.0,0.0,767.9,0.0,0.0,,,C,mm,km/h,mm
2882,2026-05-16,03:00:00,13.0,14.0,13.0,23.0,36.0,70.0,0.0,0.0,767.9,0.0,0.0,,,C,mm,km/h,mm
2883,2026-05-16,03:15:00,12.0,13.0,12.0,23.0,36.0,71.0,0.0,0.0,768.0,0.0,0.0,,,C,mm,km/h,mm
2884,2026-05-16,03:30:00,12.0,13.0,12.0,23.0,36.0,72.0,0.0,0.0,768.1,0.0,0.0,,,C,mm,km/h,mm
2885,2026-05-16,03:45:00,12.0,12.0,12.0,23.0,37.0,71.0,0.0,0.0,768.2,0.0,0.0,,,C,mm,km/h,mm
2886,2026-05-16,04:00:00,12.0,12.0,12.0,23.0,37.0,74.0,0.0,0.0,768.3,0.0,0.0,,,C,mm,km/h,mm
2887,2026-05-16,04:15:00,12.0,12.0,12.0,23.0,37.0,74.0,0.0,0.0,768.4,0.0,0.0,,,C,mm,km/h,mm
2888,2026-05-16,04:30:00,12.0,12.0,12.0,23.0,37.0,74.0,0.0,0.0,768.5,0.0,0.0,,,C,mm,km/h,mm
2889,2026-05-16,04:45:00,12.0,12.0,12.0,23.0,37.0,75.0,0.0,0.0,768.7,0.0,0.0,,,C,mm,km/h,mm
2890,2026-05-16,05:00:00,12.0,12.0,12.0,23.0,37.0,75.0,0.0,0.0,768.8,0.0,0.0,,,C,mm,km/h,mm
2891,2026-05-16,05:15:00,13.0,13.0,12.0,23.0,37.0,74.0,0.0,0.0,769.0,0.0,0.0,,,C,mm,km/h,mm
2892,2026-05-16,05:30:00,13.0,13.0,13.0,23.0,37.0,73.0,0.0,0.0,769.0,0.0,0.0,,,C,mm,km/h,mm
2893,2026-05-16,05:45:00,14.0,14.0,13.0,23.0,37.0,74.0,0.0,0.0,769.0,0.0,0.0,,,C,mm,km/h,mm
2894,2026-05-16,06:00:00,15.0,15.0,14.0,23.0,38.0,67.0,0.0,0.0,769.2,0.0,0.0,,,C,mm,km/h,mm
2895,2026-05-16,06:15:00,17.0,17.0,15.0,23.0,38.0,61.0,0.0,0.0,769.3,0.0,0.0,,,C,mm,km/h,mm
2896,2026-05-16,06:30:00,18.0,18.0,17.0,23.0,38.0,51.0,0.0,0.0,769.4,0.0,0.0,,,C,mm,km/h,mm
2897,2026-05-16,06:45:00,20.0,20.0,18.0,23.0,38.0,49.0,0.0,0.0,769.4,0.0,0.0,,,C,mm,km/h,mm
2898,2026-05-16,07:00:00,21.0,21.0,20.0,23.0,38.0,46.0,0.0,0.0,769.5,0.0,0.0,,,C,mm,km/h,mm
2899,2026-05-16,07:15:00,22.0,22.0,21.0,23.0,37.0,44.0,0.0,0.0,769.6,0.0,1.6,SE,E,C,mm,km/h,mm
2900,2026-05-16,07:30:00,23.0,23.0,22.0,23.0,38.0,42.0,0.0,0.0,769.6,0.0,3.2,SE,SE,C,mm,km/h,mm
2901,2026-05-16,07:45:00,23.0,24.0,23.0,23.0,37.0,42.0,0.0,0.0,769.6,0.0,3.2,NNW,NNW,C,mm,km/h,mm
2902,2026-05-16,08:00:00,24.0,24.0,23.0,23.0,37.0,40.0,0.0,0.0,769.6,0.0,3.2,WNW,WNW,C,mm,km/h,mm
2903,2026-05-16,08:15:00,25.0,25.0,24.0,23.0,37.0,37.0,0.0,0.0,769.5,0.0,3.2,W,N,C,mm,km/h,mm
2904,2026-05-16,08:30:00,26.0,26.0,25.0,23.0,37.0,39.0,0.0,0.0,769.4,0.0,4.8,WNW,WNW,C,mm,km/h,mm
2905,2026-05-16,08:45:00,26.0,26.0,26.0,23.0,38.0,39.0,0.0,0.0,769.3,0.0,3.2,SE,SE,C,mm,km/h,mm
2906,2026-05-16,09:00:00,26.0,26.0,26.0,23.0,38.0,41.0,0.0,0.0,769.1,0.0,4.8,S,SSE,C,mm,km/h,mm
2907,2026-05-16,09:15:00,27.0,27.0,26.0,23.0,38.0,38.0,0.0,0.0,769.0,1.6,6.4,SSE,NNE,C,mm,km/h,mm
2908,2026-05-16,09:30:00,27.0,27.0,27.0,23.0,38.0,38.0,0.0,0.0,769.0,0.0,8.0,SSE,SSE,C,mm,km/h,mm
2909,2026-05-16,09:45:00,28.0,28.0,27.0,23.0,38.0,36.0,0.0,0.0,768.9,0.0,6.4,SSE,SSE,C,mm,km/h,mm
2910,2026-05-16,10:00:00,28.0,28.0,28.0,23.0,38.0,36.0,0.0,0.0,768.7,0.0,4.8,SSE,NE,C,mm,km/h,mm
2911,2026-05-16,10:15:00,28.0,28.0,28.0,23.0,39.0,35.0,0.0,0.0,768.6,1.6,8.0,NE,SSE,C,mm,km/h,mm
2912,2026-05-16,10:30:00,29.0,29.0,28.0,23.0,39.0,30.0,0.0,0.0,768.3,1.6,9.7,NE,WNW,C,mm,km/h,mm
2913,2026-05-16,10:45:00,29.0,29.0,29.0,23.0,39.0,31.0,0.0,0.0,768.2,1.6,9.7,NNW,WNW,C,mm,km/h,mm
2914,2026-05-16,11:00:00,30.0,30.0,29.0,23.0,39.0,30.0,0.0,0.0,768.0,1.6,9.7,SSE,WNW,C,mm,km/h,mm
2915,2026-05-16,11:15:00,29.0,30.0,29.0,23.0,39.0,30.0,0.0,0.0,767.9,3.2,9.7,NW,NW,C,mm,km/h,mm
2916,2026-05-16,11:30:00,30.0,30.0,29.0,23.0,39.0,30.0,0.0,0.0,767.6,1.6,8.0,NW,NW,C,mm,km/h,mm
2917,2026-05-16,11:45:00,29.0,30.0,29.0,23.0,39.0,31.0,0.0,0.0,767.4,3.2,9.7,SSE,SSE,C,mm,km/h,mm
2918,2026-05-16,12:00:00,30.0,30.0,29.0,23.0,39.0,30.0,0.0,0.0,767.2,1.6,6.4,SSE,SSE,C,mm,km/h,mm
2919,2026-05-16,12:15:00,29.0,30.0,29.0,23.0,39.0,31.0,0.0,0.0,767.0,3.2,8.0,SSE,SSW,C,mm,km/h,mm
2920,2026-05-16,12:30:00,30.0,30.0,29.0,23.0,39.0,30.0,0.0,0.0,766.7,1.6,12.9,SE,SSW,C,mm,km/h,mm
2921,2026-05-16,12:45:00,30.0,30.0,30.0,23.0,38.0,30.0,0.0,0.0,766.6,3.2,9.7,SSE,SSE,C,mm,km/h,mm
2922,2026-05-16,13:00:00,31.0,31.0,30.0,23.0,38.0,28.0,0.0,0.0,766.4,0.0,6.4,WNW,ENE,C,mm,km/h,mm
2923,2026-05-16,13:15:00,32.0,32.0,31.0,23.0,38.0,27.0,0.0,0.0,766.1,1.6,11.3,NNE,N,C,mm,km/h,mm
2924,2026-05-16,13:30:00,30.0,32.0,30.0,23.0,38.0,25.0,0.0,0.0,765.7,0.0,6.4,SSE,S,C,mm,km/h,mm
2925,2026-05-16,13:45:00,31.0,31.0,30.0,24.0,38.0,25.0,0.0,0.0,765.6,0.0,6.4,NE,NE,C,mm,km/h,mm
2926,2026-05-16,14:00:00,29.0,31.0,29.0,24.0,37.0,22.0,0.0,0.0,765.8,1.6,12.9,NNE,ENE,C,mm,km/h,mm
2927,2026-05-16,14:15:00,29.0,29.0,29.0,24.0,37.0,24.0,0.0,0.0,765.7,0.0,4.8,NNE,NNE,C,mm,km/h,mm
2928,2026-05-16,14:30:00,28.0,29.0,28.0,24.0,36.0,27.0,0.0,0.0,765.3,0.0,0.0,,,C,mm,km/h,mm
2929,2026-05-16,14:45:00,28.0,28.0,28.0,24.0,36.0,26.0,0.0,0.0,765.1,0.0,0.0,,,C,mm,km/h,mm
2930,2026-05-16,15:00:00,27.0,28.0,27.0,24.0,36.0,39.0,0.0,0.0,765.2,0.0,8.0,N,NE,C,mm,km/h,mm
2931,2026-05-16,15:15:00,27.0,27.0,27.0,24.0,35.0,37.0,0.0,0.0,765.2,0.0,4.8,S,SW,C,mm,km/h,mm
2932,2026-05-16,15:30:00,26.0,27.0,26.0,24.0,36.0,39.0,0.0,0.0,765.0,1.6,9.7,NW,NNW,C,mm,km/h,mm
2933,2026-05-16,15:45:00,26.0,26.0,26.0,24.0,36.0,40.0,0.0,0.0,765.3,0.0,4.8,N,SW,C,mm,km/h,mm
2934,2026-05-16,16:00:00,26.0,26.0,26.0,24.0,36.0,41.0,0.0,0.0,765.2,0.0,6.4,NW,W,C,mm,km/h,mm
2935,2026-05-16,16:15:00,26.0,26.0,25.0,24.0,36.0,41.0,0.0,0.0,765.3,1.6,6.4,NNW,NNW,C,mm,km/h,mm
2936,2026-05-16,16:30:00,25.0,26.0,25.0,24.0,36.0,42.0,0.0,0.0,765.6,1.6,8.0,NNW,NNE,C,mm,km/h,mm
2937,2026-05-16,16:45:00,25.0,25.0,25.0,24.0,36.0,41.0,0.0,0.0,765.8,1.6,9.7,NNW,WNW,C,mm,km/h,mm
2938,2026-05-16,17:00:00,25.0,25.0,25.0,24.0,37.0,42.0,0.0,0.0,765.9,1.6,9.7,NNW,NNW,C,mm,km/h,mm
2939,2026-05-16,17:15:00,26.0,26.0,25.0,24.0,37.0,41.0,0.0,0.0,766.1,3.2,9.7,NNW,WNW,C,mm,km/h,mm
2940,2026-05-16,17:30:00,25.0,26.0,25.0,24.0,37.0,43.0,0.0,0.0,766.4,4.8,16.1,NW,SW,C,mm,km/h,mm
2941,2026-05-16,17:45:00,24.0,25.0,24.0,24.0,37.0,45.0,0.0,0.0,766.5,4.8,14.5,NNW,NW,C,mm,km/h,mm
2942,2026-05-16,18:00:00,23.0,24.0,23.0,24.0,37.0,50.0,0.0,0.0,766.7,3.2,16.1,NW,NNW,C,mm,km/h,mm
2943,2026-05-16,18:15:00,20.0,23.0,20.0,24.0,39.0,63.0,0.4,9.8,767.4,1.6,14.5,NNE,ENE,C,mm,km/h,mm
2944,2026-05-16,18:30:00,17.0,20.0,17.0,24.0,40.0,81.0,3.0,54.0,767.9,6.4,20.9,NNE,NNE,C,mm,km/h,mm
2945,2026-05-16,18:45:00,17.0,17.0,17.0,24.0,41.0,80.0,0.2,2.2,768.1,0.0,6.4,NNE,N,C,mm,km/h,mm
2946,2026-05-16,19:00:00,17.0,17.0,17.0,24.0,41.0,79.0,0.0,0.0,768.0,1.6,14.5,NNW,NNE,C,mm,km/h,mm
2947,2026-05-16,19:15:00,18.0,18.0,17.0,24.0,41.0,75.0,0.0,0.0,768.1,3.2,12.9,NNW,NW,C,mm,km/h,mm
2948,2026-05-16,19:30:00,18.0,18.0,18.0,24.0,41.0,73.0,0.0,0.0,768.6,1.6,11.3,NNW,N,C,mm,km/h,mm
2949,2026-05-16,19:45:00,18.0,18.0,18.0,24.0,42.0,71.0,0.0,0.0,768.8,1.6,9.7,NW,N,C,mm,km/h,mm
2950,2026-05-16,20:00:00,18.0,18.0,18.0,24.0,42.0,72.0,0.0,0.0,769.1,0.0,3.2,NNW,NNW,C,mm,km/h,mm
2951,2026-05-16,20:15:00,18.0,18.0,18.0,24.0,42.0,70.0,0.0,0.0,769.2,0.0,4.8,NW,NW,C,mm,km/h,mm
2952,2026-05-16,20:30:00,18.0,19.0,18.0,24.0,42.0,70.0,0.0,0.0,769.4,0.0,1.6,N,N,C,mm,km/h,mm
2953,2026-05-16,20:45:00,19.0,19.0,18.0,24.0,42.0,64.0,0.0,0.0,769.5,0.0,8.0,NW,W,C,mm,km/h,mm
2954,2026-05-16,21:00:00,18.0,19.0,18.0,24.0,42.0,67.0,0.0,0.0,769.5,1.6,8.0,WNW,WNW,C,mm,km/h,mm
2955,2026-05-16,21:15:00,18.0,18.0,18.0,24.0,42.0,67.0,0.0,0.0,769.6,0.0,6.4,NW,W,C,mm,km/h,mm
2956,2026-05-16,21:30:00,18.0,18.0,18.0,24.0,42.0,69.0,0.0,0.0,769.5,1.6,8.0,NNW,NW,C,mm,km/h,mm
2957,2026-05-16,21:45:00,17.0,18.0,17.0,24.0,42.0,70.0,0.0,0.0,769.3,0.0,4.8,WNW,WSW,C,mm,km/h,mm
2958,2026-05-16,22:00:00,17.0,17.0,17.0,24.0,43.0,72.0,0.0,0.0,769.1,0.0,0.0,,,C,mm,km/h,mm
2959,2026-05-16,22:15:00,16.0,17.0,16.0,24.0,43.0,75.0,0.0,0.0,768.9,0.0,0.0,,,C,mm,km/h,mm
2960,2026-05-16,22:30:00,16.0,16.0,16.0,23.0,43.0,79.0,0.0,0.0,768.9,0.0,0.0,,,C,mm,km/h,mm
2961,2026-05-16,22:45:00,15.0,16.0,15.0,23.0,43.0,82.0,0.0,0.0,768.8,0.0,0.0,,,C,mm,km/h,mm
2962,2026-05-16,23:00:00,14.0,15.0,14.0,23.0,43.0,84.0,0.0,0.0,768.6,0.0,0.0,,,C,mm,km/h,mm
2963,2026-05-16,23:15:00,14.0,14.0,14.0,23.0,44.0,86.0,0.0,0.0,768.6,0.0,0.0,,,C,mm,km/h,mm
2964,2026-05-16,23:30:00,14.0,14.0,14.0,23.0,44.0,89.0,0.0,0.0,768.3,0.0,0.0,,,C,mm,km/h,mm
2965,2026-05-16,23:45:00,14.0,14.0,14.0,23.0,44.0,89.0,0.0,0.0,768.2,0.0,0.0,,,C,mm,km/h,mm
2966,2026-05-17,00:15:00,14.0,14.0,14.0,23.0,45.0,90.0,0.0,0.0,767.8,0.0,0.0,,,C,mm,km/h,mm
2967,2026-05-17,00:30:00,14.0,14.0,14.0,23.0,45.0,91.0,0.0,0.0,767.7,0.0,0.0,,,C,mm,km/h,mm
2968,2026-05-17,00:45:00,14.0,14.0,13.0,23.0,45.0,91.0,0.0,0.0,767.6,0.0,0.0,,,C,mm,km/h,mm
2969,2026-05-17,01:00:00,14.0,14.0,14.0,23.0,45.0,90.0,0.0,0.0,767.6,0.0,0.0,,,C,mm,km/h,mm
2970,2026-05-17,01:15:00,14.0,14.0,14.0,23.0,45.0,90.0,0.0,0.0,767.5,0.0,0.0,,,C,mm,km/h,mm
2971,2026-05-17,01:30:00,14.0,14.0,14.0,23.0,46.0,91.0,0.0,0.0,767.4,0.0,0.0,,,C,mm,km/h,mm
2972,2026-05-17,01:45:00,13.0,14.0,13.0,23.0,46.0,91.0,0.0,0.0,767.5,0.0,0.0,,,C,mm,km/h,mm
2973,2026-05-17,02:00:00,13.0,13.0,13.0,23.0,46.0,92.0,0.0,0.0,767.6,0.0,0.0,,,C,mm,km/h,mm
2974,2026-05-17,02:15:00,14.0,14.0,13.0,23.0,46.0,92.0,0.0,0.0,767.5,0.0,0.0,,,C,mm,km/h,mm
2975,2026-05-17,02:30:00,14.0,14.0,14.0,23.0,46.0,85.0,0.0,0.0,767.5,0.0,0.0,,,C,mm,km/h,mm
2976,2026-05-17,02:45:00,14.0,14.0,14.0,23.0,46.0,83.0,0.0,0.0,767.3,0.0,0.0,,,C,mm,km/h,mm
2977,2026-05-17,03:00:00,14.0,14.0,14.0,23.0,46.0,83.0,0.0,0.0,767.3,0.0,0.0,,,C,mm,km/h,mm
2978,2026-05-17,03:15:00,13.0,14.0,13.0,23.0,46.0,84.0,0.0,0.0,767.3,0.0,0.0,,,C,mm,km/h,mm
2979,2026-05-17,03:30:00,13.0,13.0,13.0,23.0,46.0,86.0,0.0,0.0,767.3,0.0,0.0,,,C,mm,km/h,mm
2980,2026-05-17,03:45:00,13.0,13.0,13.0,23.0,46.0,88.0,0.0,0.0,767.2,0.0,0.0,,,C,mm,km/h,mm
2981,2026-05-17,04:00:00,13.0,13.0,13.0,23.0,46.0,89.0,0.0,0.0,767.1,0.0,0.0,,,C,mm,km/h,mm
2982,2026-05-17,04:15:00,12.0,13.0,12.0,23.0,46.0,90.0,0.0,0.0,767.2,0.0,0.0,,,C,mm,km/h,mm
2983,2026-05-17,04:30:00,12.0,12.0,12.0,23.0,46.0,91.0,0.0,0.0,767.3,0.0,0.0,,,C,mm,km/h,mm
2984,2026-05-17,04:45:00,12.0,12.0,12.0,23.0,46.0,92.0,0.0,0.0,767.4,0.0,0.0,,,C,mm,km/h,mm
2985,2026-05-17,05:00:00,12.0,12.0,12.0,23.0,46.0,93.0,0.0,0.0,767.4,0.0,0.0,,,C,mm,km/h,mm
2986,2026-05-17,05:15:00,13.0,13.0,12.0,23.0,46.0,94.0,0.0,0.0,767.6,0.0,0.0,,,C,mm,km/h,mm
2987,2026-05-17,05:30:00,13.0,13.0,13.0,23.0,46.0,94.0,0.0,0.0,767.8,0.0,0.0,,,C,mm,km/h,mm
2988,2026-05-17,05:45:00,13.0,13.0,13.0,23.0,46.0,93.0,0.0,0.0,768.0,0.0,0.0,,,C,mm,km/h,mm
2989,2026-05-17,06:00:00,15.0,15.0,13.0,23.0,47.0,89.0,0.0,0.0,768.1,0.0,0.0,,,C,mm,km/h,mm
2990,2026-05-17,06:15:00,16.0,16.0,15.0,23.0,47.0,84.0,0.0,0.0,768.2,0.0,0.0,,,C,mm,km/h,mm
2991,2026-05-17,06:30:00,17.0,17.0,16.0,23.0,47.0,79.0,0.0,0.0,768.4,0.0,0.0,,,C,mm,km/h,mm
2992,2026-05-17,06:45:00,18.0,18.0,17.0,23.0,47.0,75.0,0.0,0.0,768.5,0.0,1.6,SE,SE,C,mm,km/h,mm
2993,2026-05-17,07:00:00,19.0,19.0,18.0,23.0,47.0,68.0,0.0,0.0,768.7,0.0,1.6,NE,NE,C,mm,km/h,mm
2994,2026-05-17,07:15:00,20.0,20.0,19.0,23.0,47.0,65.0,0.0,0.0,768.7,0.0,1.6,SE,ESE,C,mm,km/h,mm
2995,2026-05-17,07:30:00,20.0,21.0,20.0,23.0,47.0,63.0,0.0,0.0,768.8,0.0,1.6,SE,ESE,C,mm,km/h,mm
2996,2026-05-17,07:45:00,22.0,22.0,20.0,23.0,46.0,60.0,0.0,0.0,768.8,0.0,3.2,SE,SE,C,mm,km/h,mm
2997,2026-05-17,08:00:00,23.0,23.0,22.0,23.0,46.0,57.0,0.0,0.0,768.9,0.0,1.6,NNW,NNW,C,mm,km/h,mm
2998,2026-05-17,08:15:00,23.0,23.0,23.0,23.0,46.0,54.0,0.0,0.0,768.9,0.0,3.2,NW,NW,C,mm,km/h,mm
2999,2026-05-17,08:30:00,23.0,24.0,23.0,23.0,46.0,52.0,0.0,0.0,768.8,1.6,11.3,NW,N,C,mm,km/h,mm
3000,2026-05-17,08:45:00,24.0,24.0,23.0,23.0,46.0,48.0,0.0,0.0,768.7,0.0,4.8,SSE,SE,C,mm,km/h,mm
3001,2026-05-17,09:00:00,24.0,24.0,24.0,23.0,46.0,48.0,0.0,0.0,768.6,1.6,8.0,NNE,NNE,C,mm,km/h,mm
3002,2026-05-17,09:15:00,25.0,25.0,24.0,23.0,46.0,45.0,0.0,0.0,768.6,0.0,4.8,NE,NNE,C,mm,km/h,mm
3003,2026-05-17,09:30:00,26.0,26.0,25.0,23.0,46.0,42.0,0.0,0.0,768.5,0.0,4.8,N,N,C,mm,km/h,mm
3004,2026-05-17,09:45:00,26.0,26.0,26.0,23.0,46.0,43.0,0.0,0.0,768.5,1.6,9.7,NE,NNW,C,mm,km/h,mm
3005,2026-05-17,10:00:00,26.0,26.0,26.0,23.0,46.0,41.0,0.0,0.0,768.4,1.6,8.0,WNW,W,C,mm,km/h,mm
3006,2026-05-17,10:15:00,27.0,27.0,26.0,23.0,45.0,40.0,0.0,0.0,768.4,0.0,4.8,SSE,SSE,C,mm,km/h,mm
3007,2026-05-17,10:30:00,28.0,28.0,27.0,23.0,45.0,40.0,0.0,0.0,768.2,1.6,6.4,NE,WNW,C,mm,km/h,mm
3008,2026-05-17,10:45:00,28.0,28.0,28.0,23.0,45.0,40.0,0.0,0.0,768.1,1.6,8.0,NW,NW,C,mm,km/h,mm
3009,2026-05-17,11:00:00,28.0,28.0,27.0,23.0,45.0,40.0,0.0,0.0,767.9,1.6,9.7,WNW,NW,C,mm,km/h,mm
3010,2026-05-17,11:15:00,27.0,28.0,27.0,23.0,45.0,40.0,0.0,0.0,767.8,0.0,6.4,ENE,SE,C,mm,km/h,mm
3011,2026-05-17,11:30:00,27.0,28.0,27.0,23.0,45.0,40.0,0.0,0.0,767.5,1.6,6.4,SSE,SSE,C,mm,km/h,mm
3012,2026-05-17,11:45:00,28.0,28.0,27.0,23.0,45.0,39.0,0.0,0.0,767.3,0.0,6.4,NNE,NNE,C,mm,km/h,mm
3013,2026-05-17,12:00:00,29.0,29.0,28.0,23.0,45.0,38.0,0.0,0.0,767.2,1.6,12.9,NNE,N,C,mm,km/h,mm
3014,2026-05-17,12:15:00,28.0,29.0,28.0,23.0,45.0,38.0,0.0,0.0,767.0,1.6,8.0,SSE,SE,C,mm,km/h,mm
3015,2026-05-17,12:30:00,29.0,29.0,28.0,23.0,45.0,37.0,0.0,0.0,766.7,1.6,8.0,S,SSE,C,mm,km/h,mm
3016,2026-05-17,12:45:00,29.0,29.0,28.0,23.0,45.0,37.0,0.0,0.0,766.5,1.6,11.3,NE,N,C,mm,km/h,mm
3017,2026-05-17,13:00:00,29.0,29.0,29.0,23.0,44.0,36.0,0.0,0.0,766.3,1.6,6.4,SSE,NW,C,mm,km/h,mm
3018,2026-05-17,13:15:00,30.0,30.0,29.0,23.0,44.0,35.0,0.0,0.0,766.0,1.6,9.7,NNE,NNE,C,mm,km/h,mm
3019,2026-05-17,13:30:00,29.0,30.0,29.0,23.0,44.0,36.0,0.0,0.0,765.7,1.6,6.4,SSE,SSE,C,mm,km/h,mm
3020,2026-05-17,13:45:00,28.0,29.0,28.0,23.0,44.0,37.0,0.0,0.0,765.5,1.6,11.3,SSE,SE,C,mm,km/h,mm
3021,2026-05-17,14:00:00,27.0,28.0,27.0,23.0,44.0,38.0,0.0,0.0,765.5,0.0,3.2,SSE,SSE,C,mm,km/h,mm
3022,2026-05-17,14:15:00,26.0,27.0,26.0,23.0,44.0,46.0,0.0,0.0,765.8,4.8,22.5,SSE,SSE,C,mm,km/h,mm
3023,2026-05-17,14:30:00,21.0,26.0,21.0,23.0,44.0,71.0,0.6,11.0,766.0,6.4,22.5,S,SSE,C,mm,km/h,mm
3024,2026-05-17,14:45:00,19.0,21.0,19.0,23.0,45.0,80.0,1.0,11.0,766.0,1.6,6.4,SSE,SSE,C,mm,km/h,mm
3025,2026-05-17,15:00:00,18.0,19.0,18.0,23.0,46.0,85.0,0.0,0.0,765.9,0.0,0.0,,,C,mm,km/h,mm
3026,2026-05-17,15:15:00,19.0,19.0,18.0,23.0,46.0,81.0,0.0,0.0,765.8,0.0,1.6,NNE,ENE,C,mm,km/h,mm
3027,2026-05-17,15:30:00,20.0,20.0,19.0,23.0,46.0,81.0,0.0,0.0,765.4,0.0,0.0,,,C,mm,km/h,mm
3028,2026-05-17,15:45:00,20.0,20.0,20.0,23.0,47.0,83.0,0.0,0.0,765.2,0.0,0.0,,,C,mm,km/h,mm
3029,2026-05-17,16:00:00,21.0,21.0,20.0,23.0,47.0,77.0,0.0,0.0,765.3,0.0,1.6,N,N,C,mm,km/h,mm
3030,2026-05-17,16:15:00,21.0,21.0,21.0,24.0,48.0,72.0,0.0,0.0,765.4,0.0,0.0,,,C,mm,km/h,mm
3031,2026-05-17,16:30:00,21.0,21.0,21.0,23.0,48.0,71.0,0.0,0.0,765.5,0.0,0.0,,,C,mm,km/h,mm
3032,2026-05-17,16:45:00,21.0,21.0,21.0,24.0,48.0,71.0,0.0,0.0,765.7,0.0,0.0,,,C,mm,km/h,mm
3033,2026-05-17,17:00:00,21.0,21.0,21.0,24.0,48.0,69.0,0.0,0.0,765.8,0.0,1.6,NNW,NNW,C,mm,km/h,mm
3034,2026-05-17,17:15:00,22.0,22.0,21.0,24.0,48.0,60.0,0.0,0.0,766.2,0.0,9.7,NW,WSW,C,mm,km/h,mm
3035,2026-05-17,17:30:00,22.0,22.0,22.0,24.0,48.0,55.0,0.0,0.0,766.4,6.4,20.9,NW,NNW,C,mm,km/h,mm
3036,2026-05-17,17:45:00,21.0,21.0,21.0,24.0,48.0,57.0,0.0,0.0,766.7,4.8,20.9,NNW,NNW,C,mm,km/h,mm
3037,2026-05-17,18:00:00,20.0,21.0,20.0,24.0,47.0,68.0,0.8,25.0,767.0,0.0,6.4,NNW,NW,C,mm,km/h,mm
3038,2026-05-17,18:15:00,18.0,20.0,18.0,23.0,47.0,77.0,0.6,14.8,767.0,0.0,3.2,N,N,C,mm,km/h,mm
3039,2026-05-17,18:30:00,17.0,18.0,17.0,23.0,48.0,81.0,0.0,0.0,767.6,0.0,3.2,NNE,NNE,C,mm,km/h,mm
3040,2026-05-17,18:45:00,17.0,17.0,17.0,23.0,48.0,80.0,0.0,0.0,767.9,1.6,12.9,NNE,NNE,C,mm,km/h,mm
3041,2026-05-17,19:00:00,16.0,17.0,16.0,23.0,48.0,80.0,0.0,0.0,768.3,1.6,12.9,NNE,E,C,mm,km/h,mm
3042,2026-05-17,19:15:00,16.0,16.0,16.0,23.0,48.0,83.0,0.0,0.0,768.7,1.6,8.0,NE,ESE,C,mm,km/h,mm
3043,2026-05-17,19:30:00,16.0,16.0,16.0,23.0,48.0,84.0,0.0,0.0,769.0,1.6,14.5,NNE,NNE,C,mm,km/h,mm
3044,2026-05-17,19:45:00,16.0,16.0,16.0,23.0,48.0,82.0,0.0,0.0,769.3,1.6,9.7,NNE,N,C,mm,km/h,mm
3045,2026-05-17,20:00:00,16.0,16.0,16.0,23.0,48.0,80.0,0.0,0.0,769.5,0.0,4.8,NE,ENE,C,mm,km/h,mm
3046,2026-05-17,20:15:00,16.0,16.0,16.0,23.0,48.0,79.0,0.0,0.0,769.6,0.0,4.8,NE,NNE,C,mm,km/h,mm
3047,2026-05-17,20:30:00,16.0,16.0,16.0,23.0,48.0,78.0,0.0,0.0,769.7,0.0,4.8,NE,NNE,C,mm,km/h,mm
3048,2026-05-17,20:45:00,17.0,17.0,16.0,23.0,48.0,77.0,0.0,0.0,769.9,0.0,6.4,NNE,N,C,mm,km/h,mm
3049,2026-05-17,21:00:00,16.0,17.0,16.0,23.0,48.0,78.0,0.0,0.0,769.9,0.0,0.0,,,C,mm,km/h,mm
3050,2026-05-17,21:15:00,16.0,16.0,16.0,23.0,48.0,78.0,0.0,0.0,769.8,0.0,0.0,,,C,mm,km/h,mm
3051,2026-05-17,21:30:00,15.0,16.0,15.0,23.0,48.0,80.0,0.0,0.0,769.7,0.0,0.0,,,C,mm,km/h,mm
3052,2026-05-17,21:45:00,15.0,15.0,15.0,23.0,48.0,81.0,0.0,0.0,769.6,0.0,0.0,,,C,mm,km/h,mm
3053,2026-05-17,22:00:00,14.0,15.0,14.0,23.0,48.0,84.0,0.0,0.0,769.5,0.0,0.0,,,C,mm,km/h,mm
3054,2026-05-17,22:15:00,14.0,14.0,14.0,23.0,48.0,86.0,0.0,0.0,769.4,0.0,0.0,,,C,mm,km/h,mm
3055,2026-05-17,22:30:00,14.0,14.0,14.0,23.0,48.0,87.0,0.0,0.0,769.4,0.0,0.0,,,C,mm,km/h,mm
3056,2026-05-17,22:45:00,14.0,14.0,14.0,23.0,48.0,88.0,0.0,0.0,769.3,0.0,0.0,,,C,mm,km/h,mm
3057,2026-05-17,23:00:00,13.0,14.0,13.0,23.0,48.0,88.0,0.0,0.0,769.2,0.0,0.0,,,C,mm,km/h,mm
3058,2026-05-17,23:15:00,14.0,14.0,13.0,23.0,48.0,89.0,0.0,0.0,769.1,0.0,0.0,,,C,mm,km/h,mm
3059,2026-05-17,23:30:00,14.0,14.0,14.0,23.0,48.0,87.0,0.0,0.0,769.0,0.0,0.0,,,C,mm,km/h,mm
3060,2026-05-17,23:45:00,13.0,14.0,13.0,23.0,48.0,89.0,0.0,0.0,768.8,0.0,0.0,,,C,mm,km/h,mm
3061,2026-05-18,00:15:00,13.0,13.0,13.0,23.0,48.0,90.0,0.0,0.0,768.6,0.0,0.0,,,C,mm,km/h,mm
3062,2026-05-18,00:30:00,13.0,13.0,13.0,23.0,49.0,90.0,0.0,0.0,768.4,0.0,0.0,,,C,mm,km/h,mm
3063,2026-05-18,00:45:00,13.0,13.0,13.0,23.0,49.0,91.0,0.0,0.0,768.3,0.0,0.0,,,C,mm,km/h,mm
3064,2026-05-18,01:00:00,13.0,13.0,13.0,23.0,49.0,91.0,0.0,0.0,768.0,0.0,0.0,,,C,mm,km/h,mm
3065,2026-05-18,01:15:00,13.0,13.0,13.0,23.0,49.0,92.0,0.0,0.0,768.1,0.0,0.0,,,C,mm,km/h,mm
3066,2026-05-18,01:30:00,13.0,13.0,13.0,23.0,49.0,91.0,0.0,0.0,768.1,0.0,0.0,,,C,mm,km/h,mm
3067,2026-05-18,01:45:00,13.0,13.0,13.0,23.0,49.0,91.0,0.0,0.0,768.0,0.0,0.0,,,C,mm,km/h,mm
3068,2026-05-18,02:00:00,13.0,13.0,13.0,23.0,49.0,91.0,0.0,0.0,768.0,0.0,0.0,,,C,mm,km/h,mm
3069,2026-05-18,02:15:00,13.0,13.0,13.0,23.0,49.0,91.0,0.0,0.0,767.9,0.0,0.0,,,C,mm,km/h,mm
3070,2026-05-18,02:30:00,13.0,13.0,13.0,23.0,48.0,89.0,0.0,0.0,768.0,0.0,0.0,,,C,mm,km/h,mm
3071,2026-05-18,02:45:00,13.0,13.0,13.0,23.0,48.0,89.0,0.0,0.0,767.9,0.0,0.0,,,C,mm,km/h,mm
3072,2026-05-18,03:00:00,12.0,13.0,12.0,22.0,48.0,90.0,0.0,0.0,768.0,0.0,0.0,,,C,mm,km/h,mm
3073,2026-05-18,03:15:00,12.0,12.0,12.0,22.0,48.0,91.0,0.0,0.0,768.0,0.0,0.0,,,C,mm,km/h,mm
3074,2026-05-18,03:30:00,12.0,12.0,12.0,22.0,49.0,93.0,0.0,0.0,767.9,0.0,0.0,,,C,mm,km/h,mm
3075,2026-05-18,03:45:00,12.0,12.0,12.0,22.0,49.0,93.0,0.2,0.0,768.0,0.0,0.0,,,C,mm,km/h,mm
3076,2026-05-18,04:00:00,12.0,12.0,12.0,22.0,48.0,93.0,0.0,0.0,768.1,0.0,0.0,,,C,mm,km/h,mm
3077,2026-05-18,04:15:00,12.0,12.0,12.0,22.0,48.0,93.0,0.0,0.0,768.2,0.0,0.0,,,C,mm,km/h,mm
3078,2026-05-18,04:30:00,12.0,12.0,12.0,22.0,48.0,94.0,0.0,0.0,768.3,0.0,0.0,,,C,mm,km/h,mm
3079,2026-05-18,04:45:00,12.0,12.0,12.0,22.0,49.0,94.0,0.0,0.0,768.5,0.0,0.0,,,C,mm,km/h,mm
3080,2026-05-18,05:00:00,12.0,12.0,12.0,22.0,49.0,94.0,0.0,0.0,768.6,0.0,0.0,,,C,mm,km/h,mm
3081,2026-05-18,05:15:00,12.0,12.0,12.0,22.0,49.0,95.0,0.0,0.0,768.7,0.0,0.0,,,C,mm,km/h,mm
3082,2026-05-18,05:30:00,12.0,12.0,12.0,22.0,52.0,95.0,0.0,0.0,768.9,0.0,0.0,,,C,mm,km/h,mm
3083,2026-05-18,05:45:00,13.0,13.0,12.0,22.0,52.0,95.0,0.0,0.0,768.9,0.0,0.0,,,C,mm,km/h,mm
3084,2026-05-18,06:00:00,13.0,13.0,13.0,22.0,51.0,95.0,0.0,0.0,769.1,0.0,0.0,,,C,mm,km/h,mm
3085,2026-05-18,06:15:00,15.0,15.0,13.0,22.0,50.0,84.0,0.0,0.0,769.1,0.0,0.0,,,C,mm,km/h,mm
3086,2026-05-18,06:30:00,16.0,16.0,15.0,22.0,49.0,79.0,0.0,0.0,769.2,0.0,0.0,,,C,mm,km/h,mm
3087,2026-05-18,06:45:00,17.0,17.0,16.0,22.0,49.0,76.0,0.0,0.0,769.3,0.0,0.0,,,C,mm,km/h,mm
3088,2026-05-18,07:00:00,18.0,18.0,17.0,22.0,49.0,71.0,0.0,0.0,769.5,0.0,1.6,E,E,C,mm,km/h,mm
3089,2026-05-18,07:15:00,19.0,19.0,18.0,22.0,49.0,70.0,0.0,0.0,769.5,0.0,4.8,SE,E,C,mm,km/h,mm
3090,2026-05-18,07:30:00,20.0,20.0,19.0,22.0,49.0,66.0,0.0,0.0,769.5,0.0,1.6,SSE,SSE,C,mm,km/h,mm
3091,2026-05-18,07:45:00,21.0,21.0,20.0,23.0,49.0,64.0,0.0,0.0,769.5,0.0,4.8,NW,WSW,C,mm,km/h,mm
3092,2026-05-18,08:00:00,22.0,22.0,21.0,23.0,49.0,59.0,0.0,0.0,769.6,0.0,3.2,NE,NE,C,mm,km/h,mm
3093,2026-05-18,08:15:00,22.0,22.0,22.0,23.0,48.0,58.0,0.0,0.0,769.6,0.0,4.8,WNW,WNW,C,mm,km/h,mm
3094,2026-05-18,08:30:00,23.0,23.0,22.0,23.0,48.0,54.0,0.0,0.0,769.6,0.0,3.2,W,WNW,C,mm,km/h,mm
3095,2026-05-18,08:45:00,23.0,23.0,23.0,23.0,48.0,54.0,0.0,0.0,769.4,0.0,4.8,SE,SE,C,mm,km/h,mm
3096,2026-05-18,09:00:00,23.0,23.0,23.0,23.0,48.0,52.0,0.0,0.0,769.4,0.0,1.6,ENE,ENE,C,mm,km/h,mm
3097,2026-05-18,09:15:00,25.0,25.0,23.0,23.0,46.0,53.0,0.0,0.0,769.3,0.0,4.8,NE,NE,C,mm,km/h,mm
3098,2026-05-18,09:30:00,25.0,25.0,25.0,23.0,43.0,51.0,0.0,0.0,769.2,0.0,8.0,NE,NNE,C,mm,km/h,mm
3099,2026-05-18,09:45:00,25.0,26.0,25.0,23.0,41.0,46.0,0.0,0.0,769.1,1.6,8.0,SE,SE,C,mm,km/h,mm
3100,2026-05-18,10:00:00,26.0,26.0,25.0,22.0,40.0,46.0,0.0,0.0,768.9,1.6,9.7,NW,N,C,mm,km/h,mm
3101,2026-05-18,10:15:00,26.0,26.0,26.0,22.0,40.0,43.0,0.0,0.0,768.7,1.6,11.3,SSE,N,C,mm,km/h,mm
3102,2026-05-18,10:30:00,27.0,27.0,26.0,22.0,41.0,41.0,0.0,0.0,768.5,1.6,8.0,WNW,NW,C,mm,km/h,mm
3103,2026-05-18,10:45:00,27.0,27.0,27.0,22.0,41.0,38.0,0.0,0.0,768.3,0.0,6.4,NNW,NNW,C,mm,km/h,mm
3104,2026-05-18,11:00:00,28.0,28.0,27.0,22.0,42.0,38.0,0.0,0.0,768.2,1.6,6.4,NNW,S,C,mm,km/h,mm
3105,2026-05-18,11:15:00,28.0,28.0,28.0,23.0,43.0,39.0,0.0,0.0,768.1,1.6,9.7,NNE,NNW,C,mm,km/h,mm
3106,2026-05-18,11:30:00,28.0,28.0,28.0,22.0,41.0,38.0,0.0,0.0,768.0,1.6,11.3,NNE,N,C,mm,km/h,mm
3107,2026-05-18,11:45:00,29.0,29.0,28.0,23.0,44.0,39.0,0.0,0.0,767.9,0.0,6.4,N,E,C,mm,km/h,mm
3108,2026-05-18,12:00:00,29.0,29.0,29.0,23.0,45.0,38.0,0.0,0.0,767.7,1.6,6.4,WNW,WNW,C,mm,km/h,mm
3109,2026-05-18,12:15:00,30.0,30.0,29.0,23.0,45.0,38.0,0.0,0.0,767.6,0.0,6.4,NNE,SSW,C,mm,km/h,mm
3110,2026-05-18,12:30:00,29.0,30.0,29.0,24.0,45.0,37.0,0.0,0.0,767.4,1.6,8.0,SSE,SSE,C,mm,km/h,mm
3111,2026-05-18,12:45:00,29.0,29.0,29.0,24.0,45.0,35.0,0.0,0.0,767.3,1.6,6.4,S,SSE,C,mm,km/h,mm
3112,2026-05-18,13:00:00,30.0,30.0,29.0,24.0,45.0,33.0,0.0,0.0,767.1,1.6,6.4,NE,N,C,mm,km/h,mm
3113,2026-05-18,13:15:00,30.0,30.0,30.0,24.0,45.0,32.0,0.0,0.0,766.9,1.6,8.0,NNW,NE,C,mm,km/h,mm
3114,2026-05-18,13:30:00,30.0,30.0,29.0,24.0,45.0,33.0,0.0,0.0,766.5,1.6,6.4,NNE,ENE,C,mm,km/h,mm
3115,2026-05-18,13:45:00,28.0,30.0,28.0,24.0,45.0,37.0,0.0,0.0,766.4,1.6,11.3,NNE,NNW,C,mm,km/h,mm
3116,2026-05-18,14:00:00,27.0,28.0,27.0,24.0,44.0,37.0,0.0,0.0,766.3,0.0,4.8,S,SSE,C,mm,km/h,mm
3117,2026-05-18,14:15:00,27.0,27.0,27.0,24.0,44.0,36.0,0.0,0.0,766.2,0.0,0.0,,,C,mm,km/h,mm
3118,2026-05-18,14:30:00,26.0,27.0,26.0,24.0,44.0,36.0,0.0,0.0,766.2,0.0,0.0,,,C,mm,km/h,mm
3119,2026-05-18,14:45:00,26.0,26.0,26.0,24.0,44.0,40.0,0.0,0.0,766.3,1.6,12.9,S,SSE,C,mm,km/h,mm
3120,2026-05-18,15:00:00,28.0,28.0,26.0,24.0,44.0,38.0,0.0,0.0,766.1,1.6,8.0,SSE,SSW,C,mm,km/h,mm
3121,2026-05-18,15:15:00,28.0,28.0,28.0,24.0,44.0,37.0,0.0,0.0,765.9,1.6,11.3,SE,SE,C,mm,km/h,mm
3122,2026-05-18,15:30:00,27.0,28.0,27.0,24.0,43.0,38.0,0.0,0.0,765.9,0.0,4.8,SE,SE,C,mm,km/h,mm
3123,2026-05-18,15:45:00,27.0,27.0,27.0,24.0,43.0,40.0,0.0,0.0,766.0,1.6,8.0,SSE,SSE,C,mm,km/h,mm
3124,2026-05-18,16:00:00,26.0,27.0,26.0,24.0,43.0,42.0,0.0,0.0,766.1,3.2,9.7,NNW,NNW,C,mm,km/h,mm
3125,2026-05-18,16:15:00,26.0,26.0,26.0,24.0,43.0,41.0,0.0,0.0,766.2,0.0,6.4,NW,SW,C,mm,km/h,mm
3126,2026-05-18,16:30:00,25.0,26.0,25.0,24.0,43.0,42.0,0.0,0.0,766.6,1.6,9.7,NW,NW,C,mm,km/h,mm
3127,2026-05-18,16:45:00,24.0,25.0,24.0,24.0,43.0,46.0,0.0,0.0,766.6,1.6,14.5,NE,NNE,C,mm,km/h,mm
3128,2026-05-18,17:00:00,24.0,24.0,24.0,24.0,43.0,48.0,0.0,0.0,766.5,0.0,3.2,NNE,NNE,C,mm,km/h,mm
3129,2026-05-18,17:15:00,24.0,24.0,24.0,24.0,43.0,48.0,0.0,0.0,766.5,0.0,1.6,NNE,NNE,C,mm,km/h,mm
3130,2026-05-18,17:30:00,23.0,24.0,23.0,24.0,43.0,49.0,0.0,0.0,766.6,0.0,1.6,NW,NE,C,mm,km/h,mm
3131,2026-05-18,17:45:00,23.0,23.0,23.0,24.0,43.0,51.0,0.0,0.0,766.9,0.0,1.6,N,N,C,mm,km/h,mm
3132,2026-05-18,18:00:00,23.0,23.0,23.0,24.0,43.0,52.0,0.0,0.0,767.4,0.0,6.4,NE,NNE,C,mm,km/h,mm
3133,2026-05-18,18:15:00,23.0,23.0,23.0,24.0,43.0,53.0,0.0,0.0,767.6,0.0,11.3,N,N,C,mm,km/h,mm
3134,2026-05-18,18:30:00,22.0,23.0,22.0,24.0,43.0,54.0,0.0,0.0,767.8,1.6,12.9,NE,N,C,mm,km/h,mm
3135,2026-05-18,18:45:00,22.0,22.0,22.0,24.0,43.0,52.0,0.0,0.0,768.2,0.0,8.0,NNE,NE,C,mm,km/h,mm
3136,2026-05-18,19:00:00,22.0,22.0,22.0,24.0,43.0,53.0,0.0,0.0,768.3,0.0,3.2,NW,NW,C,mm,km/h,mm
3137,2026-05-18,19:15:00,22.0,22.0,22.0,24.0,43.0,58.0,0.0,0.0,768.7,0.0,4.8,NE,N,C,mm,km/h,mm
3138,2026-05-18,19:30:00,21.0,22.0,21.0,24.0,44.0,59.0,0.0,0.0,768.7,0.0,6.4,NW,NNW,C,mm,km/h,mm
3139,2026-05-18,19:45:00,21.0,21.0,21.0,24.0,44.0,59.0,0.0,0.0,768.7,0.0,6.4,NW,NW,C,mm,km/h,mm
3140,2026-05-18,20:00:00,21.0,21.0,21.0,24.0,44.0,63.0,0.0,0.0,769.0,3.2,11.3,WNW,W,C,mm,km/h,mm
3141,2026-05-18,20:15:00,20.0,21.0,20.0,24.0,44.0,63.0,0.0,0.0,769.2,4.8,11.3,WNW,W,C,mm,km/h,mm
3142,2026-05-18,20:30:00,20.0,20.0,20.0,24.0,44.0,62.0,0.0,0.0,769.5,3.2,11.3,NNW,SW,C,mm,km/h,mm
3143,2026-05-18,20:45:00,20.0,20.0,20.0,24.0,45.0,63.0,0.0,0.0,769.7,0.0,4.8,NNW,NNW,C,mm,km/h,mm
3144,2026-05-18,21:00:00,19.0,20.0,19.0,24.0,45.0,65.0,0.0,0.0,770.1,0.0,4.8,NW,NNW,C,mm,km/h,mm
3145,2026-05-18,21:15:00,19.0,19.0,19.0,24.0,45.0,66.0,0.0,0.0,770.1,0.0,4.8,W,W,C,mm,km/h,mm
3146,2026-05-18,21:30:00,18.0,19.0,18.0,24.0,45.0,66.0,0.0,0.0,770.1,0.0,1.6,NNW,NW,C,mm,km/h,mm
3147,2026-05-18,21:45:00,18.0,18.0,18.0,24.0,45.0,67.0,0.0,0.0,770.1,0.0,6.4,ESE,NNW,C,mm,km/h,mm
3148,2026-05-18,22:00:00,18.0,18.0,18.0,24.0,45.0,68.0,0.0,0.0,770.2,0.0,6.4,WNW,WNW,C,mm,km/h,mm
3149,2026-05-18,22:15:00,18.0,18.0,18.0,24.0,45.0,68.0,0.0,0.0,770.1,0.0,4.8,WNW,ENE,C,mm,km/h,mm
3150,2026-05-18,22:30:00,18.0,18.0,18.0,24.0,45.0,69.0,0.0,0.0,770.2,0.0,1.6,W,W,C,mm,km/h,mm
3151,2026-05-18,22:45:00,18.0,18.0,18.0,24.0,45.0,69.0,0.0,0.0,770.1,0.0,1.6,SW,WNW,C,mm,km/h,mm
3152,2026-05-18,23:00:00,17.0,18.0,17.0,24.0,45.0,70.0,0.0,0.0,769.9,0.0,0.0,,,C,mm,km/h,mm
3153,2026-05-18,23:15:00,17.0,17.0,17.0,24.0,45.0,70.0,0.0,0.0,769.9,0.0,0.0,,,C,mm,km/h,mm
3154,2026-05-18,23:30:00,17.0,17.0,17.0,24.0,45.0,72.0,0.0,0.0,769.8,0.0,0.0,,,C,mm,km/h,mm
3155,2026-05-18,23:45:00,16.0,17.0,16.0,24.0,45.0,74.0,0.0,0.0,769.7,0.0,0.0,,,C,mm,km/h,mm
3156,2026-05-19,00:15:00,15.0,15.0,15.0,24.0,45.0,80.0,0.0,0.0,769.5,0.0,0.0,,,C,mm,km/h,mm
3157,2026-05-19,00:30:00,15.0,15.0,15.0,24.0,45.0,80.0,0.0,0.0,769.3,0.0,0.0,,,C,mm,km/h,mm
3158,2026-05-19,00:45:00,15.0,15.0,14.0,24.0,45.0,81.0,0.0,0.0,769.3,0.0,0.0,,,C,mm,km/h,mm
3159,2026-05-19,01:00:00,14.0,15.0,14.0,23.0,45.0,81.0,0.0,0.0,769.2,0.0,0.0,,,C,mm,km/h,mm
3160,2026-05-19,01:15:00,14.0,14.0,14.0,23.0,45.0,83.0,0.0,0.0,769.1,0.0,0.0,,,C,mm,km/h,mm
3161,2026-05-19,01:30:00,14.0,14.0,14.0,23.0,46.0,84.0,0.0,0.0,768.9,0.0,0.0,,,C,mm,km/h,mm
3162,2026-05-19,01:45:00,14.0,14.0,14.0,23.0,46.0,84.0,0.0,0.0,768.8,0.0,0.0,,,C,mm,km/h,mm
3163,2026-05-19,02:00:00,14.0,14.0,14.0,23.0,46.0,84.0,0.0,0.0,768.8,0.0,0.0,,,C,mm,km/h,mm
3164,2026-05-19,02:15:00,14.0,14.0,14.0,23.0,46.0,85.0,0.0,0.0,768.8,0.0,0.0,,,C,mm,km/h,mm
3165,2026-05-19,02:30:00,14.0,14.0,14.0,23.0,46.0,85.0,0.0,0.0,768.8,0.0,0.0,,,C,mm,km/h,mm
3166,2026-05-19,02:45:00,14.0,14.0,14.0,23.0,46.0,84.0,0.0,0.0,768.7,0.0,0.0,,,C,mm,km/h,mm
3167,2026-05-19,03:00:00,13.0,14.0,13.0,23.0,46.0,85.0,0.0,0.0,768.8,0.0,0.0,,,C,mm,km/h,mm
3168,2026-05-19,03:15:00,13.0,13.0,13.0,23.0,46.0,87.0,0.0,0.0,768.9,0.0,0.0,,,C,mm,km/h,mm
3169,2026-05-19,03:30:00,13.0,13.0,13.0,23.0,46.0,87.0,0.0,0.0,768.9,0.0,0.0,,,C,mm,km/h,mm
3170,2026-05-19,03:45:00,13.0,13.0,13.0,23.0,46.0,88.0,0.0,0.0,768.9,0.0,0.0,,,C,mm,km/h,mm
3171,2026-05-19,04:00:00,13.0,13.0,13.0,23.0,46.0,88.0,0.0,0.0,768.9,0.0,0.0,,,C,mm,km/h,mm
3172,2026-05-19,04:15:00,13.0,13.0,13.0,23.0,46.0,89.0,0.0,0.0,769.0,0.0,0.0,,,C,mm,km/h,mm
3173,2026-05-19,04:30:00,13.0,13.0,13.0,23.0,46.0,90.0,0.0,0.0,769.1,0.0,0.0,,,C,mm,km/h,mm
3174,2026-05-19,04:45:00,13.0,13.0,13.0,23.0,47.0,91.0,0.0,0.0,769.1,0.0,0.0,,,C,mm,km/h,mm
3175,2026-05-19,05:00:00,13.0,13.0,13.0,23.0,47.0,91.0,0.0,0.0,769.2,0.0,0.0,,,C,mm,km/h,mm
3176,2026-05-19,05:15:00,13.0,13.0,13.0,23.0,47.0,91.0,0.0,0.0,769.5,0.0,0.0,,,C,mm,km/h,mm
3177,2026-05-19,05:30:00,14.0,14.0,13.0,23.0,47.0,87.0,0.0,0.0,769.7,0.0,0.0,,,C,mm,km/h,mm
3178,2026-05-19,05:45:00,15.0,15.0,14.0,23.0,47.0,81.0,0.0,0.0,769.7,0.0,0.0,,,C,mm,km/h,mm
3179,2026-05-19,06:00:00,16.0,16.0,15.0,23.0,47.0,78.0,0.0,0.0,769.8,0.0,0.0,,,C,mm,km/h,mm
3180,2026-05-19,06:15:00,17.0,17.0,16.0,23.0,47.0,74.0,0.0,0.0,769.8,0.0,1.6,W,W,C,mm,km/h,mm
3181,2026-05-19,06:30:00,18.0,18.0,17.0,23.0,47.0,71.0,0.0,0.0,769.8,0.0,0.0,,,C,mm,km/h,mm
3182,2026-05-19,06:45:00,19.0,19.0,18.0,23.0,47.0,68.0,0.0,0.0,770.0,0.0,0.0,,,C,mm,km/h,mm
3183,2026-05-19,07:00:00,20.0,20.0,19.0,23.0,47.0,66.0,0.0,0.0,770.1,0.0,1.6,S,SE,C,mm,km/h,mm
3184,2026-05-19,07:15:00,21.0,21.0,20.0,23.0,47.0,62.0,0.0,0.0,770.0,0.0,3.2,SSE,SE,C,mm,km/h,mm
3185,2026-05-19,07:30:00,22.0,22.0,21.0,23.0,47.0,59.0,0.0,0.0,770.0,0.0,1.6,SE,SE,C,mm,km/h,mm
3186,2026-05-19,07:45:00,23.0,23.0,22.0,23.0,47.0,56.0,0.0,0.0,770.1,0.0,4.8,NNE,NNE,C,mm,km/h,mm
3187,2026-05-19,08:00:00,23.0,23.0,22.0,24.0,47.0,56.0,0.0,0.0,770.1,0.0,4.8,NNE,NE,C,mm,km/h,mm
3188,2026-05-19,08:15:00,22.0,23.0,22.0,24.0,46.0,57.0,0.0,0.0,770.2,0.0,4.8,SE,SE,C,mm,km/h,mm
3189,2026-05-19,08:30:00,25.0,25.0,22.0,24.0,46.0,51.0,0.0,0.0,770.2,0.0,1.6,WNW,WNW,C,mm,km/h,mm
3190,2026-05-19,08:45:00,25.0,25.0,25.0,24.0,46.0,52.0,0.0,0.0,770.1,0.0,9.7,NNE,NW,C,mm,km/h,mm
3191,2026-05-19,09:00:00,25.0,25.0,25.0,24.0,45.0,50.0,0.0,0.0,770.0,0.0,3.2,NW,ESE,C,mm,km/h,mm
3192,2026-05-19,09:15:00,25.0,25.0,25.0,24.0,42.0,50.0,0.0,0.0,770.0,1.6,3.2,SSE,SSE,C,mm,km/h,mm
3193,2026-05-19,09:30:00,26.0,26.0,25.0,23.0,40.0,47.0,0.0,0.0,769.8,1.6,6.4,NNE,W,C,mm,km/h,mm
3194,2026-05-19,09:45:00,26.0,26.0,26.0,23.0,39.0,46.0,0.0,0.0,769.7,1.6,8.0,NW,NNW,C,mm,km/h,mm
3195,2026-05-19,10:00:00,27.0,27.0,26.0,23.0,38.0,45.0,0.0,0.0,769.6,0.0,8.0,NNE,NNE,C,mm,km/h,mm
3196,2026-05-19,10:15:00,27.0,27.0,27.0,23.0,38.0,46.0,0.0,0.0,769.5,1.6,6.4,NW,NNE,C,mm,km/h,mm
3197,2026-05-19,10:30:00,27.0,27.0,27.0,23.0,38.0,46.0,0.0,0.0,769.4,0.0,4.8,NNW,SE,C,mm,km/h,mm
3198,2026-05-19,10:45:00,27.0,27.0,27.0,23.0,39.0,44.0,0.0,0.0,769.2,0.0,3.2,S,NW,C,mm,km/h,mm
3199,2026-05-19,11:00:00,27.0,27.0,27.0,23.0,40.0,41.0,0.0,0.0,769.1,1.6,8.0,NE,NNE,C,mm,km/h,mm
3200,2026-05-19,11:15:00,27.0,27.0,27.0,23.0,42.0,40.0,0.0,0.0,768.9,3.2,9.7,SSE,N,C,mm,km/h,mm
3201,2026-05-19,11:30:00,28.0,28.0,27.0,23.0,44.0,37.0,0.0,0.0,768.7,3.2,11.3,SSE,NNE,C,mm,km/h,mm
3202,2026-05-19,11:45:00,29.0,29.0,28.0,23.0,44.0,34.0,0.0,0.0,768.6,1.6,9.7,NNE,NW,C,mm,km/h,mm
3203,2026-05-19,12:00:00,29.0,30.0,29.0,24.0,43.0,33.0,0.0,0.0,768.4,1.6,9.7,NNE,N,C,mm,km/h,mm
3204,2026-05-19,12:15:00,29.0,30.0,29.0,24.0,43.0,34.0,0.0,0.0,768.2,0.0,4.8,NE,WNW,C,mm,km/h,mm
3205,2026-05-19,12:30:00,28.0,29.0,28.0,24.0,43.0,34.0,0.0,0.0,768.1,1.6,6.4,NNE,NNE,C,mm,km/h,mm
3206,2026-05-19,12:45:00,27.0,28.0,27.0,24.0,43.0,37.0,0.0,0.0,767.9,0.0,6.4,NE,NE,C,mm,km/h,mm
3207,2026-05-19,13:00:00,27.0,27.0,27.0,24.0,43.0,37.0,0.0,0.0,767.8,0.0,6.4,NNW,WNW,C,mm,km/h,mm
3208,2026-05-19,13:15:00,26.0,27.0,26.0,24.0,43.0,40.0,0.0,0.0,767.8,0.0,4.8,NE,NNW,C,mm,km/h,mm
3209,2026-05-19,13:30:00,25.0,26.0,25.0,24.0,43.0,38.0,0.0,0.0,767.6,1.6,16.1,NNW,NW,C,mm,km/h,mm
3210,2026-05-19,13:45:00,25.0,25.0,25.0,25.0,43.0,38.0,0.0,0.0,767.8,1.6,9.7,NW,NNW,C,mm,km/h,mm
3211,2026-05-19,14:00:00,25.0,25.0,25.0,25.0,43.0,39.0,0.0,0.0,767.5,3.2,12.9,NNW,NW,C,mm,km/h,mm
3212,2026-05-19,14:15:00,25.0,25.0,25.0,25.0,42.0,37.0,0.0,0.0,767.7,1.6,12.9,NNW,NW,C,mm,km/h,mm
3213,2026-05-19,14:30:00,24.0,25.0,24.0,25.0,42.0,48.0,0.0,0.0,768.5,4.8,19.3,SSE,S,C,mm,km/h,mm
3214,2026-05-19,14:45:00,20.0,23.0,20.0,25.0,42.0,58.0,0.0,0.0,768.7,8.0,22.5,SSE,SSW,C,mm,km/h,mm
3215,2026-05-19,15:00:00,20.0,20.0,20.0,25.0,42.0,57.0,0.0,0.0,768.3,4.8,14.5,SSE,SE,C,mm,km/h,mm
3216,2026-05-19,15:15:00,20.0,20.0,20.0,24.0,42.0,60.0,0.0,0.0,768.2,0.0,3.2,SE,SE,C,mm,km/h,mm
3217,2026-05-19,15:30:00,20.0,20.0,20.0,24.0,42.0,59.0,0.0,0.0,767.9,0.0,1.6,E,ESE,C,mm,km/h,mm
3218,2026-05-19,15:45:00,20.0,20.0,20.0,24.0,42.0,60.0,0.0,0.0,768.2,0.0,4.8,NE,SE,C,mm,km/h,mm
3219,2026-05-19,16:00:00,20.0,20.0,20.0,24.0,42.0,59.0,0.0,0.0,768.0,0.0,4.8,NNE,NNE,C,mm,km/h,mm
3220,2026-05-19,16:15:00,20.0,20.0,20.0,24.0,43.0,58.0,0.0,0.0,768.6,1.6,16.1,NE,NW,C,mm,km/h,mm
3221,2026-05-19,16:30:00,20.0,20.0,20.0,24.0,43.0,60.0,0.0,0.0,769.1,3.2,14.5,NNE,NNE,C,mm,km/h,mm
3222,2026-05-19,16:45:00,19.0,20.0,19.0,24.0,43.0,59.0,0.0,0.0,769.5,1.6,11.3,NE,NNE,C,mm,km/h,mm
3223,2026-05-19,17:00:00,19.0,19.0,19.0,24.0,43.0,61.0,0.0,0.0,769.8,3.2,16.1,SSE,S,C,mm,km/h,mm
3224,2026-05-19,17:15:00,19.0,19.0,19.0,24.0,43.0,59.0,0.0,0.0,769.8,0.0,6.4,SE,NNE,C,mm,km/h,mm
3225,2026-05-19,17:30:00,18.0,19.0,18.0,24.0,43.0,62.0,0.0,0.0,769.8,0.0,8.0,SSE,SW,C,mm,km/h,mm
3226,2026-05-19,17:45:00,17.0,18.0,17.0,24.0,43.0,68.0,0.2,0.0,769.7,0.0,8.0,NE,NNE,C,mm,km/h,mm
3227,2026-05-19,18:00:00,17.0,17.0,17.0,24.0,43.0,68.0,0.0,0.0,770.2,0.0,0.0,,,C,mm,km/h,mm
3228,2026-05-19,18:15:00,18.0,18.0,17.0,24.0,43.0,66.0,0.0,0.0,770.5,1.6,9.7,NNW,WNW,C,mm,km/h,mm
3229,2026-05-19,18:30:00,17.0,18.0,17.0,24.0,44.0,72.0,0.0,0.0,771.1,0.0,4.8,SE,SE,C,mm,km/h,mm
3230,2026-05-19,18:45:00,17.0,17.0,17.0,24.0,44.0,75.0,0.2,0.0,771.5,0.0,0.0,,,C,mm,km/h,mm
3231,2026-05-19,19:00:00,16.0,17.0,16.0,24.0,44.0,78.0,0.4,1.2,771.9,0.0,4.8,NNW,NW,C,mm,km/h,mm
3232,2026-05-19,19:15:00,16.0,16.0,16.0,24.0,45.0,79.0,0.2,1.6,772.0,0.0,4.8,NW,N,C,mm,km/h,mm
3233,2026-05-19,19:30:00,16.0,16.0,15.0,24.0,45.0,79.0,0.4,1.4,772.1,0.0,8.0,NW,WSW,C,mm,km/h,mm
3234,2026-05-19,19:45:00,15.0,16.0,15.0,24.0,45.0,82.0,0.0,0.8,772.3,0.0,1.6,NE,NE,C,mm,km/h,mm
3235,2026-05-19,20:00:00,15.0,15.0,15.0,24.0,45.0,86.0,0.0,0.0,772.4,0.0,0.0,,,C,mm,km/h,mm
3236,2026-05-19,20:15:00,15.0,15.0,15.0,24.0,45.0,88.0,0.2,0.0,772.7,0.0,0.0,,,C,mm,km/h,mm
3237,2026-05-19,20:30:00,16.0,16.0,15.0,24.0,46.0,86.0,0.0,0.0,772.7,0.0,3.2,NW,NW,C,mm,km/h,mm
3238,2026-05-19,20:45:00,16.0,16.0,16.0,24.0,46.0,87.0,0.2,0.0,773.2,0.0,1.6,WNW,NW,C,mm,km/h,mm
3239,2026-05-19,21:00:00,16.0,16.0,16.0,24.0,47.0,87.0,0.2,0.0,773.4,0.0,3.2,W,W,C,mm,km/h,mm
3240,2026-05-19,21:15:00,15.0,16.0,15.0,24.0,47.0,84.0,0.0,0.0,773.5,0.0,4.8,NNW,WNW,C,mm,km/h,mm
3241,2026-05-19,21:30:00,15.0,15.0,15.0,23.0,47.0,83.0,0.0,0.0,773.3,0.0,4.8,NNW,WNW,C,mm,km/h,mm
3242,2026-05-19,21:45:00,15.0,15.0,15.0,23.0,47.0,84.0,0.0,0.0,773.2,0.0,1.6,NW,NNW,C,mm,km/h,mm
3243,2026-05-19,22:00:00,15.0,15.0,15.0,23.0,47.0,84.0,0.0,0.0,772.9,0.0,6.4,NW,WNW,C,mm,km/h,mm
3244,2026-05-19,22:15:00,15.0,15.0,15.0,23.0,47.0,83.0,0.0,0.0,772.7,0.0,6.4,WNW,WNW,C,mm,km/h,mm
3245,2026-05-19,22:30:00,15.0,15.0,15.0,23.0,47.0,84.0,0.0,0.0,772.6,0.0,1.6,NW,WNW,C,mm,km/h,mm
3246,2026-05-19,22:45:00,15.0,15.0,15.0,23.0,47.0,84.0,0.0,0.0,772.4,0.0,1.6,SSW,SSW,C,mm,km/h,mm
3247,2026-05-19,23:00:00,15.0,15.0,15.0,23.0,47.0,86.0,0.0,0.0,771.6,0.0,0.0,,,C,mm,km/h,mm
3248,2026-05-19,23:15:00,14.0,15.0,14.0,23.0,47.0,87.0,0.0,0.0,771.0,0.0,0.0,,,C,mm,km/h,mm
3249,2026-05-19,23:30:00,14.0,14.0,14.0,23.0,48.0,89.0,0.0,0.0,770.6,0.0,0.0,,,C,mm,km/h,mm
3250,2026-05-19,23:45:00,14.0,14.0,14.0,23.0,48.0,90.0,0.0,0.0,770.9,0.0,0.0,,,C,mm,km/h,mm
3251,2026-05-20,00:15:00,15.0,15.0,15.0,23.0,48.0,88.0,0.0,0.0,770.4,0.0,0.0,,,C,mm,km/h,mm
3252,2026-05-20,00:30:00,15.0,15.0,15.0,23.0,48.0,87.0,0.0,0.0,770.3,0.0,0.0,,,C,mm,km/h,mm
3253,2026-05-20,00:45:00,15.0,15.0,15.0,23.0,48.0,87.0,0.0,0.0,770.1,0.0,0.0,,,C,mm,km/h,mm
3254,2026-05-20,01:00:00,15.0,15.0,15.0,23.0,48.0,88.0,0.0,0.0,770.0,0.0,0.0,,,C,mm,km/h,mm
3255,2026-05-20,01:15:00,15.0,15.0,15.0,23.0,49.0,88.0,0.0,0.0,770.1,0.0,0.0,,,C,mm,km/h,mm
3256,2026-05-20,01:30:00,14.0,15.0,14.0,23.0,49.0,89.0,0.0,0.0,770.0,0.0,0.0,,,C,mm,km/h,mm
3257,2026-05-20,01:45:00,14.0,14.0,14.0,23.0,49.0,89.0,0.0,0.0,769.8,0.0,0.0,,,C,mm,km/h,mm
3258,2026-05-20,02:00:00,14.0,14.0,14.0,23.0,49.0,90.0,0.0,0.0,770.0,0.0,0.0,,,C,mm,km/h,mm
3259,2026-05-20,02:15:00,14.0,14.0,14.0,23.0,49.0,90.0,0.0,0.0,769.9,0.0,0.0,,,C,mm,km/h,mm
3260,2026-05-20,02:30:00,14.0,14.0,14.0,23.0,49.0,90.0,0.0,0.0,769.9,0.0,0.0,,,C,mm,km/h,mm
3261,2026-05-20,02:45:00,13.0,14.0,13.0,23.0,49.0,92.0,0.0,0.0,770.0,0.0,0.0,,,C,mm,km/h,mm
3262,2026-05-20,03:00:00,13.0,14.0,13.0,23.0,49.0,92.0,0.0,0.0,770.1,0.0,0.0,,,C,mm,km/h,mm
3263,2026-05-20,03:15:00,14.0,14.0,13.0,23.0,49.0,91.0,0.0,0.0,770.5,0.0,3.2,NW,NW,C,mm,km/h,mm
3264,2026-05-20,03:30:00,14.0,14.0,14.0,23.0,49.0,90.0,0.0,0.0,770.7,0.0,0.0,,,C,mm,km/h,mm
3265,2026-05-20,03:45:00,13.0,14.0,13.0,23.0,49.0,90.0,0.0,0.0,771.0,0.0,1.6,NW,SE,C,mm,km/h,mm
3266,2026-05-20,04:00:00,14.0,14.0,13.0,23.0,49.0,87.0,0.0,0.0,771.3,0.0,3.2,NW,NW,C,mm,km/h,mm
3267,2026-05-20,04:15:00,14.0,14.0,13.0,23.0,49.0,86.0,0.0,0.0,771.5,0.0,3.2,WNW,WNW,C,mm,km/h,mm
3268,2026-05-20,04:30:00,14.0,14.0,14.0,22.0,49.0,86.0,0.0,0.0,771.8,1.6,9.7,W,SW,C,mm,km/h,mm
3269,2026-05-20,04:45:00,14.0,14.0,14.0,22.0,49.0,86.0,0.0,0.0,771.8,3.2,16.1,WNW,WSW,C,mm,km/h,mm
3270,2026-05-20,05:00:00,13.0,14.0,13.0,22.0,49.0,86.0,0.0,0.0,771.9,3.2,11.3,NW,N,C,mm,km/h,mm
3271,2026-05-20,05:15:00,13.0,13.0,13.0,22.0,48.0,86.0,0.0,0.0,772.0,1.6,9.7,WNW,WSW,C,mm,km/h,mm
3272,2026-05-20,05:30:00,13.0,13.0,13.0,22.0,48.0,86.0,0.0,0.0,772.1,0.0,6.4,WNW,NNE,C,mm,km/h,mm
3273,2026-05-20,05:45:00,14.0,14.0,13.0,22.0,48.0,86.0,0.0,0.0,772.2,1.6,6.4,NW,WNW,C,mm,km/h,mm
3274,2026-05-20,06:00:00,14.0,14.0,14.0,22.0,48.0,84.0,0.0,0.0,772.0,1.6,6.4,W,NW,C,mm,km/h,mm
3275,2026-05-20,06:15:00,14.0,14.0,14.0,22.0,48.0,83.0,0.0,0.0,771.8,0.0,6.4,NW,N,C,mm,km/h,mm
3276,2026-05-20,06:30:00,15.0,15.0,14.0,22.0,48.0,80.0,0.0,0.0,771.6,0.0,6.4,WNW,ESE,C,mm,km/h,mm
3277,2026-05-20,06:45:00,16.0,16.0,15.0,22.0,48.0,76.0,0.0,0.0,771.5,0.0,6.4,NW,NNW,C,mm,km/h,mm
3278,2026-05-20,07:00:00,17.0,17.0,16.0,22.0,48.0,72.0,0.0,0.0,771.4,1.6,9.7,NW,NW,C,mm,km/h,mm
3279,2026-05-20,07:15:00,18.0,18.0,17.0,22.0,48.0,68.0,0.0,0.0,771.4,1.6,6.4,NNW,W,C,mm,km/h,mm
3280,2026-05-20,07:30:00,18.0,18.0,18.0,22.0,47.0,67.0,0.0,0.0,771.5,1.6,8.0,NNW,NNW,C,mm,km/h,mm
3281,2026-05-20,07:45:00,19.0,19.0,18.0,23.0,47.0,64.0,0.0,0.0,771.5,0.0,9.7,NE,NW,C,mm,km/h,mm
3282,2026-05-20,08:00:00,19.0,19.0,19.0,23.0,47.0,64.0,0.0,0.0,771.3,1.6,8.0,SE,WNW,C,mm,km/h,mm
3283,2026-05-20,08:15:00,21.0,21.0,19.0,23.0,47.0,62.0,0.0,0.0,770.9,0.0,4.8,NNW,SW,C,mm,km/h,mm
3284,2026-05-20,08:30:00,21.0,21.0,21.0,23.0,47.0,58.0,0.0,0.0,770.6,1.6,9.7,NNW,NW,C,mm,km/h,mm
3285,2026-05-20,08:45:00,22.0,22.0,21.0,23.0,47.0,55.0,0.0,0.0,770.4,1.6,8.0,NNW,WNW,C,mm,km/h,mm
3286,2026-05-20,09:00:00,22.0,22.0,22.0,23.0,47.0,54.0,0.0,0.0,770.3,1.6,8.0,NNW,WNW,C,mm,km/h,mm
3287,2026-05-20,09:15:00,23.0,23.0,22.0,23.0,46.0,49.0,0.0,0.0,770.3,1.6,8.0,NE,NW,C,mm,km/h,mm
3288,2026-05-20,09:30:00,23.0,23.0,23.0,23.0,46.0,52.0,0.0,0.0,770.2,1.6,6.4,NNW,NW,C,mm,km/h,mm
3289,2026-05-20,09:45:00,24.0,24.0,23.0,23.0,46.0,49.0,0.0,0.0,770.1,1.6,6.4,NNE,W,C,mm,km/h,mm
3290,2026-05-20,10:00:00,24.0,25.0,24.0,23.0,46.0,46.0,0.0,0.0,770.0,0.0,6.4,NW,WNW,C,mm,km/h,mm
3291,2026-05-20,10:15:00,24.0,25.0,24.0,23.0,45.0,49.0,0.0,0.0,769.7,1.6,9.7,SE,SW,C,mm,km/h,mm
3292,2026-05-20,10:30:00,25.0,25.0,24.0,23.0,45.0,44.0,0.0,0.0,769.5,3.2,12.9,NW,WSW,C,mm,km/h,mm
3293,2026-05-20,10:45:00,25.0,25.0,25.0,24.0,45.0,43.0,0.0,0.0,769.4,3.2,12.9,NNE,WSW,C,mm,km/h,mm
3294,2026-05-20,11:00:00,26.0,26.0,25.0,24.0,45.0,44.0,0.0,0.0,769.2,1.6,11.3,NNW,NW,C,mm,km/h,mm
3295,2026-05-20,11:15:00,26.0,26.0,26.0,24.0,45.0,45.0,0.0,0.0,769.0,1.6,12.9,NW,NW,C,mm,km/h,mm
3296,2026-05-20,11:30:00,26.0,26.0,25.0,24.0,45.0,45.0,0.0,0.0,768.8,1.6,11.3,S,ESE,C,mm,km/h,mm
3297,2026-05-20,11:45:00,26.0,26.0,26.0,24.0,45.0,43.0,0.0,0.0,768.8,3.2,9.7,NNE,NW,C,mm,km/h,mm
3298,2026-05-20,12:00:00,27.0,27.0,26.0,24.0,45.0,43.0,0.0,0.0,768.5,0.0,8.0,WNW,WNW,C,mm,km/h,mm
3299,2026-05-20,12:15:00,27.0,27.0,27.0,24.0,45.0,41.0,0.0,0.0,768.2,3.2,8.0,SSE,N,C,mm,km/h,mm
3300,2026-05-20,12:30:00,28.0,28.0,27.0,24.0,45.0,32.0,0.0,0.0,768.1,3.2,14.5,SSE,NW,C,mm,km/h,mm
3301,2026-05-20,12:45:00,28.0,28.0,27.0,24.0,45.0,35.0,0.0,0.0,767.9,4.8,14.5,NW,NW,C,mm,km/h,mm
3302,2026-05-20,13:00:00,28.0,28.0,28.0,24.0,44.0,33.0,0.0,0.0,767.6,4.8,16.1,NW,N,C,mm,km/h,mm
3303,2026-05-20,13:15:00,28.0,28.0,28.0,24.0,44.0,34.0,0.0,0.0,767.4,4.8,12.9,NNW,NW,C,mm,km/h,mm
3304,2026-05-20,13:30:00,28.0,28.0,28.0,24.0,43.0,32.0,0.0,0.0,767.3,3.2,19.3,NNW,NW,C,mm,km/h,mm
3305,2026-05-20,13:45:00,28.0,28.0,28.0,25.0,43.0,34.0,0.0,0.0,766.9,3.2,14.5,NE,N,C,mm,km/h,mm
3306,2026-05-20,14:00:00,28.0,29.0,28.0,24.0,43.0,34.0,0.0,0.0,766.8,3.2,11.3,NW,NW,C,mm,km/h,mm
3307,2026-05-20,14:15:00,27.0,28.0,27.0,24.0,43.0,37.0,0.0,0.0,766.7,3.2,14.5,NNE,N,C,mm,km/h,mm
3308,2026-05-20,14:30:00,27.0,27.0,27.0,24.0,43.0,36.0,0.0,0.0,766.5,1.6,11.3,NNW,NNW,C,mm,km/h,mm
3309,2026-05-20,14:45:00,27.0,27.0,27.0,24.0,43.0,37.0,0.0,0.0,766.5,0.0,4.8,NNW,N,C,mm,km/h,mm
3310,2026-05-20,15:00:00,27.0,27.0,27.0,24.0,43.0,36.0,0.0,0.0,766.2,0.0,4.8,SSE,NW,C,mm,km/h,mm
3311,2026-05-20,15:15:00,26.0,27.0,26.0,24.0,43.0,38.0,0.0,0.0,766.1,0.0,1.6,NNE,NNE,C,mm,km/h,mm
3312,2026-05-20,15:30:00,26.0,26.0,26.0,24.0,43.0,39.0,0.0,0.0,766.0,0.0,3.2,NE,NE,C,mm,km/h,mm
3313,2026-05-20,15:45:00,26.0,26.0,26.0,24.0,42.0,41.0,0.0,0.0,766.2,0.0,1.6,NW,SSE,C,mm,km/h,mm
3314,2026-05-20,16:00:00,26.0,26.0,26.0,24.0,42.0,45.0,0.0,0.0,766.3,0.0,6.4,NW,NW,C,mm,km/h,mm
3315,2026-05-20,16:15:00,25.0,26.0,25.0,24.0,42.0,52.0,0.0,0.0,766.4,3.2,14.5,NE,N,C,mm,km/h,mm
3316,2026-05-20,16:30:00,23.0,25.0,23.0,24.0,43.0,55.0,0.0,0.0,766.6,3.2,22.5,NE,NNE,C,mm,km/h,mm
3317,2026-05-20,16:45:00,23.0,23.0,23.0,24.0,43.0,56.0,0.0,0.0,766.6,6.4,22.5,NNE,NNE,C,mm,km/h,mm
3318,2026-05-20,17:00:00,22.0,23.0,22.0,24.0,44.0,56.0,0.0,0.0,767.0,3.2,12.9,NNE,NNE,C,mm,km/h,mm
3319,2026-05-20,17:15:00,22.0,22.0,22.0,24.0,44.0,58.0,0.0,0.0,767.4,1.6,14.5,NNE,N,C,mm,km/h,mm
3320,2026-05-20,17:30:00,22.0,22.0,22.0,24.0,44.0,58.0,0.0,0.0,767.8,1.6,9.7,NNE,N,C,mm,km/h,mm
3321,2026-05-20,17:45:00,22.0,22.0,22.0,24.0,44.0,57.0,0.0,0.0,767.9,1.6,11.3,NE,N,C,mm,km/h,mm
3322,2026-05-20,18:00:00,21.0,22.0,21.0,24.0,44.0,59.0,0.0,0.0,768.2,0.0,17.7,NNW,NW,C,mm,km/h,mm
3323,2026-05-20,18:15:00,21.0,21.0,21.0,24.0,44.0,57.0,0.0,0.0,768.3,1.6,9.7,NE,NNE,C,mm,km/h,mm
3324,2026-05-20,18:30:00,21.0,21.0,21.0,24.0,44.0,59.0,0.0,0.0,768.5,0.0,9.7,NNW,N,C,mm,km/h,mm
3325,2026-05-20,18:45:00,21.0,21.0,21.0,24.0,44.0,63.0,0.0,0.0,768.9,1.6,8.0,NNW,NNW,C,mm,km/h,mm
3326,2026-05-20,19:00:00,20.0,21.0,20.0,24.0,44.0,70.0,0.0,0.0,769.4,1.6,12.9,NNW,NW,C,mm,km/h,mm
3327,2026-05-20,19:15:00,18.0,20.0,18.0,24.0,46.0,80.0,0.4,2.0,768.6,1.6,8.0,NNE,NE,C,mm,km/h,mm
3328,2026-05-20,19:30:00,18.0,18.0,18.0,24.0,46.0,69.0,0.0,0.0,768.6,1.6,8.0,NNW,NW,C,mm,km/h,mm
3329,2026-05-20,19:45:00,18.0,18.0,18.0,24.0,46.0,70.0,0.0,0.0,768.8,0.0,6.4,NW,NNW,C,mm,km/h,mm
3330,2026-05-20,20:00:00,18.0,18.0,18.0,24.0,46.0,79.0,0.2,0.0,769.1,0.0,4.8,NW,NW,C,mm,km/h,mm
3331,2026-05-20,20:15:00,17.0,18.0,17.0,24.0,46.0,77.0,0.0,0.0,769.6,1.6,8.0,NW,NW,C,mm,km/h,mm
3332,2026-05-20,20:30:00,17.0,17.0,17.0,24.0,46.0,80.0,0.0,0.0,770.0,1.6,8.0,NW,W,C,mm,km/h,mm
3333,2026-05-20,20:45:00,17.0,17.0,17.0,24.0,47.0,76.0,0.0,0.0,770.1,1.6,9.7,NNW,WNW,C,mm,km/h,mm
3334,2026-05-20,21:00:00,17.0,17.0,17.0,24.0,47.0,76.0,0.0,0.0,770.4,0.0,6.4,NNW,NNW,C,mm,km/h,mm
3335,2026-05-20,21:15:00,17.0,17.0,17.0,24.0,47.0,76.0,0.0,0.0,770.5,0.0,4.8,WNW,WNW,C,mm,km/h,mm
3336,2026-05-20,21:30:00,17.0,17.0,17.0,24.0,47.0,78.0,0.0,0.0,770.5,0.0,4.8,W,W,C,mm,km/h,mm
3337,2026-05-20,21:45:00,17.0,17.0,17.0,24.0,47.0,77.0,0.0,0.0,770.8,0.0,8.0,WNW,WNW,C,mm,km/h,mm
3338,2026-05-20,22:00:00,17.0,17.0,17.0,24.0,47.0,77.0,0.0,0.0,770.5,0.0,4.8,NW,WNW,C,mm,km/h,mm
3339,2026-05-20,22:15:00,17.0,17.0,17.0,24.0,47.0,75.0,0.0,0.0,770.6,1.6,11.3,NW,WNW,C,mm,km/h,mm
3340,2026-05-20,22:30:00,16.0,17.0,16.0,24.0,47.0,74.0,0.0,0.0,770.4,1.6,8.0,W,W,C,mm,km/h,mm
3341,2026-05-20,22:45:00,16.0,16.0,16.0,24.0,46.0,75.0,0.0,0.0,770.2,0.0,3.2,WNW,WNW,C,mm,km/h,mm
3342,2026-05-20,23:00:00,16.0,16.0,16.0,23.0,46.0,76.0,0.0,0.0,770.0,0.0,0.0,,,C,mm,km/h,mm
3343,2026-05-20,23:15:00,15.0,16.0,15.0,23.0,46.0,77.0,0.0,0.0,770.0,0.0,0.0,,,C,mm,km/h,mm
3344,2026-05-20,23:30:00,15.0,15.0,15.0,23.0,46.0,80.0,0.0,0.0,769.8,0.0,0.0,,,C,mm,km/h,mm
3345,2026-05-20,23:45:00,15.0,15.0,15.0,23.0,47.0,82.0,0.0,0.0,769.5,0.0,0.0,,,C,mm,km/h,mm
3346,2026-05-21,00:15:00,14.0,14.0,14.0,23.0,47.0,83.0,0.0,0.0,769.2,0.0,0.0,,,C,mm,km/h,mm
3347,2026-05-21,00:30:00,15.0,15.0,14.0,23.0,47.0,84.0,0.0,0.0,769.2,0.0,0.0,,,C,mm,km/h,mm
3348,2026-05-21,00:45:00,15.0,15.0,15.0,23.0,47.0,83.0,0.0,0.0,769.0,0.0,0.0,,,C,mm,km/h,mm
3349,2026-05-21,01:00:00,15.0,15.0,15.0,23.0,47.0,84.0,0.0,0.0,768.8,0.0,0.0,,,C,mm,km/h,mm
3350,2026-05-21,01:15:00,14.0,15.0,14.0,23.0,47.0,84.0,0.0,0.0,768.7,0.0,0.0,,,C,mm,km/h,mm
3351,2026-05-21,01:30:00,14.0,14.0,14.0,23.0,47.0,86.0,0.0,0.0,768.6,0.0,0.0,,,C,mm,km/h,mm
3352,2026-05-21,01:45:00,14.0,14.0,14.0,23.0,47.0,87.0,0.0,0.0,768.6,0.0,0.0,,,C,mm,km/h,mm
3353,2026-05-21,02:00:00,14.0,14.0,14.0,23.0,47.0,87.0,0.0,0.0,768.6,0.0,3.2,NW,NW,C,mm,km/h,mm
3354,2026-05-21,02:15:00,15.0,15.0,14.0,23.0,47.0,82.0,0.0,0.0,768.6,0.0,4.8,NNW,NNW,C,mm,km/h,mm
3355,2026-05-21,02:30:00,15.0,15.0,15.0,23.0,47.0,81.0,0.0,0.0,768.6,0.0,1.6,NW,N,C,mm,km/h,mm
3356,2026-05-21,02:45:00,15.0,15.0,15.0,23.0,47.0,79.0,0.0,0.0,768.6,0.0,3.2,NW,NW,C,mm,km/h,mm
3357,2026-05-21,03:00:00,15.0,15.0,15.0,23.0,47.0,78.0,0.0,0.0,768.6,0.0,1.6,NW,NNE,C,mm,km/h,mm
3358,2026-05-21,03:15:00,15.0,15.0,15.0,23.0,47.0,77.0,0.0,0.0,768.7,1.6,9.7,W,WNW,C,mm,km/h,mm
3359,2026-05-21,03:30:00,15.0,15.0,15.0,23.0,47.0,79.0,0.0,0.0,768.6,1.6,6.4,WNW,E,C,mm,km/h,mm
3360,2026-05-21,03:45:00,15.0,15.0,15.0,23.0,47.0,79.0,0.0,0.0,768.7,1.6,8.0,ESE,W,C,mm,km/h,mm
3361,2026-05-21,04:00:00,15.0,15.0,15.0,23.0,46.0,78.0,0.0,0.0,768.8,0.0,8.0,WNW,WSW,C,mm,km/h,mm
3362,2026-05-21,04:15:00,14.0,15.0,14.0,23.0,46.0,79.0,0.0,0.0,769.0,0.0,1.6,E,E,C,mm,km/h,mm
3363,2026-05-21,04:30:00,14.0,14.0,14.0,23.0,46.0,80.0,0.0,0.0,769.1,0.0,0.0,,,C,mm,km/h,mm
3364,2026-05-21,04:45:00,13.0,14.0,13.0,23.0,46.0,83.0,0.0,0.0,769.2,0.0,0.0,,,C,mm,km/h,mm
3365,2026-05-21,05:00:00,13.0,13.0,13.0,23.0,46.0,83.0,0.0,0.0,769.2,0.0,0.0,,,C,mm,km/h,mm
3366,2026-05-21,05:15:00,14.0,14.0,13.0,23.0,47.0,84.0,0.0,0.0,769.3,0.0,0.0,,,C,mm,km/h,mm
3367,2026-05-21,05:30:00,14.0,14.0,14.0,23.0,47.0,83.0,0.0,0.0,769.5,0.0,0.0,,,C,mm,km/h,mm
3368,2026-05-21,05:45:00,15.0,15.0,14.0,23.0,47.0,82.0,0.0,0.0,769.6,0.0,0.0,,,C,mm,km/h,mm
3369,2026-05-21,06:00:00,16.0,16.0,15.0,23.0,47.0,78.0,0.0,0.0,769.7,0.0,1.6,NE,ENE,C,mm,km/h,mm
3370,2026-05-21,06:15:00,16.0,16.0,16.0,23.0,47.0,77.0,0.0,0.0,769.9,0.0,0.0,,,C,mm,km/h,mm
3371,2026-05-21,06:30:00,17.0,17.0,16.0,23.0,47.0,74.0,0.0,0.0,769.9,0.0,0.0,,,C,mm,km/h,mm
3372,2026-05-21,06:45:00,17.0,17.0,17.0,23.0,47.0,73.0,0.0,0.0,770.0,0.0,3.2,SE,NNE,C,mm,km/h,mm
3373,2026-05-21,07:00:00,19.0,19.0,17.0,23.0,47.0,68.0,0.0,0.0,770.0,0.0,1.6,ESE,NE,C,mm,km/h,mm
3374,2026-05-21,07:15:00,19.0,19.0,19.0,23.0,47.0,67.0,0.0,0.0,770.0,0.0,3.2,NE,WSW,C,mm,km/h,mm
3375,2026-05-21,07:30:00,20.0,20.0,19.0,23.0,47.0,66.0,0.0,0.0,769.8,0.0,6.4,ESE,N,C,mm,km/h,mm
3376,2026-05-21,07:45:00,21.0,21.0,20.0,23.0,46.0,61.0,0.0,0.0,769.7,0.0,1.6,NNE,NNE,C,mm,km/h,mm
3377,2026-05-21,08:00:00,21.0,21.0,21.0,23.0,46.0,59.0,0.0,0.0,769.7,0.0,6.4,NE,NE,C,mm,km/h,mm
3378,2026-05-21,08:15:00,22.0,22.0,21.0,23.0,46.0,58.0,0.0,0.0,769.7,0.0,6.4,NE,N,C,mm,km/h,mm
3379,2026-05-21,08:30:00,22.0,22.0,22.0,23.0,46.0,56.0,0.0,0.0,769.6,0.0,4.8,ESE,SE,C,mm,km/h,mm
3380,2026-05-21,08:45:00,22.0,22.0,22.0,23.0,46.0,54.0,0.0,0.0,769.6,0.0,6.4,S,SSE,C,mm,km/h,mm
3381,2026-05-21,09:00:00,23.0,23.0,22.0,23.0,46.0,54.0,0.0,0.0,769.3,1.6,6.4,S,S,C,mm,km/h,mm
3382,2026-05-21,09:15:00,23.0,23.0,23.0,23.0,44.0,52.0,0.0,0.0,769.2,0.0,4.8,SSE,SSE,C,mm,km/h,mm
3383,2026-05-21,09:30:00,25.0,25.0,23.0,23.0,41.0,47.0,0.0,0.0,769.2,0.0,6.4,NNW,NNW,C,mm,km/h,mm
3384,2026-05-21,09:45:00,25.0,25.0,25.0,23.0,39.0,47.0,0.0,0.0,769.1,1.6,9.7,SSE,NE,C,mm,km/h,mm
3385,2026-05-21,10:00:00,25.0,25.0,25.0,22.0,40.0,44.0,0.0,0.0,769.2,1.6,9.7,WNW,ENE,C,mm,km/h,mm
3386,2026-05-21,10:15:00,26.0,26.0,25.0,22.0,40.0,43.0,0.0,0.0,769.1,1.6,8.0,NE,WNW,C,mm,km/h,mm
3387,2026-05-21,10:30:00,27.0,27.0,26.0,22.0,41.0,43.0,0.0,0.0,768.9,1.6,8.0,NE,ENE,C,mm,km/h,mm
3388,2026-05-21,10:45:00,25.0,27.0,25.0,23.0,43.0,46.0,0.0,0.0,768.7,3.2,8.0,NW,NNW,C,mm,km/h,mm
3389,2026-05-21,11:00:00,26.0,26.0,25.0,23.0,44.0,46.0,0.0,0.0,768.5,1.6,6.4,NE,NNE,C,mm,km/h,mm
3390,2026-05-21,11:15:00,27.0,27.0,26.0,23.0,44.0,43.0,0.0,0.0,768.3,1.6,9.7,NE,N,C,mm,km/h,mm
3391,2026-05-21,11:30:00,27.0,27.0,26.0,23.0,45.0,42.0,0.0,0.0,768.2,0.0,4.8,SSE,SSE,C,mm,km/h,mm
3392,2026-05-21,11:45:00,27.0,27.0,27.0,24.0,45.0,41.0,0.0,0.0,768.0,1.6,9.7,NE,NE,C,mm,km/h,mm
3393,2026-05-21,12:00:00,28.0,28.0,27.0,24.0,45.0,40.0,0.0,0.0,767.8,1.6,8.0,NE,NE,C,mm,km/h,mm
3394,2026-05-21,12:15:00,26.0,28.0,26.0,24.0,45.0,40.0,0.0,0.0,767.6,0.0,4.8,SSE,SSE,C,mm,km/h,mm
3395,2026-05-21,12:30:00,25.0,26.0,25.0,24.0,45.0,43.0,0.0,0.0,767.5,0.0,6.4,NW,NNE,C,mm,km/h,mm
3396,2026-05-21,12:45:00,24.0,25.0,24.0,24.0,45.0,48.0,0.0,0.0,767.6,0.0,8.0,SE,SSE,C,mm,km/h,mm
3397,2026-05-21,13:00:00,22.0,24.0,22.0,24.0,45.0,62.0,0.6,10.8,767.9,0.0,6.4,SE,W,C,mm,km/h,mm
3398,2026-05-21,13:15:00,19.0,22.0,19.0,24.0,45.0,79.0,1.4,22.4,767.6,0.0,4.8,SSE,SSE,C,mm,km/h,mm
3399,2026-05-21,13:30:00,19.0,19.0,18.0,24.0,46.0,83.0,0.0,0.8,767.7,0.0,3.2,SSE,SSE,C,mm,km/h,mm
3400,2026-05-21,13:45:00,19.0,19.0,19.0,24.0,47.0,81.0,0.4,7.6,767.5,0.0,6.4,SE,E,C,mm,km/h,mm
3401,2026-05-21,14:00:00,19.0,19.0,19.0,24.0,47.0,80.0,0.0,0.0,767.5,1.6,6.4,NW,WNW,C,mm,km/h,mm
3402,2026-05-21,14:15:00,19.0,19.0,19.0,24.0,48.0,75.0,0.0,0.0,767.2,1.6,8.0,NW,NNE,C,mm,km/h,mm
3403,2026-05-21,14:30:00,20.0,20.0,19.0,24.0,48.0,64.0,0.0,0.0,767.4,1.6,17.7,WNW,NW,C,mm,km/h,mm
3404,2026-05-21,14:45:00,20.0,20.0,20.0,24.0,47.0,70.0,0.0,0.0,767.3,1.6,17.7,WNW,WNW,C,mm,km/h,mm
3405,2026-05-21,15:00:00,20.0,20.0,20.0,24.0,48.0,70.0,0.0,0.0,767.5,3.2,14.5,SSE,S,C,mm,km/h,mm
3406,2026-05-21,15:15:00,20.0,20.0,20.0,24.0,48.0,66.0,0.0,0.0,767.2,1.6,8.0,SSE,WSW,C,mm,km/h,mm
3407,2026-05-21,15:30:00,20.0,21.0,20.0,24.0,47.0,65.0,0.0,0.0,767.0,0.0,4.8,SE,SSE,C,mm,km/h,mm
3408,2026-05-21,15:45:00,20.0,21.0,20.0,24.0,47.0,65.0,0.0,0.0,766.6,0.0,3.2,W,W,C,mm,km/h,mm
3409,2026-05-21,16:00:00,20.0,20.0,20.0,24.0,47.0,66.0,0.0,0.0,766.6,0.0,3.2,ESE,ESE,C,mm,km/h,mm
3410,2026-05-21,16:15:00,19.0,20.0,19.0,24.0,47.0,67.0,0.0,0.0,766.9,0.0,1.6,N,SE,C,mm,km/h,mm
3411,2026-05-21,16:30:00,20.0,20.0,19.0,24.0,47.0,66.0,0.0,0.0,766.7,0.0,1.6,WNW,WNW,C,mm,km/h,mm
3412,2026-05-21,16:45:00,20.0,20.0,20.0,24.0,47.0,68.0,0.0,0.0,766.9,0.0,0.0,,,C,mm,km/h,mm
3413,2026-05-21,17:00:00,20.0,20.0,20.0,24.0,47.0,66.0,0.0,0.0,767.5,0.0,3.2,N,N,C,mm,km/h,mm
3414,2026-05-21,17:15:00,20.0,20.0,20.0,24.0,47.0,64.0,0.0,0.0,767.8,0.0,4.8,NNW,N,C,mm,km/h,mm
3415,2026-05-21,17:30:00,20.0,20.0,20.0,24.0,47.0,65.0,0.0,0.0,767.7,0.0,1.6,NE,NNE,C,mm,km/h,mm
3416,2026-05-21,17:45:00,19.0,20.0,19.0,24.0,47.0,66.0,0.0,0.0,767.6,1.6,6.4,NE,N,C,mm,km/h,mm
3417,2026-05-21,18:00:00,19.0,19.0,19.0,24.0,47.0,65.0,0.0,0.0,767.8,0.0,4.8,NE,NE,C,mm,km/h,mm
3418,2026-05-21,18:15:00,19.0,19.0,19.0,24.0,47.0,66.0,0.0,0.0,767.9,0.0,3.2,ENE,E,C,mm,km/h,mm
3419,2026-05-21,18:30:00,18.0,19.0,18.0,24.0,47.0,67.0,0.0,0.0,768.1,0.0,4.8,NE,NE,C,mm,km/h,mm
3420,2026-05-21,18:45:00,18.0,18.0,18.0,24.0,47.0,68.0,0.0,0.0,768.2,0.0,1.6,NE,NE,C,mm,km/h,mm
3421,2026-05-21,19:00:00,18.0,18.0,18.0,24.0,47.0,68.0,0.0,0.0,768.2,0.0,4.8,N,SSE,C,mm,km/h,mm
3422,2026-05-21,19:15:00,18.0,18.0,18.0,24.0,47.0,69.0,0.0,0.0,768.4,0.0,0.0,,,C,mm,km/h,mm
3423,2026-05-21,19:30:00,17.0,18.0,17.0,24.0,49.0,71.0,0.0,0.0,768.3,0.0,0.0,,,C,mm,km/h,mm
3424,2026-05-21,19:45:00,17.0,17.0,17.0,24.0,49.0,72.0,0.0,0.0,768.5,0.0,6.4,ENE,ENE,C,mm,km/h,mm
3425,2026-05-21,20:00:00,17.0,17.0,17.0,24.0,48.0,74.0,0.0,0.0,768.6,0.0,0.0,,,C,mm,km/h,mm
3426,2026-05-21,20:15:00,17.0,17.0,17.0,24.0,48.0,74.0,0.0,0.0,768.8,0.0,0.0,,,C,mm,km/h,mm
3427,2026-05-21,20:30:00,17.0,17.0,17.0,23.0,48.0,76.0,0.0,0.0,768.8,0.0,1.6,NNW,NNW,C,mm,km/h,mm
3428,2026-05-21,20:45:00,17.0,17.0,17.0,23.0,48.0,76.0,0.0,0.0,768.8,0.0,1.6,N,NE,C,mm,km/h,mm
3429,2026-05-21,21:00:00,16.0,17.0,16.0,23.0,48.0,77.0,0.0,0.0,768.8,0.0,0.0,,,C,mm,km/h,mm
3430,2026-05-21,21:15:00,16.0,16.0,16.0,23.0,48.0,79.0,0.0,0.0,768.9,0.0,0.0,,,C,mm,km/h,mm
3431,2026-05-21,21:30:00,16.0,16.0,16.0,23.0,48.0,80.0,0.0,0.0,768.8,0.0,0.0,,,C,mm,km/h,mm
3432,2026-05-21,21:45:00,16.0,16.0,16.0,23.0,48.0,82.0,0.0,0.0,768.7,0.0,0.0,,,C,mm,km/h,mm
3433,2026-05-21,22:00:00,15.0,16.0,15.0,23.0,48.0,83.0,0.0,0.0,768.9,0.0,0.0,,,C,mm,km/h,mm
3434,2026-05-21,22:15:00,15.0,15.0,15.0,23.0,48.0,83.0,0.0,0.0,768.8,0.0,0.0,,,C,mm,km/h,mm
3435,2026-05-21,22:30:00,15.0,15.0,15.0,23.0,48.0,85.0,0.0,0.0,768.8,0.0,0.0,,,C,mm,km/h,mm
3436,2026-05-21,22:45:00,15.0,15.0,14.0,23.0,48.0,88.0,0.0,0.0,768.9,0.0,0.0,,,C,mm,km/h,mm
3437,2026-05-21,23:00:00,14.0,14.0,14.0,23.0,48.0,89.0,0.0,0.0,768.9,0.0,0.0,,,C,mm,km/h,mm
3438,2026-05-21,23:15:00,14.0,14.0,14.0,23.0,49.0,88.0,0.0,0.0,768.8,0.0,0.0,,,C,mm,km/h,mm
3439,2026-05-21,23:30:00,14.0,14.0,14.0,23.0,49.0,88.0,0.0,0.0,768.8,0.0,0.0,,,C,mm,km/h,mm
3440,2026-05-21,23:45:00,15.0,15.0,14.0,23.0,49.0,85.0,0.0,0.0,768.8,0.0,0.0,,,C,mm,km/h,mm
3441,2026-05-22,00:15:00,15.0,15.0,15.0,23.0,49.0,84.0,0.0,0.0,768.6,0.0,0.0,,,C,mm,km/h,mm
3442,2026-05-22,00:30:00,15.0,15.0,15.0,23.0,49.0,85.0,0.0,0.0,768.5,0.0,0.0,,,C,mm,km/h,mm
3443,2026-05-22,00:45:00,15.0,15.0,15.0,23.0,49.0,84.0,0.0,0.0,768.4,0.0,3.2,NNW,NNW,C,mm,km/h,mm
3444,2026-05-22,01:00:00,15.0,15.0,15.0,23.0,49.0,84.0,0.0,0.0,768.2,0.0,3.2,NNW,NW,C,mm,km/h,mm
3445,2026-05-22,01:15:00,15.0,15.0,15.0,23.0,49.0,84.0,0.0,0.0,768.2,0.0,1.6,NNW,NNW,C,mm,km/h,mm
3446,2026-05-22,01:30:00,15.0,15.0,15.0,23.0,49.0,84.0,0.0,0.0,768.0,0.0,0.0,,,C,mm,km/h,mm
3447,2026-05-22,01:45:00,14.0,15.0,14.0,23.0,49.0,87.0,0.0,0.0,768.1,0.0,0.0,,,C,mm,km/h,mm
3448,2026-05-22,02:00:00,14.0,14.0,14.0,23.0,49.0,86.0,0.0,0.0,768.3,0.0,0.0,,,C,mm,km/h,mm
3449,2026-05-22,02:15:00,14.0,14.0,14.0,23.0,49.0,86.0,0.0,0.0,768.3,0.0,0.0,,,C,mm,km/h,mm
3450,2026-05-22,02:30:00,14.0,15.0,14.0,23.0,49.0,86.0,0.0,0.0,768.2,0.0,0.0,,,C,mm,km/h,mm
3451,2026-05-22,02:45:00,14.0,14.0,14.0,23.0,49.0,87.0,0.0,0.0,768.3,0.0,0.0,,,C,mm,km/h,mm
3452,2026-05-22,03:00:00,15.0,15.0,14.0,23.0,49.0,86.0,0.0,0.0,768.3,0.0,0.0,,,C,mm,km/h,mm
3453,2026-05-22,03:15:00,15.0,15.0,15.0,23.0,49.0,84.0,0.0,0.0,768.3,0.0,0.0,,,C,mm,km/h,mm
3454,2026-05-22,03:30:00,15.0,15.0,15.0,23.0,49.0,84.0,0.0,0.0,768.6,0.0,1.6,ENE,ENE,C,mm,km/h,mm
3455,2026-05-22,03:45:00,14.0,15.0,14.0,22.0,49.0,85.0,0.0,0.0,768.5,0.0,0.0,,,C,mm,km/h,mm
3456,2026-05-22,04:00:00,14.0,14.0,14.0,22.0,49.0,85.0,0.0,0.0,768.8,0.0,0.0,,,C,mm,km/h,mm
3457,2026-05-22,04:15:00,14.0,14.0,13.0,22.0,49.0,87.0,0.0,0.0,768.9,0.0,0.0,,,C,mm,km/h,mm
3458,2026-05-22,04:30:00,13.0,14.0,13.0,22.0,49.0,88.0,0.0,0.0,769.0,0.0,0.0,,,C,mm,km/h,mm
3459,2026-05-22,04:45:00,13.0,13.0,13.0,22.0,49.0,88.0,0.0,0.0,769.1,0.0,0.0,,,C,mm,km/h,mm
3460,2026-05-22,05:00:00,13.0,13.0,13.0,22.0,49.0,89.0,0.0,0.0,769.2,0.0,0.0,,,C,mm,km/h,mm
3461,2026-05-22,05:15:00,13.0,13.0,13.0,22.0,49.0,91.0,0.0,0.0,769.3,0.0,0.0,,,C,mm,km/h,mm
3462,2026-05-22,05:30:00,13.0,13.0,13.0,22.0,49.0,91.0,0.0,0.0,769.3,0.0,0.0,,,C,mm,km/h,mm
3463,2026-05-22,05:45:00,14.0,14.0,13.0,22.0,50.0,90.0,0.0,0.0,769.5,0.0,0.0,,,C,mm,km/h,mm
3464,2026-05-22,06:00:00,15.0,15.0,14.0,22.0,50.0,84.0,0.0,0.0,769.7,0.0,0.0,,,C,mm,km/h,mm
3465,2026-05-22,06:15:00,16.0,16.0,15.0,22.0,49.0,81.0,0.0,0.0,769.9,0.0,0.0,,,C,mm,km/h,mm
3466,2026-05-22,06:30:00,16.0,16.0,16.0,23.0,49.0,79.0,0.0,0.0,770.1,0.0,4.8,NNW,NNW,C,mm,km/h,mm
3467,2026-05-22,06:45:00,17.0,17.0,16.0,23.0,49.0,77.0,0.0,0.0,770.1,1.6,6.4,NNW,WSW,C,mm,km/h,mm
3468,2026-05-22,07:00:00,17.0,17.0,16.0,23.0,49.0,76.0,0.0,0.0,770.1,1.6,6.4,WNW,WSW,C,mm,km/h,mm
3469,2026-05-22,07:15:00,17.0,17.0,17.0,23.0,49.0,76.0,0.0,0.0,770.1,1.6,9.7,WNW,W,C,mm,km/h,mm
3470,2026-05-22,07:30:00,18.0,18.0,17.0,23.0,49.0,74.0,0.0,0.0,770.2,0.0,4.8,NNW,SE,C,mm,km/h,mm
3471,2026-05-22,07:45:00,18.0,18.0,18.0,23.0,49.0,71.0,0.0,0.0,770.2,0.0,1.6,NNE,NNW,C,mm,km/h,mm
3472,2026-05-22,08:00:00,19.0,19.0,18.0,23.0,49.0,69.0,0.0,0.0,770.0,0.0,4.8,NNE,NNE,C,mm,km/h,mm
3473,2026-05-22,08:15:00,20.0,20.0,19.0,23.0,49.0,68.0,0.0,0.0,770.0,1.6,6.4,SSE,SSE,C,mm,km/h,mm
3474,2026-05-22,08:30:00,21.0,21.0,20.0,23.0,49.0,62.0,0.0,0.0,769.8,0.0,4.8,SSE,NNE,C,mm,km/h,mm
3475,2026-05-22,08:45:00,21.0,21.0,21.0,23.0,48.0,62.0,0.0,0.0,769.7,0.0,3.2,SSE,SSE,C,mm,km/h,mm
3476,2026-05-22,09:00:00,21.0,21.0,20.0,22.0,45.0,57.0,0.0,0.0,769.6,0.0,1.6,SE,SE,C,mm,km/h,mm
3477,2026-05-22,09:15:00,21.0,22.0,21.0,22.0,44.0,57.0,0.0,0.0,769.6,0.0,3.2,SE,SE,C,mm,km/h,mm
3478,2026-05-22,09:30:00,22.0,22.0,21.0,23.0,45.0,57.0,0.0,0.0,769.6,0.0,3.2,SSE,SSE,C,mm,km/h,mm
3479,2026-05-22,09:45:00,22.0,22.0,22.0,23.0,46.0,52.0,0.0,0.0,769.4,1.6,6.4,SSE,SSE,C,mm,km/h,mm
3480,2026-05-22,10:00:00,23.0,23.0,22.0,23.0,46.0,52.0,0.0,0.0,769.3,0.0,4.8,S,S,C,mm,km/h,mm
3481,2026-05-22,10:15:00,24.0,24.0,23.0,23.0,46.0,51.0,0.0,0.0,769.1,0.0,6.4,NNE,N,C,mm,km/h,mm
3482,2026-05-22,10:30:00,25.0,25.0,24.0,23.0,46.0,47.0,0.0,0.0,769.0,0.0,6.4,SE,SSE,C,mm,km/h,mm
3483,2026-05-22,10:45:00,25.0,25.0,25.0,23.0,46.0,46.0,0.0,0.0,768.7,1.6,8.0,SE,SE,C,mm,km/h,mm
3484,2026-05-22,11:00:00,26.0,26.0,25.0,23.0,46.0,39.0,0.0,0.0,768.6,1.6,11.3,NE,N,C,mm,km/h,mm
3485,2026-05-22,11:15:00,26.0,26.0,26.0,23.0,46.0,38.0,0.0,0.0,768.4,1.6,9.7,S,WNW,C,mm,km/h,mm
3486,2026-05-22,11:30:00,26.0,26.0,25.0,24.0,47.0,39.0,0.0,0.0,768.2,1.6,11.3,SSE,S,C,mm,km/h,mm
3487,2026-05-22,11:45:00,25.0,26.0,25.0,24.0,46.0,40.0,0.0,0.0,768.1,1.6,8.0,SSE,SSE,C,mm,km/h,mm
3488,2026-05-22,12:00:00,26.0,26.0,25.0,23.0,46.0,39.0,0.0,0.0,767.9,0.0,6.4,NNE,NNW,C,mm,km/h,mm
3489,2026-05-22,12:15:00,26.0,27.0,26.0,24.0,46.0,35.0,0.0,0.0,767.6,0.0,4.8,SSE,S,C,mm,km/h,mm
3490,2026-05-22,12:30:00,27.0,27.0,26.0,24.0,46.0,37.0,0.0,0.0,767.5,1.6,11.3,WNW,WNW,C,mm,km/h,mm
3491,2026-05-22,12:45:00,27.0,28.0,27.0,24.0,46.0,33.0,0.0,0.0,767.3,3.2,9.7,NE,NNW,C,mm,km/h,mm
3492,2026-05-22,13:00:00,28.0,28.0,27.0,24.0,45.0,30.0,0.0,0.0,767.0,0.0,6.4,NE,NNE,C,mm,km/h,mm
3493,2026-05-22,13:15:00,28.0,28.0,28.0,24.0,45.0,32.0,0.0,0.0,766.7,1.6,8.0,SE,NW,C,mm,km/h,mm
3494,2026-05-22,13:30:00,28.0,28.0,28.0,24.0,45.0,31.0,0.0,0.0,766.6,1.6,9.7,NNW,N,C,mm,km/h,mm
3495,2026-05-22,13:45:00,27.0,28.0,27.0,24.0,45.0,35.0,0.0,0.0,766.4,0.0,3.2,WNW,WNW,C,mm,km/h,mm
3496,2026-05-22,14:00:00,26.0,27.0,26.0,24.0,44.0,38.0,0.0,0.0,766.3,0.0,9.7,SSE,ENE,C,mm,km/h,mm
3497,2026-05-22,14:15:00,25.0,26.0,25.0,24.0,44.0,38.0,0.0,0.0,766.3,1.6,9.7,SSE,SSE,C,mm,km/h,mm
3498,2026-05-22,14:30:00,24.0,25.0,24.0,24.0,43.0,43.0,0.0,0.0,766.7,1.6,11.3,SSE,SSW,C,mm,km/h,mm
3499,2026-05-22,14:45:00,22.0,24.0,22.0,24.0,43.0,51.0,0.0,0.0,767.5,4.8,19.3,WNW,WNW,C,mm,km/h,mm
3500,2026-05-22,15:00:00,21.0,22.0,21.0,24.0,43.0,58.0,0.0,0.0,767.9,3.2,24.1,NW,N,C,mm,km/h,mm
3501,2026-05-22,15:15:00,20.0,21.0,20.0,24.0,43.0,53.0,0.0,0.0,768.0,4.8,14.5,NNW,WNW,C,mm,km/h,mm
3502,2026-05-22,15:30:00,19.0,20.0,19.0,23.0,43.0,66.0,0.0,0.0,768.1,1.6,17.7,NNE,NW,C,mm,km/h,mm
3503,2026-05-22,15:45:00,18.0,19.0,18.0,23.0,44.0,68.0,0.4,3.6,767.9,0.0,4.8,NNE,NNE,C,mm,km/h,mm
3504,2026-05-22,16:00:00,18.0,18.0,18.0,23.0,44.0,69.0,0.0,0.0,767.8,0.0,3.2,SSE,ESE,C,mm,km/h,mm
3505,2026-05-22,16:15:00,18.0,18.0,18.0,23.0,44.0,63.0,0.0,0.0,767.8,0.0,4.8,NNW,NNW,C,mm,km/h,mm
3506,2026-05-22,16:30:00,19.0,19.0,18.0,23.0,44.0,62.0,0.0,0.0,767.7,0.0,6.4,NE,NNW,C,mm,km/h,mm
3507,2026-05-22,16:45:00,19.0,19.0,19.0,23.0,44.0,60.0,0.0,0.0,767.8,0.0,4.8,SSE,SSE,C,mm,km/h,mm
3508,2026-05-22,17:00:00,19.0,19.0,19.0,23.0,44.0,62.0,0.0,0.0,768.0,0.0,0.0,,,C,mm,km/h,mm
3509,2026-05-22,17:15:00,19.0,19.0,19.0,23.0,44.0,63.0,0.0,0.0,768.3,0.0,4.8,SSE,SSE,C,mm,km/h,mm
3510,2026-05-22,17:30:00,18.0,19.0,18.0,23.0,45.0,70.0,0.0,0.0,768.6,0.0,4.8,SE,SE,C,mm,km/h,mm
3511,2026-05-22,17:45:00,17.0,18.0,17.0,23.0,45.0,70.0,0.0,0.0,768.6,0.0,3.2,NE,NE,C,mm,km/h,mm
3512,2026-05-22,18:00:00,17.0,17.0,17.0,23.0,45.0,73.0,0.0,0.0,768.5,0.0,0.0,,,C,mm,km/h,mm
3513,2026-05-22,18:15:00,17.0,17.0,17.0,23.0,45.0,74.0,0.0,0.0,768.6,0.0,3.2,SSE,S,C,mm,km/h,mm
3514,2026-05-22,18:30:00,17.0,17.0,17.0,23.0,45.0,75.0,0.0,0.0,768.6,0.0,0.0,,,C,mm,km/h,mm
3515,2026-05-22,18:45:00,16.0,17.0,16.0,23.0,46.0,76.0,0.0,0.0,768.5,0.0,0.0,,,C,mm,km/h,mm
3516,2026-05-22,19:00:00,16.0,16.0,16.0,23.0,46.0,77.0,0.0,0.0,768.7,0.0,0.0,,,C,mm,km/h,mm
3517,2026-05-22,19:15:00,16.0,16.0,16.0,23.0,46.0,77.0,0.0,0.0,768.7,0.0,0.0,,,C,mm,km/h,mm
3518,2026-05-22,19:30:00,16.0,16.0,16.0,23.0,46.0,76.0,0.0,0.0,768.9,0.0,0.0,,,C,mm,km/h,mm
3519,2026-05-22,19:45:00,16.0,16.0,16.0,23.0,46.0,77.0,0.0,0.0,768.9,0.0,0.0,,,C,mm,km/h,mm
3520,2026-05-22,20:00:00,16.0,16.0,16.0,23.0,46.0,77.0,0.0,0.0,769.0,0.0,0.0,,,C,mm,km/h,mm
3521,2026-05-22,20:15:00,16.0,16.0,16.0,23.0,46.0,78.0,0.0,0.0,769.0,0.0,0.0,,,C,mm,km/h,mm
3522,2026-05-22,20:30:00,16.0,16.0,16.0,23.0,47.0,79.0,0.0,0.0,769.0,0.0,0.0,,,C,mm,km/h,mm
3523,2026-05-22,20:45:00,15.0,16.0,15.0,23.0,47.0,80.0,0.0,0.0,769.2,0.0,0.0,,,C,mm,km/h,mm
3524,2026-05-22,21:00:00,15.0,15.0,15.0,23.0,47.0,80.0,0.0,0.0,769.5,0.0,0.0,,,C,mm,km/h,mm
3525,2026-05-22,21:15:00,15.0,15.0,15.0,23.0,47.0,77.0,0.0,0.0,769.7,0.0,0.0,,,C,mm,km/h,mm
3526,2026-05-22,21:30:00,15.0,15.0,15.0,23.0,47.0,78.0,0.0,0.0,769.6,0.0,0.0,,,C,mm,km/h,mm
3527,2026-05-22,21:45:00,14.0,15.0,14.0,23.0,47.0,79.0,0.0,0.0,769.5,0.0,0.0,,,C,mm,km/h,mm
3528,2026-05-22,22:00:00,14.0,14.0,14.0,23.0,47.0,82.0,0.0,0.0,769.7,0.0,0.0,,,C,mm,km/h,mm
3529,2026-05-22,22:15:00,14.0,14.0,14.0,23.0,47.0,81.0,0.0,0.0,769.6,0.0,0.0,,,C,mm,km/h,mm
3530,2026-05-22,22:30:00,14.0,14.0,14.0,23.0,47.0,83.0,0.0,0.0,769.5,0.0,0.0,,,C,mm,km/h,mm
3531,2026-05-22,22:45:00,14.0,14.0,14.0,23.0,47.0,83.0,0.0,0.0,769.5,0.0,0.0,,,C,mm,km/h,mm
3532,2026-05-22,23:00:00,15.0,15.0,14.0,23.0,47.0,82.0,0.0,0.0,769.6,0.0,0.0,,,C,mm,km/h,mm
3533,2026-05-22,23:15:00,15.0,15.0,15.0,23.0,47.0,83.0,0.0,0.0,769.2,0.0,0.0,,,C,mm,km/h,mm
3534,2026-05-22,23:30:00,15.0,15.0,15.0,23.0,47.0,82.0,0.0,0.0,769.2,0.0,0.0,,,C,mm,km/h,mm
3535,2026-05-22,23:45:00,14.0,15.0,14.0,23.0,47.0,84.0,0.0,0.0,769.2,0.0,0.0,,,C,mm,km/h,mm
