id,fecha,hora,temp_exterior,temp_max,temp_min,temp_interior,humedad_exterior,humedad_interior
1343,2026-05-01,02:30:00,16.0,16.0,16.0,25.0,51.0,27.0
1344,2026-05-01,02:45:00,15.0,16.0,15.0,25.0,52.0,27.0
1345,2026-05-01,03:00:00,15.0,15.0,15.0,25.0,53.0,27.0
1346,2026-05-01,03:15:00,15.0,15.0,15.0,25.0,54.0,27.0
1347,2026-05-01,03:30:00,15.0,15.0,15.0,25.0,55.0,27.0
1348,2026-05-01,07:30:00,17.0,17.0,15.0,24.0,49.0,29.0
1349,2026-05-01,07:45:00,18.0,18.0,17.0,24.0,42.0,29.0
1350,2026-05-01,08:00:00,20.0,20.0,18.0,24.0,40.0,29.0
1351,2026-05-01,08:15:00,21.0,21.0,20.0,24.0,36.0,28.0
1352,2026-05-01,08:30:00,22.0,22.0,21.0,24.0,34.0,28.0
1353,2026-05-01,11:15:00,30.0,30.0,29.0,25.0,24.0,28.0
1354,2026-05-01,11:30:00,31.0,31.0,30.0,25.0,22.0,28.0
1355,2026-05-01,11:45:00,31.0,31.0,31.0,25.0,23.0,28.0
1356,2026-05-01,12:00:00,31.0,31.0,31.0,25.0,21.0,28.0
1357,2026-05-01,12:15:00,31.0,32.0,31.0,25.0,21.0,28.0
1358,2026-05-01,16:15:00,32.0,33.0,32.0,26.0,20.0,26.0
1359,2026-05-01,16:30:00,32.0,32.0,31.0,26.0,20.0,26.0
1360,2026-05-01,16:45:00,32.0,32.0,32.0,26.0,19.0,26.0
1361,2026-05-01,17:00:00,32.0,32.0,32.0,26.0,21.0,26.0
1362,2026-05-01,17:15:00,31.0,32.0,31.0,26.0,21.0,26.0
1363,2026-05-01,20:00:00,24.0,24.0,24.0,26.0,48.0,29.0
1364,2026-05-01,20:15:00,24.0,24.0,24.0,26.0,47.0,30.0
1365,2026-05-01,20:30:00,24.0,24.0,24.0,26.0,50.0,30.0
1366,2026-05-01,20:45:00,24.0,24.0,24.0,26.0,49.0,30.0
1367,2026-05-01,21:00:00,23.0,24.0,23.0,26.0,52.0,31.0
1368,2026-05-01,21:15:00,22.0,23.0,22.0,26.0,56.0,31.0
1369,2026-05-01,21:30:00,22.0,22.0,22.0,26.0,59.0,31.0
1370,2026-05-01,21:45:00,21.0,22.0,21.0,26.0,62.0,31.0
1371,2026-05-01,22:00:00,21.0,21.0,21.0,26.0,63.0,32.0
1372,2026-05-01,22:15:00,20.0,21.0,20.0,26.0,64.0,32.0
1373,2026-05-01,22:30:00,20.0,20.0,20.0,26.0,65.0,32.0
1374,2026-05-01,22:45:00,20.0,20.0,20.0,26.0,65.0,33.0
1375,2026-05-01,23:00:00,20.0,20.0,20.0,26.0,65.0,33.0
1376,2026-05-01,23:15:00,20.0,20.0,20.0,26.0,66.0,33.0
1377,2026-05-01,23:30:00,19.0,20.0,19.0,26.0,66.0,34.0
1378,2026-05-02,00:15:00,19.0,19.0,19.0,26.0,57.0,33.0
1379,2026-05-02,00:30:00,18.0,19.0,18.0,26.0,56.0,33.0
1380,2026-05-02,00:45:00,18.0,18.0,18.0,26.0,55.0,33.0
1407,2026-05-03,00:15:00,18.0,18.0,17.0,26.0,71.0,39.0
1408,2026-05-03,00:30:00,17.0,18.0,17.0,26.0,72.0,39.0
1409,2026-05-03,00:45:00,17.0,17.0,17.0,26.0,72.0,39.0
1410,2026-05-03,01:00:00,18.0,18.0,17.0,26.0,72.0,39.0
1411,2026-05-03,01:15:00,17.0,18.0,17.0,25.0,72.0,39.0
1412,2026-05-03,01:30:00,17.0,17.0,17.0,25.0,73.0,39.0
1413,2026-05-03,01:45:00,17.0,17.0,17.0,25.0,73.0,39.0
1414,2026-05-03,02:00:00,17.0,17.0,17.0,25.0,74.0,39.0
1415,2026-05-03,02:15:00,17.0,17.0,17.0,25.0,75.0,39.0
1416,2026-05-03,02:30:00,17.0,17.0,17.0,25.0,75.0,39.0
1417,2026-05-03,02:45:00,16.0,17.0,16.0,25.0,77.0,39.0
1418,2026-05-03,03:00:00,16.0,16.0,16.0,25.0,77.0,40.0
1419,2026-05-03,03:15:00,16.0,16.0,16.0,25.0,77.0,40.0
1420,2026-05-03,03:30:00,16.0,16.0,16.0,25.0,77.0,40.0
1421,2026-05-03,03:45:00,16.0,16.0,16.0,25.0,77.0,40.0
1422,2026-05-03,04:00:00,16.0,16.0,16.0,25.0,78.0,40.0
1423,2026-05-03,04:15:00,16.0,16.0,16.0,25.0,79.0,40.0
1424,2026-05-03,04:30:00,16.0,16.0,16.0,25.0,80.0,40.0
1425,2026-05-03,04:45:00,16.0,16.0,16.0,25.0,79.0,40.0
1426,2026-05-03,05:00:00,16.0,16.0,16.0,25.0,79.0,40.0
1427,2026-05-03,05:15:00,16.0,16.0,16.0,25.0,78.0,40.0
1428,2026-05-03,05:30:00,16.0,16.0,16.0,25.0,78.0,41.0
1429,2026-05-03,05:45:00,16.0,16.0,16.0,25.0,79.0,41.0
1430,2026-05-03,06:00:00,15.0,16.0,15.0,25.0,79.0,41.0
1431,2026-05-03,06:15:00,15.0,15.0,15.0,25.0,80.0,41.0
1432,2026-05-03,06:30:00,15.0,15.0,15.0,25.0,81.0,41.0
1433,2026-05-03,06:45:00,15.0,15.0,15.0,25.0,81.0,41.0
1434,2026-05-03,07:00:00,15.0,15.0,15.0,24.0,80.0,41.0
1435,2026-05-03,07:15:00,16.0,16.0,15.0,24.0,78.0,41.0
1436,2026-05-03,07:30:00,16.0,16.0,16.0,24.0,77.0,41.0
1437,2026-05-03,07:45:00,17.0,17.0,16.0,24.0,76.0,41.0
1438,2026-05-03,08:00:00,17.0,17.0,17.0,24.0,74.0,41.0
1439,2026-05-03,08:15:00,18.0,18.0,17.0,24.0,71.0,41.0
1440,2026-05-03,08:30:00,18.0,19.0,18.0,24.0,71.0,42.0
1441,2026-05-03,08:45:00,19.0,19.0,18.0,24.0,69.0,41.0
1442,2026-05-03,09:00:00,20.0,20.0,19.0,24.0,66.0,42.0
1443,2026-05-03,09:15:00,21.0,21.0,20.0,24.0,62.0,42.0
1444,2026-05-03,09:30:00,21.0,22.0,21.0,24.0,62.0,42.0
1445,2026-05-03,09:45:00,21.0,21.0,21.0,24.0,61.0,42.0
1446,2026-05-03,10:00:00,23.0,23.0,21.0,24.0,59.0,42.0
1447,2026-05-03,10:15:00,23.0,23.0,23.0,24.0,55.0,41.0
1448,2026-05-03,10:30:00,24.0,24.0,23.0,24.0,54.0,41.0
1449,2026-05-03,10:45:00,25.0,25.0,24.0,24.0,51.0,42.0
1450,2026-05-03,11:00:00,25.0,25.0,25.0,24.0,49.0,42.0
1451,2026-05-03,11:15:00,26.0,26.0,25.0,24.0,47.0,41.0
1452,2026-05-03,11:30:00,26.0,26.0,26.0,24.0,45.0,41.0
1453,2026-05-03,11:45:00,26.0,26.0,26.0,25.0,44.0,41.0
1454,2026-05-03,12:00:00,26.0,26.0,26.0,25.0,45.0,41.0
1455,2026-05-03,12:15:00,27.0,27.0,26.0,25.0,42.0,41.0
1456,2026-05-03,12:30:00,28.0,28.0,26.0,25.0,40.0,41.0
1457,2026-05-03,12:45:00,28.0,28.0,27.0,25.0,39.0,41.0
1458,2026-05-03,13:00:00,28.0,28.0,28.0,25.0,39.0,41.0
1459,2026-05-03,13:15:00,28.0,28.0,28.0,25.0,38.0,41.0
1460,2026-05-03,13:30:00,27.0,28.0,27.0,25.0,38.0,40.0
1461,2026-05-03,13:45:00,27.0,27.0,27.0,25.0,38.0,40.0
1462,2026-05-03,14:00:00,27.0,27.0,27.0,25.0,36.0,40.0
1463,2026-05-03,14:15:00,27.0,27.0,27.0,25.0,36.0,40.0
1464,2026-05-03,14:30:00,28.0,28.0,27.0,25.0,36.0,40.0
1465,2026-05-03,14:45:00,29.0,29.0,28.0,25.0,33.0,39.0
1466,2026-05-03,15:00:00,29.0,30.0,29.0,25.0,32.0,39.0
1467,2026-05-03,15:15:00,28.0,29.0,28.0,25.0,39.0,39.0
1468,2026-05-03,15:30:00,28.0,28.0,27.0,25.0,39.0,39.0
1469,2026-05-03,15:45:00,26.0,28.0,26.0,25.0,43.0,39.0
1470,2026-05-03,16:00:00,25.0,26.0,25.0,25.0,43.0,39.0
1471,2026-05-03,16:15:00,25.0,25.0,25.0,25.0,44.0,39.0
1473,2026-05-03,16:30:00,17.0,19.0,17.0,25.0,77.0,40.0
1474,2026-05-03,16:45:00,16.0,17.0,16.0,25.0,82.0,41.0
1475,2026-05-03,17:00:00,16.0,16.0,16.0,25.0,86.0,42.0
1476,2026-05-03,17:15:00,16.0,16.0,16.0,25.0,85.0,43.0
1477,2026-05-03,17:30:00,17.0,17.0,16.0,25.0,81.0,43.0
1478,2026-05-03,17:45:00,17.0,17.0,17.0,25.0,84.0,43.0
1479,2026-05-03,18:00:00,17.0,17.0,17.0,25.0,82.0,44.0
1480,2026-05-03,18:15:00,17.0,17.0,17.0,25.0,78.0,44.0
1481,2026-05-03,18:30:00,17.0,18.0,17.0,25.0,80.0,44.0
1482,2026-05-03,18:45:00,17.0,17.0,17.0,25.0,84.0,45.0
1483,2026-05-03,19:00:00,16.0,17.0,16.0,25.0,86.0,45.0
1484,2026-05-03,19:15:00,16.0,16.0,16.0,25.0,85.0,45.0
1485,2026-05-03,19:30:00,16.0,16.0,16.0,25.0,86.0,45.0
1486,2026-05-03,19:45:00,16.0,16.0,16.0,25.0,84.0,45.0
1487,2026-05-03,20:00:00,16.0,16.0,16.0,25.0,83.0,45.0
1488,2026-05-03,20:15:00,16.0,16.0,16.0,25.0,85.0,45.0
1489,2026-05-03,20:30:00,16.0,16.0,16.0,24.0,84.0,45.0
1490,2026-05-03,20:45:00,16.0,16.0,16.0,24.0,84.0,45.0
1491,2026-05-03,21:00:00,16.0,16.0,16.0,24.0,86.0,45.0
1492,2026-05-03,21:15:00,16.0,16.0,16.0,24.0,89.0,46.0
1493,2026-05-03,21:30:00,16.0,16.0,16.0,24.0,91.0,46.0
1494,2026-05-03,21:45:00,15.0,16.0,15.0,24.0,91.0,46.0
1495,2026-05-03,22:00:00,16.0,16.0,15.0,24.0,91.0,47.0
1496,2026-05-03,22:15:00,16.0,16.0,16.0,24.0,90.0,47.0
1497,2026-05-03,22:30:00,16.0,16.0,16.0,24.0,90.0,47.0
1498,2026-05-03,22:45:00,16.0,16.0,16.0,24.0,91.0,47.0
1499,2026-05-03,23:00:00,16.0,16.0,16.0,24.0,91.0,47.0
1500,2026-05-03,23:15:00,16.0,16.0,16.0,24.0,91.0,48.0
1501,2026-05-03,23:30:00,16.0,16.0,16.0,24.0,91.0,48.0
1502,2026-05-03,23:45:00,16.0,16.0,16.0,24.0,91.0,48.0
1538,2026-05-04,00:15:00,16.0,16.0,16.0,24.0,90.0,48.0
1539,2026-05-04,00:30:00,16.0,16.0,16.0,24.0,91.0,48.0
1540,2026-05-04,00:45:00,16.0,16.0,16.0,24.0,90.0,48.0
1541,2026-05-04,01:00:00,16.0,16.0,16.0,24.0,89.0,48.0
1542,2026-05-04,01:15:00,16.0,16.0,16.0,24.0,89.0,48.0
1543,2026-05-04,01:30:00,16.0,16.0,16.0,24.0,89.0,48.0
1544,2026-05-04,01:45:00,15.0,16.0,15.0,24.0,90.0,48.0
1545,2026-05-04,02:00:00,15.0,15.0,15.0,24.0,90.0,48.0
1546,2026-05-04,02:15:00,15.0,15.0,15.0,24.0,90.0,48.0
1547,2026-05-04,02:30:00,15.0,15.0,15.0,24.0,89.0,48.0
1548,2026-05-04,02:45:00,15.0,15.0,15.0,24.0,89.0,48.0
1549,2026-05-04,03:00:00,15.0,15.0,15.0,24.0,91.0,48.0
1550,2026-05-04,03:15:00,14.0,15.0,14.0,24.0,91.0,48.0
1551,2026-05-04,03:30:00,14.0,14.0,14.0,24.0,92.0,48.0
1552,2026-05-04,03:45:00,14.0,14.0,14.0,24.0,92.0,48.0
1553,2026-05-04,04:00:00,13.0,14.0,13.0,24.0,92.0,48.0
1554,2026-05-04,04:15:00,13.0,13.0,13.0,24.0,93.0,48.0
1555,2026-05-04,04:30:00,13.0,13.0,13.0,24.0,94.0,48.0
1556,2026-05-04,04:45:00,13.0,13.0,13.0,24.0,93.0,48.0
1557,2026-05-04,05:00:00,13.0,13.0,13.0,24.0,94.0,48.0
1558,2026-05-04,05:15:00,13.0,13.0,13.0,24.0,94.0,48.0
1559,2026-05-04,05:30:00,13.0,13.0,13.0,24.0,94.0,48.0
1560,2026-05-04,05:45:00,13.0,13.0,13.0,24.0,94.0,48.0
1561,2026-05-04,06:00:00,13.0,13.0,13.0,24.0,95.0,48.0
1562,2026-05-04,06:15:00,13.0,13.0,13.0,24.0,95.0,48.0
1563,2026-05-04,06:30:00,14.0,14.0,13.0,23.0,95.0,48.0
1564,2026-05-04,06:45:00,15.0,15.0,14.0,23.0,95.0,48.0
1565,2026-05-04,07:00:00,15.0,15.0,15.0,23.0,91.0,48.0
1566,2026-05-04,07:15:00,16.0,16.0,15.0,23.0,85.0,48.0
1567,2026-05-04,07:30:00,17.0,17.0,16.0,23.0,81.0,48.0
1568,2026-05-04,07:45:00,19.0,19.0,17.0,23.0,73.0,48.0
1569,2026-05-04,08:00:00,19.0,19.0,19.0,23.0,71.0,48.0
1570,2026-05-04,08:15:00,21.0,21.0,19.0,23.0,67.0,48.0
1571,2026-05-04,08:30:00,21.0,21.0,21.0,23.0,67.0,48.0
1572,2026-05-04,08:45:00,22.0,22.0,21.0,24.0,62.0,47.0
1573,2026-05-04,09:00:00,23.0,23.0,22.0,24.0,59.0,47.0
1574,2026-05-04,09:15:00,23.0,23.0,23.0,24.0,61.0,47.0
1575,2026-05-04,09:30:00,22.0,23.0,22.0,24.0,59.0,47.0
1576,2026-05-04,09:45:00,24.0,24.0,22.0,24.0,59.0,47.0
1577,2026-05-04,10:00:00,24.0,24.0,24.0,24.0,52.0,47.0
1578,2026-05-04,10:15:00,25.0,25.0,24.0,24.0,53.0,47.0
1579,2026-05-04,10:30:00,25.0,25.0,25.0,24.0,49.0,47.0
1580,2026-05-04,10:45:00,26.0,27.0,25.0,24.0,45.0,46.0
1581,2026-05-04,11:00:00,26.0,27.0,26.0,24.0,42.0,46.0
1582,2026-05-04,11:15:00,26.0,27.0,26.0,24.0,43.0,46.0
1583,2026-05-04,11:30:00,27.0,27.0,26.0,24.0,40.0,46.0
1584,2026-05-04,11:45:00,27.0,27.0,26.0,24.0,37.0,45.0
1585,2026-05-04,12:00:00,27.0,27.0,27.0,24.0,38.0,45.0
1586,2026-05-04,12:15:00,28.0,28.0,27.0,24.0,35.0,45.0
1587,2026-05-04,12:30:00,28.0,28.0,28.0,24.0,36.0,45.0
1588,2026-05-04,12:45:00,29.0,29.0,28.0,24.0,33.0,44.0
1589,2026-05-04,13:00:00,29.0,29.0,28.0,24.0,33.0,44.0
1590,2026-05-04,13:15:00,29.0,29.0,29.0,24.0,32.0,44.0
1591,2026-05-04,13:30:00,29.0,29.0,28.0,24.0,35.0,43.0
1592,2026-05-04,13:45:00,29.0,29.0,28.0,24.0,33.0,42.0
1593,2026-05-04,14:00:00,29.0,30.0,29.0,24.0,31.0,42.0
1594,2026-05-04,14:15:00,29.0,30.0,29.0,24.0,29.0,42.0
1595,2026-05-04,14:30:00,29.0,29.0,29.0,24.0,29.0,42.0
1596,2026-05-04,14:45:00,30.0,30.0,29.0,24.0,29.0,42.0
1597,2026-05-04,15:00:00,30.0,30.0,30.0,24.0,27.0,41.0
1598,2026-05-04,15:15:00,30.0,30.0,30.0,24.0,27.0,41.0
1599,2026-05-04,15:30:00,30.0,30.0,30.0,24.0,28.0,40.0
1600,2026-05-04,15:45:00,30.0,30.0,30.0,24.0,28.0,40.0
1601,2026-05-04,16:00:00,30.0,30.0,30.0,24.0,30.0,40.0
1602,2026-05-04,16:15:00,29.0,30.0,29.0,24.0,33.0,39.0
1603,2026-05-04,16:30:00,28.0,29.0,28.0,24.0,33.0,39.0
1604,2026-05-04,16:45:00,27.0,28.0,27.0,24.0,34.0,39.0
1605,2026-05-04,17:00:00,27.0,27.0,27.0,25.0,40.0,39.0
1606,2026-05-04,17:15:00,27.0,27.0,27.0,25.0,44.0,39.0
1607,2026-05-04,17:30:00,26.0,27.0,26.0,25.0,46.0,39.0
1608,2026-05-04,17:45:00,26.0,26.0,26.0,25.0,45.0,39.0
1609,2026-05-04,18:00:00,26.0,26.0,25.0,25.0,47.0,39.0
1610,2026-05-04,18:15:00,25.0,25.0,25.0,25.0,50.0,39.0
1611,2026-05-04,18:30:00,24.0,25.0,24.0,25.0,52.0,39.0
1612,2026-05-04,18:45:00,24.0,24.0,24.0,25.0,53.0,40.0
1613,2026-05-04,19:00:00,23.0,24.0,23.0,25.0,54.0,40.0
1614,2026-05-04,19:15:00,23.0,23.0,23.0,25.0,54.0,40.0
1615,2026-05-04,19:30:00,23.0,23.0,23.0,25.0,54.0,40.0
1616,2026-05-04,19:45:00,23.0,23.0,23.0,25.0,57.0,40.0
1617,2026-05-04,20:00:00,22.0,23.0,22.0,25.0,58.0,41.0
1618,2026-05-04,20:15:00,22.0,22.0,22.0,25.0,53.0,41.0
1619,2026-05-04,20:30:00,22.0,22.0,22.0,25.0,56.0,41.0
1620,2026-05-04,20:45:00,22.0,22.0,22.0,25.0,53.0,41.0
1621,2026-05-04,21:00:00,22.0,22.0,22.0,25.0,56.0,41.0
1622,2026-05-04,21:15:00,21.0,22.0,21.0,25.0,58.0,41.0
1623,2026-05-04,21:30:00,21.0,21.0,21.0,25.0,59.0,41.0
1624,2026-05-04,21:45:00,21.0,21.0,20.0,25.0,57.0,41.0
1625,2026-05-04,22:00:00,20.0,21.0,20.0,25.0,60.0,41.0
1626,2026-05-04,22:15:00,19.0,20.0,19.0,25.0,63.0,41.0
1627,2026-05-04,22:30:00,19.0,19.0,19.0,25.0,64.0,41.0
1628,2026-05-04,22:45:00,19.0,19.0,19.0,25.0,65.0,41.0
1629,2026-05-04,23:00:00,18.0,19.0,18.0,25.0,66.0,42.0
1630,2026-05-04,23:15:00,19.0,19.0,18.0,25.0,66.0,42.0
1631,2026-05-04,23:30:00,18.0,19.0,18.0,25.0,67.0,42.0
1632,2026-05-04,23:45:00,18.0,18.0,18.0,25.0,68.0,42.0
1633,2026-05-05,00:15:00,18.0,18.0,18.0,25.0,71.0,42.0
1634,2026-05-05,00:30:00,18.0,18.0,18.0,25.0,70.0,42.0
1635,2026-05-05,00:45:00,18.0,18.0,18.0,25.0,71.0,42.0
1636,2026-05-05,01:00:00,18.0,18.0,18.0,25.0,70.0,42.0
1637,2026-05-05,01:15:00,17.0,18.0,17.0,25.0,72.0,42.0
1638,2026-05-05,01:30:00,17.0,17.0,17.0,25.0,72.0,42.0
1639,2026-05-05,01:45:00,17.0,17.0,17.0,25.0,70.0,42.0
1640,2026-05-05,02:00:00,17.0,17.0,17.0,25.0,69.0,42.0
1641,2026-05-05,02:15:00,16.0,17.0,16.0,25.0,70.0,42.0
1642,2026-05-05,02:30:00,16.0,16.0,16.0,25.0,71.0,42.0
1643,2026-05-05,02:45:00,16.0,16.0,16.0,24.0,70.0,42.0
1644,2026-05-05,03:00:00,16.0,16.0,16.0,24.0,71.0,42.0
1645,2026-05-05,03:15:00,15.0,16.0,15.0,24.0,74.0,42.0
1646,2026-05-05,03:30:00,15.0,15.0,15.0,24.0,74.0,42.0
1647,2026-05-05,03:45:00,15.0,15.0,15.0,24.0,76.0,42.0
1648,2026-05-05,04:00:00,15.0,15.0,15.0,24.0,76.0,42.0
1649,2026-05-05,04:15:00,15.0,15.0,15.0,24.0,75.0,42.0
1650,2026-05-05,04:30:00,15.0,15.0,15.0,24.0,76.0,42.0
1651,2026-05-05,04:45:00,15.0,16.0,15.0,24.0,76.0,42.0
1652,2026-05-05,05:00:00,15.0,16.0,15.0,24.0,75.0,42.0
1653,2026-05-05,05:15:00,15.0,15.0,15.0,24.0,77.0,42.0
1654,2026-05-05,05:30:00,14.0,15.0,14.0,24.0,79.0,42.0
1655,2026-05-05,05:45:00,14.0,14.0,14.0,24.0,81.0,42.0
1656,2026-05-05,06:00:00,14.0,15.0,14.0,24.0,79.0,43.0
1657,2026-05-05,06:15:00,14.0,14.0,14.0,24.0,80.0,43.0
1658,2026-05-05,06:30:00,15.0,15.0,14.0,24.0,81.0,43.0
1659,2026-05-05,06:45:00,16.0,16.0,15.0,24.0,79.0,43.0
1660,2026-05-05,07:00:00,16.0,16.0,16.0,24.0,75.0,43.0
1661,2026-05-05,07:15:00,18.0,18.0,16.0,24.0,68.0,43.0
1662,2026-05-05,07:30:00,19.0,19.0,18.0,24.0,63.0,43.0
1663,2026-05-05,07:45:00,21.0,21.0,19.0,24.0,58.0,43.0
1664,2026-05-05,08:00:00,22.0,22.0,21.0,24.0,55.0,43.0
1665,2026-05-05,08:15:00,22.0,22.0,22.0,24.0,54.0,43.0
1666,2026-05-05,08:30:00,23.0,23.0,22.0,24.0,51.0,43.0
1667,2026-05-05,08:45:00,24.0,24.0,23.0,24.0,49.0,43.0
1668,2026-05-05,09:00:00,24.0,25.0,24.0,24.0,49.0,43.0
1669,2026-05-05,09:15:00,25.0,25.0,24.0,24.0,48.0,43.0
1670,2026-05-05,09:30:00,25.0,25.0,24.0,24.0,48.0,43.0
1671,2026-05-05,09:45:00,25.0,25.0,25.0,24.0,47.0,42.0
1672,2026-05-05,10:00:00,25.0,25.0,25.0,24.0,43.0,42.0
1673,2026-05-05,10:15:00,26.0,26.0,25.0,24.0,43.0,42.0
1674,2026-05-05,10:30:00,27.0,27.0,26.0,24.0,36.0,42.0
1675,2026-05-05,10:45:00,27.0,28.0,27.0,24.0,37.0,42.0
1676,2026-05-05,11:00:00,28.0,28.0,27.0,24.0,36.0,42.0
1677,2026-05-05,11:15:00,28.0,29.0,28.0,24.0,34.0,41.0
1678,2026-05-05,11:30:00,29.0,29.0,28.0,24.0,33.0,41.0
1679,2026-05-05,11:45:00,29.0,29.0,28.0,24.0,32.0,41.0
1680,2026-05-05,12:00:00,29.0,29.0,29.0,24.0,30.0,41.0
1681,2026-05-05,12:15:00,29.0,29.0,29.0,24.0,31.0,41.0
1682,2026-05-05,12:30:00,29.0,29.0,29.0,24.0,28.0,40.0
1683,2026-05-05,12:45:00,30.0,30.0,29.0,24.0,29.0,40.0
1684,2026-05-05,13:00:00,30.0,30.0,29.0,24.0,29.0,39.0
1685,2026-05-05,13:15:00,29.0,30.0,29.0,24.0,28.0,39.0
1686,2026-05-05,13:30:00,30.0,30.0,29.0,24.0,28.0,39.0
1687,2026-05-05,13:45:00,30.0,30.0,30.0,25.0,28.0,38.0
1688,2026-05-05,14:00:00,31.0,31.0,30.0,25.0,27.0,38.0
1689,2026-05-05,14:15:00,30.0,31.0,30.0,25.0,27.0,38.0
1690,2026-05-05,14:30:00,30.0,30.0,30.0,25.0,27.0,38.0
1691,2026-05-05,14:45:00,30.0,30.0,29.0,25.0,26.0,37.0
1692,2026-05-05,15:00:00,30.0,30.0,30.0,25.0,28.0,37.0
1693,2026-05-05,15:15:00,28.0,30.0,28.0,25.0,34.0,37.0
1694,2026-05-05,15:30:00,27.0,28.0,27.0,25.0,37.0,37.0
1695,2026-05-05,15:45:00,27.0,27.0,27.0,25.0,38.0,37.0
1696,2026-05-05,16:00:00,27.0,27.0,27.0,25.0,37.0,37.0
1697,2026-05-05,16:15:00,27.0,27.0,27.0,25.0,37.0,37.0
1698,2026-05-05,16:30:00,27.0,27.0,27.0,25.0,37.0,37.0
1699,2026-05-05,16:45:00,27.0,27.0,27.0,25.0,36.0,37.0
1700,2026-05-05,17:00:00,27.0,27.0,27.0,25.0,35.0,37.0
1701,2026-05-05,17:15:00,27.0,27.0,27.0,25.0,35.0,37.0
1702,2026-05-05,17:30:00,27.0,27.0,27.0,25.0,35.0,37.0
1703,2026-05-05,17:45:00,27.0,27.0,27.0,25.0,34.0,37.0
1704,2026-05-05,18:00:00,26.0,27.0,26.0,25.0,35.0,37.0
1705,2026-05-05,18:15:00,26.0,26.0,26.0,25.0,36.0,36.0
1706,2026-05-05,18:30:00,26.0,26.0,26.0,25.0,38.0,36.0
1707,2026-05-05,18:45:00,25.0,26.0,25.0,25.0,40.0,36.0
1708,2026-05-05,19:00:00,25.0,25.0,25.0,25.0,43.0,36.0
1709,2026-05-05,19:15:00,25.0,25.0,25.0,25.0,38.0,36.0
1710,2026-05-05,19:30:00,24.0,25.0,24.0,25.0,39.0,36.0
1711,2026-05-05,19:45:00,24.0,24.0,24.0,25.0,41.0,36.0
1712,2026-05-05,20:00:00,24.0,24.0,24.0,25.0,43.0,36.0
1713,2026-05-05,20:15:00,24.0,24.0,24.0,25.0,45.0,36.0
1714,2026-05-05,20:30:00,23.0,24.0,23.0,25.0,56.0,36.0
1715,2026-05-05,20:45:00,21.0,23.0,21.0,25.0,57.0,37.0
1716,2026-05-05,21:00:00,22.0,22.0,21.0,25.0,54.0,37.0
1717,2026-05-05,21:15:00,22.0,22.0,21.0,25.0,52.0,37.0
1718,2026-05-05,21:30:00,21.0,22.0,21.0,25.0,55.0,38.0
1719,2026-05-05,21:45:00,20.0,21.0,20.0,25.0,58.0,38.0
1720,2026-05-05,22:00:00,20.0,20.0,20.0,25.0,59.0,38.0
1721,2026-05-05,22:15:00,20.0,20.0,20.0,25.0,59.0,39.0
1722,2026-05-05,22:30:00,20.0,20.0,20.0,25.0,58.0,39.0
1723,2026-05-05,22:45:00,20.0,20.0,20.0,25.0,59.0,39.0
1724,2026-05-05,23:00:00,20.0,20.0,20.0,25.0,56.0,39.0
1725,2026-05-05,23:15:00,20.0,20.0,20.0,25.0,57.0,39.0
1726,2026-05-05,23:30:00,19.0,20.0,19.0,25.0,58.0,39.0
1727,2026-05-05,23:45:00,19.0,19.0,19.0,25.0,60.0,39.0
1918,2026-05-06,00:15:00,17.0,18.0,17.0,25.0,64.0,39.0
1919,2026-05-06,00:30:00,17.0,17.0,17.0,25.0,66.0,39.0
1920,2026-05-06,00:45:00,17.0,17.0,17.0,25.0,67.0,39.0
1921,2026-05-06,01:00:00,18.0,18.0,17.0,25.0,65.0,39.0
1922,2026-05-06,01:15:00,18.0,18.0,18.0,25.0,65.0,39.0
1923,2026-05-06,01:30:00,17.0,18.0,17.0,25.0,65.0,39.0
1924,2026-05-06,01:45:00,17.0,17.0,17.0,25.0,68.0,39.0
1925,2026-05-06,02:00:00,17.0,17.0,17.0,25.0,69.0,39.0
1926,2026-05-06,02:15:00,16.0,17.0,16.0,25.0,70.0,39.0
1927,2026-05-06,02:30:00,15.0,16.0,15.0,25.0,73.0,40.0
1928,2026-05-06,02:45:00,15.0,15.0,15.0,24.0,74.0,40.0
1929,2026-05-06,03:00:00,15.0,15.0,15.0,24.0,75.0,40.0
1930,2026-05-06,03:15:00,14.0,15.0,14.0,24.0,76.0,40.0
1931,2026-05-06,03:30:00,14.0,14.0,14.0,24.0,79.0,40.0
1932,2026-05-06,03:45:00,14.0,14.0,14.0,24.0,77.0,40.0
1933,2026-05-06,04:00:00,14.0,14.0,14.0,24.0,78.0,40.0
1934,2026-05-06,04:15:00,14.0,14.0,14.0,24.0,80.0,40.0
1935,2026-05-06,04:30:00,13.0,14.0,13.0,24.0,82.0,40.0
1936,2026-05-06,04:45:00,13.0,13.0,13.0,24.0,81.0,40.0
1937,2026-05-06,05:00:00,13.0,13.0,13.0,24.0,82.0,40.0
1938,2026-05-06,05:15:00,13.0,13.0,13.0,24.0,82.0,41.0
1939,2026-05-06,05:30:00,13.0,13.0,13.0,24.0,84.0,41.0
1940,2026-05-06,05:45:00,13.0,13.0,13.0,24.0,84.0,41.0
1941,2026-05-06,06:00:00,13.0,13.0,13.0,24.0,84.0,41.0
1942,2026-05-06,06:15:00,13.0,13.0,13.0,24.0,83.0,41.0
1943,2026-05-06,06:30:00,14.0,14.0,13.0,24.0,83.0,42.0
1944,2026-05-06,06:45:00,15.0,15.0,14.0,24.0,80.0,43.0
1945,2026-05-06,07:00:00,17.0,17.0,15.0,24.0,71.0,42.0
1946,2026-05-06,07:15:00,18.0,18.0,17.0,24.0,65.0,41.0
1947,2026-05-06,07:30:00,20.0,20.0,18.0,24.0,60.0,41.0
1948,2026-05-06,07:45:00,22.0,22.0,20.0,24.0,53.0,41.0
1949,2026-05-06,08:00:00,22.0,22.0,22.0,24.0,51.0,41.0
1950,2026-05-06,08:15:00,23.0,23.0,22.0,24.0,48.0,41.0
1951,2026-05-06,08:30:00,23.0,23.0,23.0,24.0,47.0,41.0
1952,2026-05-06,08:45:00,24.0,24.0,23.0,24.0,46.0,41.0
1953,2026-05-06,09:00:00,25.0,25.0,24.0,24.0,44.0,41.0
1954,2026-05-06,09:15:00,26.0,26.0,25.0,24.0,43.0,41.0
1955,2026-05-06,09:30:00,26.0,26.0,26.0,24.0,42.0,41.0
1956,2026-05-06,09:45:00,27.0,27.0,26.0,25.0,38.0,41.0
1957,2026-05-06,10:00:00,28.0,28.0,27.0,25.0,36.0,41.0
1958,2026-05-06,10:15:00,29.0,29.0,28.0,25.0,34.0,41.0
1959,2026-05-06,10:30:00,29.0,29.0,29.0,25.0,34.0,41.0
1960,2026-05-06,10:45:00,29.0,29.0,28.0,25.0,34.0,41.0
1961,2026-05-06,11:00:00,30.0,30.0,29.0,25.0,33.0,41.0
1962,2026-05-06,11:15:00,30.0,30.0,30.0,25.0,36.0,42.0
1963,2026-05-06,11:30:00,31.0,31.0,30.0,25.0,30.0,39.0
1964,2026-05-06,11:45:00,32.0,32.0,31.0,25.0,29.0,37.0
1965,2026-05-06,12:00:00,31.0,32.0,31.0,25.0,29.0,36.0
1966,2026-05-06,12:15:00,31.0,31.0,31.0,26.0,30.0,35.0
1967,2026-05-06,12:30:00,31.0,31.0,31.0,26.0,30.0,37.0
1968,2026-05-06,12:45:00,31.0,31.0,31.0,26.0,29.0,35.0
1969,2026-05-06,13:00:00,31.0,31.0,31.0,26.0,30.0,34.0
1970,2026-05-06,13:15:00,31.0,31.0,30.0,26.0,29.0,34.0
1971,2026-05-06,13:30:00,32.0,32.0,31.0,25.0,27.0,34.0
1972,2026-05-06,13:45:00,31.0,32.0,31.0,25.0,24.0,34.0
1973,2026-05-06,14:00:00,32.0,32.0,31.0,25.0,24.0,33.0
1974,2026-05-06,14:15:00,32.0,32.0,32.0,25.0,24.0,33.0
1975,2026-05-06,14:30:00,32.0,33.0,32.0,25.0,25.0,34.0
1976,2026-05-06,14:45:00,32.0,33.0,32.0,25.0,24.0,34.0
1977,2026-05-06,15:00:00,31.0,32.0,31.0,26.0,27.0,34.0
1978,2026-05-06,15:15:00,30.0,31.0,30.0,26.0,27.0,34.0
1979,2026-05-06,15:30:00,30.0,30.0,30.0,26.0,28.0,34.0
1980,2026-05-06,15:45:00,29.0,30.0,29.0,25.0,29.0,33.0
1981,2026-05-06,16:00:00,29.0,29.0,29.0,25.0,31.0,32.0
1982,2026-05-06,16:15:00,29.0,29.0,29.0,25.0,32.0,32.0
1983,2026-05-06,16:30:00,29.0,29.0,29.0,25.0,34.0,32.0
1984,2026-05-06,16:45:00,28.0,29.0,28.0,25.0,35.0,32.0
1985,2026-05-06,17:00:00,27.0,28.0,27.0,24.0,37.0,32.0
1986,2026-05-06,17:15:00,27.0,27.0,27.0,24.0,37.0,32.0
1987,2026-05-06,17:30:00,27.0,27.0,27.0,24.0,36.0,32.0
1988,2026-05-06,17:45:00,25.0,27.0,25.0,24.0,41.0,32.0
1989,2026-05-06,18:00:00,24.0,25.0,24.0,24.0,46.0,32.0
1990,2026-05-06,18:15:00,23.0,24.0,23.0,24.0,46.0,32.0
1991,2026-05-06,18:30:00,23.0,23.0,23.0,24.0,44.0,32.0
1992,2026-05-06,18:45:00,23.0,23.0,23.0,24.0,46.0,32.0
1993,2026-05-06,19:00:00,23.0,23.0,23.0,24.0,49.0,32.0
1994,2026-05-06,19:15:00,22.0,23.0,22.0,24.0,53.0,33.0
1995,2026-05-06,19:30:00,21.0,22.0,21.0,24.0,56.0,35.0
1996,2026-05-06,19:45:00,21.0,21.0,21.0,24.0,56.0,36.0
1997,2026-05-06,20:00:00,20.0,21.0,20.0,24.0,61.0,37.0
1998,2026-05-06,20:15:00,20.0,20.0,20.0,24.0,61.0,38.0
1999,2026-05-06,20:30:00,20.0,20.0,20.0,25.0,62.0,38.0
2000,2026-05-06,20:45:00,19.0,20.0,19.0,25.0,65.0,39.0
2001,2026-05-06,21:00:00,19.0,19.0,19.0,25.0,67.0,39.0
2002,2026-05-06,21:15:00,19.0,19.0,19.0,25.0,67.0,40.0
2003,2026-05-06,21:30:00,18.0,19.0,18.0,25.0,67.0,40.0
2004,2026-05-06,21:45:00,18.0,18.0,18.0,25.0,67.0,40.0
2005,2026-05-06,22:00:00,18.0,18.0,18.0,25.0,67.0,41.0
2006,2026-05-06,22:15:00,18.0,18.0,18.0,25.0,67.0,41.0
2007,2026-05-06,22:30:00,18.0,18.0,18.0,25.0,67.0,41.0
2008,2026-05-06,22:45:00,18.0,18.0,18.0,25.0,66.0,41.0
2009,2026-05-06,23:00:00,18.0,18.0,18.0,25.0,66.0,41.0
2010,2026-05-06,23:15:00,18.0,18.0,18.0,25.0,67.0,41.0
2011,2026-05-06,23:30:00,18.0,18.0,17.0,25.0,67.0,41.0
2012,2026-05-06,23:45:00,17.0,18.0,17.0,25.0,68.0,41.0
2013,2026-05-07,00:15:00,16.0,17.0,16.0,25.0,73.0,41.0
2014,2026-05-07,00:30:00,15.0,16.0,15.0,25.0,75.0,41.0
2015,2026-05-07,00:45:00,15.0,15.0,15.0,25.0,76.0,41.0
2016,2026-05-07,01:00:00,15.0,15.0,15.0,25.0,76.0,41.0
2017,2026-05-07,01:15:00,15.0,15.0,15.0,25.0,78.0,41.0
2018,2026-05-07,01:30:00,15.0,15.0,15.0,25.0,78.0,41.0
2019,2026-05-07,01:45:00,14.0,15.0,14.0,24.0,80.0,41.0
2020,2026-05-07,02:00:00,14.0,14.0,14.0,25.0,79.0,41.0
2021,2026-05-07,02:15:00,14.0,14.0,14.0,25.0,79.0,41.0
2022,2026-05-07,02:30:00,14.0,14.0,14.0,24.0,80.0,41.0
2023,2026-05-07,02:45:00,13.0,14.0,13.0,24.0,83.0,41.0
2024,2026-05-07,03:00:00,13.0,13.0,13.0,24.0,84.0,41.0
2025,2026-05-07,03:15:00,13.0,13.0,13.0,24.0,83.0,41.0
2026,2026-05-07,03:30:00,13.0,13.0,13.0,24.0,85.0,41.0
2027,2026-05-07,03:45:00,13.0,13.0,13.0,24.0,85.0,41.0
2028,2026-05-07,04:00:00,13.0,13.0,13.0,24.0,87.0,41.0
2029,2026-05-07,04:15:00,13.0,13.0,13.0,24.0,87.0,41.0
2030,2026-05-07,04:30:00,13.0,13.0,13.0,24.0,85.0,41.0
2031,2026-05-07,04:45:00,13.0,13.0,13.0,24.0,85.0,41.0
2032,2026-05-07,05:00:00,12.0,13.0,12.0,24.0,85.0,41.0
2033,2026-05-07,05:15:00,12.0,12.0,12.0,24.0,86.0,41.0
2034,2026-05-07,05:30:00,13.0,13.0,12.0,24.0,85.0,41.0
2035,2026-05-07,05:45:00,13.0,13.0,13.0,24.0,85.0,41.0
2036,2026-05-07,06:00:00,14.0,14.0,13.0,24.0,83.0,41.0
2037,2026-05-07,06:15:00,15.0,15.0,14.0,24.0,80.0,41.0
2038,2026-05-07,06:30:00,16.0,16.0,15.0,24.0,77.0,41.0
2039,2026-05-07,06:45:00,16.0,16.0,16.0,24.0,76.0,42.0
2040,2026-05-07,07:00:00,17.0,17.0,16.0,24.0,74.0,41.0
2041,2026-05-07,07:15:00,17.0,17.0,17.0,24.0,73.0,41.0
2042,2026-05-07,07:30:00,18.0,18.0,17.0,24.0,70.0,41.0
2043,2026-05-07,07:45:00,18.0,18.0,18.0,24.0,67.0,41.0
2044,2026-05-07,08:00:00,20.0,20.0,18.0,24.0,62.0,41.0
2045,2026-05-07,08:15:00,21.0,21.0,20.0,24.0,57.0,41.0
2046,2026-05-07,08:30:00,22.0,22.0,21.0,24.0,55.0,41.0
2047,2026-05-07,08:45:00,24.0,24.0,22.0,24.0,50.0,41.0
2048,2026-05-07,09:00:00,24.0,24.0,24.0,24.0,46.0,41.0
2049,2026-05-07,09:15:00,25.0,25.0,24.0,24.0,46.0,41.0
2050,2026-05-07,09:30:00,25.0,25.0,25.0,24.0,43.0,41.0
2051,2026-05-07,09:45:00,26.0,26.0,25.0,24.0,38.0,41.0
2052,2026-05-07,10:00:00,26.0,26.0,26.0,24.0,35.0,41.0
2053,2026-05-07,10:15:00,27.0,27.0,26.0,24.0,35.0,40.0
2054,2026-05-07,10:30:00,27.0,27.0,27.0,24.0,32.0,39.0
2055,2026-05-07,10:45:00,28.0,28.0,27.0,24.0,33.0,36.0
2056,2026-05-07,11:00:00,28.0,28.0,27.0,24.0,33.0,35.0
2057,2026-05-07,11:15:00,28.0,28.0,28.0,24.0,32.0,34.0
2058,2026-05-07,11:30:00,28.0,28.0,28.0,24.0,31.0,35.0
2059,2026-05-07,11:45:00,29.0,29.0,28.0,25.0,31.0,36.0
2060,2026-05-07,12:00:00,29.0,29.0,29.0,25.0,31.0,36.0
2061,2026-05-07,12:15:00,29.0,29.0,29.0,25.0,29.0,36.0
2062,2026-05-07,12:30:00,30.0,30.0,29.0,25.0,29.0,36.0
2063,2026-05-07,12:45:00,30.0,30.0,29.0,25.0,29.0,36.0
2064,2026-05-07,13:00:00,29.0,30.0,29.0,25.0,29.0,35.0
2065,2026-05-07,13:15:00,30.0,30.0,29.0,25.0,29.0,35.0
2066,2026-05-07,13:30:00,31.0,31.0,30.0,25.0,27.0,35.0
2067,2026-05-07,13:45:00,31.0,31.0,31.0,26.0,26.0,35.0
2068,2026-05-07,14:00:00,31.0,31.0,31.0,26.0,27.0,35.0
2069,2026-05-07,14:15:00,30.0,31.0,30.0,26.0,26.0,35.0
2070,2026-05-07,14:30:00,31.0,31.0,30.0,26.0,26.0,35.0
2071,2026-05-07,14:45:00,32.0,32.0,31.0,26.0,25.0,34.0
2072,2026-05-07,15:00:00,31.0,32.0,31.0,26.0,25.0,34.0
2073,2026-05-07,15:15:00,31.0,31.0,31.0,26.0,25.0,34.0
2074,2026-05-07,15:30:00,30.0,31.0,30.0,26.0,24.0,34.0
2075,2026-05-07,15:45:00,29.0,30.0,29.0,26.0,25.0,32.0
2076,2026-05-07,16:00:00,29.0,29.0,29.0,26.0,26.0,31.0
2077,2026-05-07,16:15:00,29.0,29.0,29.0,25.0,26.0,31.0
2078,2026-05-07,16:30:00,29.0,29.0,29.0,25.0,28.0,30.0
2079,2026-05-07,16:45:00,28.0,29.0,28.0,25.0,29.0,30.0
2080,2026-05-07,17:00:00,28.0,28.0,28.0,25.0,30.0,30.0
2081,2026-05-07,17:15:00,28.0,28.0,28.0,24.0,28.0,30.0
2082,2026-05-07,17:30:00,27.0,28.0,27.0,24.0,28.0,30.0
2083,2026-05-07,17:45:00,26.0,27.0,26.0,24.0,40.0,30.0
2084,2026-05-07,18:00:00,24.0,26.0,24.0,24.0,46.0,31.0
2085,2026-05-07,18:15:00,23.0,24.0,23.0,24.0,50.0,32.0
2086,2026-05-07,18:30:00,23.0,23.0,23.0,24.0,48.0,31.0
2087,2026-05-07,18:45:00,22.0,23.0,22.0,24.0,55.0,31.0
2088,2026-05-07,19:00:00,22.0,22.0,22.0,24.0,51.0,32.0
2089,2026-05-07,19:15:00,22.0,22.0,22.0,23.0,48.0,32.0
2090,2026-05-07,19:30:00,22.0,22.0,22.0,23.0,48.0,31.0
2091,2026-05-07,19:45:00,22.0,22.0,22.0,23.0,47.0,32.0
2092,2026-05-07,20:00:00,22.0,22.0,22.0,23.0,51.0,31.0
2093,2026-05-07,20:15:00,21.0,22.0,21.0,23.0,54.0,32.0
2094,2026-05-07,20:30:00,21.0,21.0,21.0,23.0,56.0,33.0
2095,2026-05-07,20:45:00,20.0,21.0,20.0,23.0,58.0,33.0
2096,2026-05-07,21:00:00,20.0,20.0,20.0,23.0,60.0,34.0
2097,2026-05-07,21:15:00,20.0,20.0,20.0,23.0,60.0,35.0
2098,2026-05-07,21:30:00,20.0,20.0,20.0,24.0,57.0,36.0
2099,2026-05-07,21:45:00,20.0,20.0,20.0,24.0,57.0,37.0
2100,2026-05-07,22:00:00,19.0,20.0,19.0,24.0,60.0,37.0
2101,2026-05-07,22:15:00,19.0,19.0,19.0,24.0,60.0,38.0
2102,2026-05-07,22:30:00,20.0,20.0,19.0,24.0,59.0,38.0
2103,2026-05-07,22:45:00,20.0,20.0,20.0,24.0,59.0,38.0
2104,2026-05-07,23:00:00,20.0,20.0,20.0,24.0,59.0,38.0
2105,2026-05-07,23:15:00,20.0,20.0,20.0,24.0,59.0,39.0
2106,2026-05-07,23:30:00,19.0,20.0,19.0,24.0,59.0,39.0
2107,2026-05-07,23:45:00,19.0,19.0,19.0,24.0,61.0,39.0
2108,2026-05-08,00:15:00,17.0,18.0,17.0,24.0,68.0,39.0
2109,2026-05-08,00:30:00,17.0,17.0,17.0,24.0,68.0,39.0
2110,2026-05-08,00:45:00,17.0,17.0,17.0,24.0,68.0,40.0
2111,2026-05-08,01:00:00,17.0,17.0,17.0,24.0,68.0,40.0
2112,2026-05-08,01:15:00,17.0,17.0,17.0,24.0,70.0,40.0
2113,2026-05-08,01:30:00,17.0,17.0,17.0,24.0,67.0,40.0
2114,2026-05-08,01:45:00,17.0,17.0,17.0,24.0,68.0,40.0
2115,2026-05-08,02:00:00,17.0,17.0,16.0,24.0,69.0,40.0
2116,2026-05-08,02:15:00,16.0,17.0,16.0,24.0,71.0,40.0
2117,2026-05-08,02:30:00,15.0,16.0,15.0,24.0,74.0,40.0
2118,2026-05-08,02:45:00,16.0,16.0,15.0,24.0,72.0,40.0
2119,2026-05-08,03:00:00,16.0,16.0,16.0,24.0,70.0,40.0
2120,2026-05-08,03:15:00,16.0,16.0,16.0,24.0,71.0,40.0
2121,2026-05-08,03:30:00,16.0,16.0,16.0,24.0,72.0,40.0
2122,2026-05-08,03:45:00,15.0,16.0,15.0,24.0,74.0,40.0
2123,2026-05-08,04:00:00,15.0,15.0,15.0,24.0,77.0,40.0
2124,2026-05-08,04:15:00,14.0,15.0,14.0,24.0,77.0,40.0
2125,2026-05-08,04:30:00,14.0,14.0,14.0,24.0,77.0,40.0
2126,2026-05-08,04:45:00,14.0,14.0,14.0,24.0,78.0,40.0
2127,2026-05-08,05:00:00,14.0,14.0,14.0,24.0,80.0,40.0
2128,2026-05-08,05:15:00,14.0,14.0,14.0,24.0,80.0,40.0
2129,2026-05-08,05:30:00,14.0,14.0,14.0,24.0,78.0,40.0
2130,2026-05-08,05:45:00,14.0,14.0,14.0,24.0,79.0,40.0
2131,2026-05-08,06:00:00,14.0,14.0,14.0,24.0,79.0,40.0
2132,2026-05-08,06:15:00,14.0,14.0,14.0,24.0,79.0,41.0
2133,2026-05-08,06:30:00,15.0,15.0,14.0,24.0,77.0,41.0
2134,2026-05-08,06:45:00,16.0,16.0,15.0,24.0,74.0,42.0
2135,2026-05-08,07:00:00,17.0,17.0,16.0,24.0,71.0,41.0
2136,2026-05-08,07:15:00,18.0,18.0,17.0,24.0,67.0,41.0
2137,2026-05-08,07:30:00,19.0,19.0,18.0,24.0,64.0,41.0
2138,2026-05-08,07:45:00,20.0,20.0,19.0,24.0,60.0,41.0
2139,2026-05-08,08:00:00,21.0,21.0,20.0,25.0,57.0,41.0
2140,2026-05-08,08:15:00,22.0,22.0,21.0,24.0,53.0,41.0
2141,2026-05-08,08:30:00,23.0,23.0,22.0,24.0,51.0,41.0
2142,2026-05-08,08:45:00,23.0,23.0,23.0,25.0,52.0,41.0
2143,2026-05-08,09:00:00,24.0,24.0,23.0,25.0,48.0,41.0
2144,2026-05-08,09:15:00,26.0,26.0,24.0,25.0,44.0,41.0
2145,2026-05-08,09:30:00,26.0,27.0,26.0,25.0,42.0,40.0
2146,2026-05-08,09:45:00,26.0,26.0,26.0,24.0,43.0,37.0
2147,2026-05-08,10:00:00,27.0,27.0,26.0,24.0,39.0,35.0
2148,2026-05-08,10:15:00,28.0,28.0,27.0,24.0,38.0,33.0
2149,2026-05-08,10:30:00,28.0,28.0,27.0,23.0,37.0,32.0
2150,2026-05-08,10:45:00,28.0,28.0,28.0,23.0,36.0,32.0
2151,2026-05-08,11:00:00,27.0,28.0,27.0,23.0,37.0,32.0
2152,2026-05-08,11:15:00,27.0,27.0,27.0,23.0,37.0,32.0
2153,2026-05-08,11:30:00,26.0,27.0,26.0,23.0,40.0,32.0
2154,2026-05-08,11:45:00,27.0,27.0,26.0,22.0,38.0,32.0
2155,2026-05-08,12:00:00,28.0,28.0,27.0,22.0,38.0,32.0
2156,2026-05-08,12:15:00,28.0,28.0,28.0,22.0,37.0,32.0
2157,2026-05-08,12:30:00,29.0,29.0,28.0,22.0,34.0,33.0
2158,2026-05-08,12:45:00,29.0,30.0,29.0,22.0,34.0,33.0
2159,2026-05-08,13:00:00,30.0,30.0,29.0,22.0,33.0,35.0
2160,2026-05-08,13:15:00,29.0,30.0,29.0,22.0,34.0,36.0
2161,2026-05-08,13:30:00,27.0,29.0,27.0,22.0,38.0,36.0
2162,2026-05-08,13:45:00,24.0,27.0,24.0,22.0,48.0,36.0
2163,2026-05-08,14:00:00,23.0,24.0,23.0,23.0,50.0,35.0
2164,2026-05-08,14:15:00,24.0,24.0,23.0,23.0,50.0,35.0
2165,2026-05-08,14:30:00,23.0,24.0,23.0,23.0,52.0,35.0
2166,2026-05-08,14:45:00,21.0,23.0,21.0,23.0,64.0,36.0
2167,2026-05-08,15:00:00,20.0,21.0,20.0,23.0,69.0,37.0
2168,2026-05-08,15:15:00,21.0,21.0,20.0,23.0,65.0,38.0
2169,2026-05-08,15:30:00,22.0,22.0,21.0,23.0,60.0,39.0
2170,2026-05-08,15:45:00,23.0,23.0,22.0,23.0,54.0,40.0
2171,2026-05-08,16:00:00,23.0,23.0,22.0,23.0,52.0,41.0
2172,2026-05-08,16:15:00,23.0,23.0,23.0,23.0,52.0,41.0
2173,2026-05-08,16:30:00,24.0,24.0,23.0,23.0,52.0,41.0
2174,2026-05-08,16:45:00,24.0,24.0,24.0,23.0,45.0,42.0
2175,2026-05-08,17:00:00,23.0,24.0,23.0,24.0,45.0,42.0
2176,2026-05-08,17:15:00,23.0,23.0,23.0,24.0,46.0,42.0
2177,2026-05-08,17:30:00,22.0,23.0,22.0,24.0,49.0,42.0
2178,2026-05-08,17:45:00,22.0,22.0,22.0,24.0,50.0,41.0
2179,2026-05-08,18:00:00,22.0,22.0,22.0,24.0,49.0,41.0
2180,2026-05-08,18:15:00,22.0,22.0,22.0,24.0,52.0,41.0
2181,2026-05-08,18:30:00,21.0,22.0,21.0,24.0,54.0,41.0
2182,2026-05-08,18:45:00,21.0,21.0,21.0,24.0,58.0,41.0
2183,2026-05-08,19:00:00,21.0,21.0,21.0,24.0,57.0,41.0
2184,2026-05-08,19:15:00,21.0,21.0,21.0,24.0,59.0,41.0
2185,2026-05-08,19:30:00,21.0,21.0,20.0,24.0,60.0,42.0
2186,2026-05-08,19:45:00,20.0,21.0,20.0,24.0,63.0,42.0
2187,2026-05-08,20:00:00,20.0,20.0,20.0,24.0,61.0,42.0
2188,2026-05-08,20:15:00,19.0,20.0,19.0,24.0,58.0,42.0
2189,2026-05-08,20:30:00,19.0,19.0,19.0,24.0,59.0,41.0
2190,2026-05-08,20:45:00,19.0,19.0,19.0,24.0,61.0,41.0
2191,2026-05-08,21:00:00,18.0,19.0,18.0,24.0,62.0,41.0
2192,2026-05-08,21:15:00,18.0,18.0,18.0,24.0,65.0,42.0
2193,2026-05-08,21:30:00,18.0,18.0,18.0,24.0,65.0,42.0
2194,2026-05-08,21:45:00,18.0,18.0,18.0,24.0,66.0,42.0
2195,2026-05-08,22:00:00,18.0,18.0,18.0,24.0,67.0,42.0
2196,2026-05-08,22:15:00,18.0,18.0,18.0,24.0,63.0,42.0
2197,2026-05-08,22:30:00,18.0,18.0,18.0,24.0,64.0,42.0
2198,2026-05-08,22:45:00,18.0,18.0,18.0,24.0,65.0,42.0
2199,2026-05-08,23:00:00,17.0,18.0,17.0,24.0,67.0,42.0
2200,2026-05-08,23:15:00,17.0,17.0,17.0,24.0,69.0,42.0
2201,2026-05-08,23:30:00,17.0,17.0,17.0,24.0,68.0,42.0
2202,2026-05-08,23:45:00,17.0,17.0,17.0,24.0,67.0,42.0
2203,2026-05-09,00:15:00,17.0,17.0,17.0,24.0,71.0,42.0
2204,2026-05-09,00:30:00,16.0,17.0,16.0,24.0,73.0,42.0
2205,2026-05-09,00:45:00,15.0,16.0,15.0,24.0,76.0,42.0
2206,2026-05-09,01:00:00,15.0,15.0,15.0,24.0,78.0,42.0
2207,2026-05-09,01:15:00,14.0,15.0,14.0,24.0,79.0,42.0
2208,2026-05-09,01:30:00,14.0,14.0,14.0,24.0,81.0,42.0
2209,2026-05-09,01:45:00,14.0,14.0,14.0,24.0,82.0,42.0
2210,2026-05-09,02:00:00,14.0,14.0,14.0,24.0,82.0,42.0
2211,2026-05-09,02:15:00,14.0,14.0,13.0,24.0,83.0,42.0
2212,2026-05-09,02:30:00,14.0,14.0,14.0,24.0,83.0,42.0
2213,2026-05-09,02:45:00,14.0,14.0,14.0,24.0,83.0,42.0
2214,2026-05-09,03:00:00,14.0,14.0,14.0,24.0,84.0,43.0
2215,2026-05-09,03:15:00,14.0,14.0,14.0,24.0,85.0,43.0
2216,2026-05-09,03:30:00,14.0,14.0,14.0,24.0,85.0,43.0
2217,2026-05-09,03:45:00,13.0,14.0,13.0,24.0,86.0,43.0
2218,2026-05-09,04:00:00,13.0,13.0,13.0,24.0,88.0,43.0
2219,2026-05-09,04:15:00,13.0,13.0,13.0,24.0,88.0,43.0
2220,2026-05-09,04:30:00,13.0,13.0,13.0,24.0,87.0,43.0
2221,2026-05-09,04:45:00,13.0,13.0,13.0,24.0,88.0,43.0
2222,2026-05-09,05:00:00,13.0,13.0,13.0,24.0,87.0,43.0
2223,2026-05-09,05:15:00,12.0,13.0,12.0,24.0,89.0,43.0
2224,2026-05-09,05:30:00,13.0,13.0,12.0,24.0,89.0,43.0
2225,2026-05-09,05:45:00,13.0,13.0,13.0,24.0,89.0,43.0
2226,2026-05-09,06:00:00,13.0,13.0,13.0,24.0,89.0,43.0
2227,2026-05-09,06:15:00,13.0,13.0,13.0,24.0,89.0,43.0
2228,2026-05-09,06:30:00,13.0,13.0,13.0,24.0,89.0,43.0
2229,2026-05-09,06:45:00,14.0,14.0,13.0,24.0,85.0,43.0
2230,2026-05-09,07:00:00,15.0,15.0,14.0,24.0,81.0,43.0
2231,2026-05-09,07:15:00,17.0,17.0,15.0,24.0,74.0,43.0
2232,2026-05-09,07:30:00,18.0,18.0,17.0,24.0,70.0,43.0
2233,2026-05-09,07:45:00,19.0,19.0,18.0,24.0,64.0,43.0
2234,2026-05-09,08:00:00,20.0,20.0,19.0,24.0,62.0,43.0
2235,2026-05-09,08:15:00,20.0,20.0,20.0,24.0,59.0,43.0
2236,2026-05-09,08:30:00,21.0,21.0,20.0,24.0,58.0,43.0
2237,2026-05-09,08:45:00,23.0,23.0,21.0,24.0,53.0,43.0
2238,2026-05-09,09:00:00,24.0,24.0,23.0,24.0,50.0,43.0
2239,2026-05-09,09:15:00,24.0,24.0,24.0,24.0,48.0,43.0
2240,2026-05-09,09:30:00,25.0,25.0,24.0,24.0,46.0,43.0
2241,2026-05-09,09:45:00,25.0,25.0,25.0,24.0,43.0,43.0
2242,2026-05-09,10:00:00,26.0,26.0,25.0,24.0,42.0,42.0
2243,2026-05-09,10:15:00,26.0,26.0,25.0,24.0,43.0,42.0
2244,2026-05-09,10:30:00,26.0,26.0,26.0,24.0,43.0,42.0
2245,2026-05-09,10:45:00,27.0,27.0,26.0,24.0,42.0,42.0
2246,2026-05-09,11:00:00,26.0,27.0,26.0,24.0,40.0,42.0
2247,2026-05-09,11:15:00,27.0,27.0,26.0,24.0,40.0,42.0
2248,2026-05-09,11:30:00,26.0,27.0,26.0,24.0,41.0,42.0
2249,2026-05-09,11:45:00,27.0,27.0,26.0,24.0,38.0,42.0
2250,2026-05-09,12:00:00,27.0,28.0,27.0,24.0,37.0,42.0
2251,2026-05-09,12:15:00,27.0,27.0,27.0,24.0,36.0,42.0
2252,2026-05-09,12:30:00,25.0,27.0,25.0,24.0,38.0,42.0
2253,2026-05-09,12:45:00,25.0,25.0,25.0,24.0,39.0,41.0
2254,2026-05-09,13:00:00,25.0,25.0,25.0,24.0,39.0,41.0
2255,2026-05-09,13:15:00,26.0,26.0,25.0,24.0,39.0,41.0
2256,2026-05-09,13:30:00,26.0,26.0,25.0,24.0,39.0,41.0
2257,2026-05-09,13:45:00,24.0,26.0,24.0,24.0,41.0,41.0
2258,2026-05-09,14:00:00,25.0,25.0,24.0,24.0,38.0,41.0
2259,2026-05-09,14:15:00,23.0,25.0,23.0,24.0,43.0,40.0
2260,2026-05-09,14:30:00,22.0,23.0,22.0,24.0,46.0,40.0
2261,2026-05-09,14:45:00,21.0,22.0,21.0,24.0,53.0,40.0
2262,2026-05-09,15:00:00,21.0,21.0,21.0,24.0,54.0,40.0
2263,2026-05-09,15:15:00,21.0,21.0,21.0,24.0,54.0,40.0
2264,2026-05-09,15:30:00,20.0,21.0,20.0,24.0,57.0,40.0
2265,2026-05-09,15:45:00,21.0,21.0,20.0,24.0,56.0,40.0
2266,2026-05-09,16:00:00,21.0,22.0,21.0,24.0,51.0,40.0
2267,2026-05-09,16:15:00,21.0,21.0,21.0,24.0,51.0,40.0
2268,2026-05-09,16:30:00,22.0,22.0,21.0,24.0,51.0,40.0
2269,2026-05-09,16:45:00,22.0,23.0,22.0,24.0,49.0,40.0
2270,2026-05-09,17:00:00,22.0,22.0,22.0,24.0,49.0,40.0
2271,2026-05-09,17:15:00,22.0,23.0,22.0,24.0,48.0,40.0
2272,2026-05-09,17:30:00,22.0,22.0,22.0,24.0,49.0,40.0
2273,2026-05-09,17:45:00,22.0,22.0,22.0,24.0,49.0,40.0
2274,2026-05-09,18:00:00,22.0,22.0,22.0,24.0,49.0,40.0
2275,2026-05-09,18:15:00,21.0,22.0,21.0,24.0,51.0,40.0
2276,2026-05-09,18:30:00,20.0,21.0,20.0,24.0,53.0,40.0
2277,2026-05-09,18:45:00,20.0,20.0,20.0,24.0,55.0,40.0
2278,2026-05-09,19:00:00,19.0,20.0,19.0,24.0,57.0,40.0
2279,2026-05-09,19:15:00,20.0,20.0,19.0,24.0,55.0,40.0
2280,2026-05-09,19:30:00,20.0,20.0,20.0,24.0,53.0,40.0
2281,2026-05-09,19:45:00,21.0,21.0,20.0,24.0,53.0,40.0
2282,2026-05-09,20:00:00,20.0,21.0,20.0,24.0,54.0,40.0
2283,2026-05-09,20:15:00,20.0,20.0,20.0,24.0,56.0,40.0
2284,2026-05-09,20:30:00,20.0,20.0,20.0,24.0,57.0,40.0
2285,2026-05-09,20:45:00,20.0,20.0,20.0,24.0,58.0,40.0
2286,2026-05-09,21:00:00,20.0,20.0,20.0,24.0,57.0,40.0
2287,2026-05-09,21:15:00,20.0,20.0,20.0,24.0,57.0,40.0
2288,2026-05-09,21:30:00,20.0,20.0,20.0,24.0,57.0,40.0
2289,2026-05-09,21:45:00,19.0,20.0,19.0,24.0,58.0,40.0
2290,2026-05-09,22:00:00,19.0,19.0,19.0,24.0,61.0,40.0
2291,2026-05-09,22:15:00,19.0,19.0,19.0,24.0,61.0,40.0
2292,2026-05-09,22:30:00,18.0,19.0,18.0,24.0,62.0,40.0
2293,2026-05-09,22:45:00,18.0,18.0,18.0,24.0,63.0,40.0
2294,2026-05-09,23:00:00,18.0,18.0,18.0,24.0,60.0,40.0
2295,2026-05-09,23:15:00,18.0,18.0,18.0,24.0,60.0,40.0
2296,2026-05-09,23:30:00,18.0,18.0,18.0,24.0,61.0,40.0
2297,2026-05-09,23:45:00,18.0,18.0,18.0,24.0,65.0,40.0
2298,2026-05-10,00:15:00,18.0,18.0,18.0,24.0,65.0,40.0
2299,2026-05-10,00:30:00,18.0,18.0,18.0,24.0,66.0,40.0
2300,2026-05-10,00:45:00,17.0,18.0,17.0,24.0,66.0,40.0
2301,2026-05-10,01:00:00,17.0,17.0,17.0,24.0,67.0,40.0
2302,2026-05-10,01:15:00,17.0,17.0,17.0,24.0,67.0,40.0
2303,2026-05-10,01:30:00,16.0,17.0,16.0,24.0,68.0,40.0
2304,2026-05-10,01:45:00,16.0,16.0,16.0,24.0,70.0,41.0
2305,2026-05-10,02:00:00,16.0,16.0,16.0,24.0,72.0,41.0
2306,2026-05-10,02:15:00,15.0,16.0,15.0,24.0,72.0,41.0
2307,2026-05-10,02:30:00,15.0,16.0,15.0,24.0,71.0,41.0
2308,2026-05-10,02:45:00,15.0,15.0,15.0,24.0,73.0,41.0
2309,2026-05-10,03:00:00,14.0,15.0,14.0,24.0,75.0,41.0
2310,2026-05-10,03:15:00,14.0,14.0,14.0,24.0,75.0,41.0
2311,2026-05-10,03:30:00,13.0,14.0,13.0,24.0,78.0,41.0
2312,2026-05-10,03:45:00,13.0,13.0,13.0,24.0,79.0,41.0
2313,2026-05-10,04:00:00,12.0,13.0,12.0,24.0,81.0,41.0
2314,2026-05-10,04:15:00,12.0,12.0,12.0,24.0,84.0,41.0
2315,2026-05-10,04:30:00,12.0,12.0,12.0,24.0,87.0,41.0
2316,2026-05-10,04:45:00,13.0,13.0,12.0,24.0,84.0,41.0
2317,2026-05-10,05:00:00,12.0,13.0,12.0,24.0,85.0,41.0
2318,2026-05-10,05:15:00,12.0,12.0,12.0,24.0,87.0,41.0
2319,2026-05-10,05:30:00,12.0,12.0,12.0,23.0,87.0,42.0
2320,2026-05-10,05:45:00,12.0,12.0,12.0,23.0,89.0,42.0
2321,2026-05-10,06:00:00,13.0,13.0,12.0,23.0,89.0,42.0
2322,2026-05-10,06:15:00,13.0,13.0,13.0,23.0,88.0,42.0
2323,2026-05-10,06:30:00,14.0,14.0,13.0,23.0,84.0,42.0
2324,2026-05-10,06:45:00,14.0,14.0,14.0,23.0,82.0,42.0
2325,2026-05-10,07:00:00,15.0,15.0,14.0,23.0,79.0,42.0
2326,2026-05-10,07:15:00,17.0,17.0,15.0,23.0,73.0,42.0
2327,2026-05-10,07:30:00,18.0,18.0,17.0,23.0,69.0,42.0
2328,2026-05-10,07:45:00,18.0,18.0,18.0,23.0,67.0,42.0
2329,2026-05-10,08:00:00,19.0,19.0,18.0,23.0,64.0,42.0
2330,2026-05-10,08:15:00,20.0,20.0,19.0,23.0,61.0,43.0
2331,2026-05-10,08:30:00,21.0,21.0,20.0,23.0,56.0,42.0
2332,2026-05-10,08:45:00,22.0,22.0,21.0,23.0,55.0,42.0
2333,2026-05-10,09:00:00,22.0,22.0,22.0,23.0,53.0,42.0
2334,2026-05-10,09:15:00,22.0,22.0,22.0,23.0,52.0,42.0
2335,2026-05-10,09:30:00,23.0,23.0,22.0,23.0,51.0,42.0
2336,2026-05-10,09:45:00,24.0,24.0,23.0,23.0,51.0,42.0
2337,2026-05-10,10:00:00,24.0,24.0,24.0,23.0,49.0,42.0
2338,2026-05-10,10:15:00,25.0,25.0,24.0,23.0,47.0,42.0
2339,2026-05-10,10:30:00,25.0,25.0,24.0,23.0,45.0,42.0
2340,2026-05-10,10:45:00,26.0,26.0,25.0,24.0,44.0,42.0
2341,2026-05-10,11:00:00,25.0,26.0,25.0,24.0,44.0,42.0
2342,2026-05-10,11:15:00,25.0,25.0,25.0,24.0,42.0,42.0
2343,2026-05-10,11:30:00,25.0,25.0,25.0,24.0,43.0,42.0
2344,2026-05-10,11:45:00,25.0,25.0,25.0,24.0,42.0,42.0
2345,2026-05-10,12:00:00,25.0,25.0,25.0,24.0,44.0,42.0
2346,2026-05-10,12:15:00,26.0,26.0,25.0,24.0,43.0,42.0
2347,2026-05-10,12:30:00,26.0,26.0,26.0,24.0,41.0,42.0
2348,2026-05-10,12:45:00,27.0,27.0,26.0,24.0,41.0,42.0
2349,2026-05-10,13:00:00,27.0,27.0,27.0,24.0,38.0,41.0
2350,2026-05-10,13:15:00,27.0,28.0,27.0,24.0,37.0,41.0
2351,2026-05-10,13:30:00,26.0,27.0,26.0,24.0,39.0,41.0
2352,2026-05-10,13:45:00,24.0,26.0,24.0,24.0,45.0,41.0
2353,2026-05-10,14:00:00,20.0,24.0,20.0,24.0,67.0,42.0
2354,2026-05-10,14:15:00,19.0,20.0,19.0,24.0,75.0,42.0
2355,2026-05-10,14:30:00,19.0,19.0,19.0,24.0,66.0,43.0
2356,2026-05-10,14:45:00,20.0,20.0,19.0,24.0,59.0,43.0
2357,2026-05-10,15:00:00,20.0,20.0,20.0,24.0,65.0,43.0
2358,2026-05-10,15:15:00,20.0,20.0,20.0,24.0,66.0,43.0
2359,2026-05-10,15:30:00,20.0,20.0,20.0,24.0,65.0,43.0
2360,2026-05-10,15:45:00,20.0,20.0,20.0,24.0,65.0,44.0
2361,2026-05-10,16:00:00,19.0,20.0,19.0,24.0,64.0,44.0
2362,2026-05-10,16:15:00,19.0,19.0,19.0,24.0,63.0,44.0
2363,2026-05-10,16:30:00,19.0,19.0,19.0,24.0,66.0,44.0
2364,2026-05-10,16:45:00,18.0,19.0,18.0,24.0,71.0,44.0
2365,2026-05-10,17:00:00,17.0,18.0,17.0,24.0,75.0,44.0
2366,2026-05-10,17:15:00,17.0,17.0,17.0,24.0,78.0,44.0
2367,2026-05-10,17:30:00,17.0,17.0,17.0,24.0,75.0,44.0
2368,2026-05-10,17:45:00,17.0,17.0,17.0,24.0,74.0,45.0
2369,2026-05-10,18:00:00,17.0,17.0,17.0,24.0,73.0,45.0
2370,2026-05-10,18:15:00,17.0,17.0,17.0,24.0,73.0,45.0
2371,2026-05-10,18:30:00,17.0,17.0,17.0,24.0,74.0,45.0
2372,2026-05-10,18:45:00,17.0,17.0,17.0,24.0,76.0,45.0
2373,2026-05-10,19:00:00,17.0,17.0,17.0,24.0,77.0,45.0
2374,2026-05-10,19:15:00,16.0,17.0,16.0,24.0,76.0,45.0
2375,2026-05-10,19:30:00,17.0,17.0,16.0,24.0,78.0,45.0
2376,2026-05-10,19:45:00,17.0,17.0,17.0,24.0,74.0,45.0
2377,2026-05-10,20:00:00,17.0,17.0,17.0,24.0,71.0,45.0
2378,2026-05-10,20:15:00,17.0,17.0,17.0,24.0,70.0,45.0
2379,2026-05-10,20:30:00,17.0,17.0,17.0,24.0,71.0,45.0
2380,2026-05-10,20:45:00,17.0,17.0,17.0,24.0,73.0,45.0
2381,2026-05-10,21:00:00,17.0,17.0,17.0,24.0,74.0,45.0
2382,2026-05-10,21:15:00,17.0,17.0,17.0,24.0,76.0,45.0
2383,2026-05-10,21:30:00,17.0,17.0,17.0,24.0,75.0,45.0
2384,2026-05-10,21:45:00,17.0,17.0,17.0,23.0,76.0,45.0
2385,2026-05-10,22:00:00,17.0,17.0,17.0,23.0,76.0,45.0
2386,2026-05-10,22:15:00,16.0,17.0,16.0,23.0,78.0,45.0
2387,2026-05-10,22:30:00,16.0,17.0,16.0,23.0,79.0,46.0
2388,2026-05-10,22:45:00,17.0,17.0,16.0,23.0,78.0,46.0
2389,2026-05-10,23:00:00,16.0,17.0,16.0,23.0,78.0,46.0
2390,2026-05-10,23:15:00,17.0,17.0,16.0,23.0,78.0,46.0
2391,2026-05-10,23:30:00,16.0,17.0,16.0,23.0,79.0,46.0
2392,2026-05-10,23:45:00,16.0,16.0,16.0,23.0,79.0,46.0
2393,2026-05-11,00:15:00,16.0,16.0,16.0,23.0,80.0,46.0
2394,2026-05-11,00:30:00,16.0,16.0,16.0,23.0,84.0,46.0
2395,2026-05-11,00:45:00,15.0,16.0,15.0,23.0,84.0,46.0
2396,2026-05-11,01:00:00,15.0,15.0,15.0,23.0,84.0,47.0
2397,2026-05-11,01:15:00,15.0,15.0,15.0,23.0,85.0,47.0
2398,2026-05-11,01:30:00,15.0,15.0,15.0,23.0,85.0,47.0
2399,2026-05-11,01:45:00,15.0,15.0,15.0,23.0,84.0,47.0
2400,2026-05-11,02:00:00,15.0,15.0,15.0,23.0,83.0,47.0
2401,2026-05-11,02:15:00,16.0,16.0,15.0,23.0,82.0,47.0
2402,2026-05-11,02:30:00,16.0,16.0,16.0,23.0,82.0,47.0
2403,2026-05-11,02:45:00,15.0,16.0,15.0,23.0,82.0,47.0
2404,2026-05-11,03:00:00,15.0,15.0,15.0,23.0,83.0,47.0
2405,2026-05-11,03:15:00,15.0,15.0,15.0,23.0,84.0,47.0
2406,2026-05-11,03:30:00,14.0,15.0,14.0,23.0,86.0,47.0
2407,2026-05-11,03:45:00,14.0,14.0,14.0,23.0,87.0,47.0
2408,2026-05-11,04:00:00,14.0,14.0,14.0,23.0,88.0,47.0
2409,2026-05-11,04:15:00,14.0,14.0,14.0,23.0,89.0,47.0
2410,2026-05-11,04:30:00,14.0,14.0,14.0,23.0,90.0,47.0
2411,2026-05-11,04:45:00,14.0,14.0,14.0,23.0,88.0,47.0
2412,2026-05-11,05:00:00,15.0,15.0,14.0,23.0,85.0,47.0
2413,2026-05-11,05:15:00,15.0,15.0,15.0,23.0,85.0,47.0
2414,2026-05-11,05:30:00,15.0,15.0,15.0,23.0,83.0,48.0
2415,2026-05-11,05:45:00,15.0,15.0,15.0,23.0,83.0,48.0
2416,2026-05-11,06:00:00,15.0,15.0,15.0,23.0,83.0,48.0
2417,2026-05-11,06:15:00,16.0,16.0,15.0,23.0,82.0,49.0
2418,2026-05-11,06:30:00,16.0,16.0,15.0,23.0,81.0,49.0
2419,2026-05-11,06:45:00,16.0,16.0,16.0,23.0,80.0,49.0
2420,2026-05-11,07:00:00,16.0,16.0,16.0,23.0,80.0,48.0
2421,2026-05-11,07:15:00,17.0,17.0,16.0,23.0,77.0,48.0
2422,2026-05-11,07:30:00,18.0,18.0,17.0,23.0,75.0,48.0
2423,2026-05-11,07:45:00,18.0,18.0,18.0,23.0,73.0,48.0
2424,2026-05-11,08:00:00,18.0,18.0,18.0,23.0,73.0,48.0
2425,2026-05-11,08:15:00,19.0,19.0,18.0,23.0,71.0,48.0
2426,2026-05-11,08:30:00,19.0,19.0,19.0,23.0,70.0,48.0
2427,2026-05-11,08:45:00,19.0,19.0,19.0,23.0,69.0,48.0
2428,2026-05-11,09:00:00,20.0,20.0,19.0,23.0,68.0,48.0
2429,2026-05-11,09:15:00,20.0,20.0,20.0,23.0,65.0,48.0
2430,2026-05-11,09:30:00,21.0,21.0,20.0,23.0,61.0,48.0
2431,2026-05-11,09:45:00,21.0,21.0,21.0,23.0,61.0,46.0
2432,2026-05-11,10:00:00,23.0,23.0,21.0,23.0,57.0,40.0
2433,2026-05-11,10:15:00,23.0,23.0,23.0,23.0,57.0,37.0
2434,2026-05-11,10:30:00,24.0,24.0,23.0,22.0,51.0,36.0
2435,2026-05-11,10:45:00,24.0,24.0,24.0,22.0,48.0,34.0
2436,2026-05-11,11:00:00,25.0,25.0,24.0,22.0,48.0,35.0
2437,2026-05-11,11:15:00,24.0,25.0,24.0,22.0,50.0,35.0
2438,2026-05-11,11:30:00,25.0,25.0,24.0,22.0,48.0,35.0
2439,2026-05-11,11:45:00,24.0,25.0,24.0,22.0,48.0,35.0
2440,2026-05-11,12:00:00,25.0,25.0,24.0,21.0,47.0,35.0
2441,2026-05-11,12:15:00,25.0,25.0,25.0,21.0,47.0,35.0
2442,2026-05-11,12:30:00,24.0,25.0,24.0,21.0,49.0,35.0
2443,2026-05-11,12:45:00,24.0,24.0,24.0,21.0,49.0,35.0
2444,2026-05-11,13:00:00,25.0,25.0,24.0,21.0,47.0,35.0
2445,2026-05-11,13:15:00,25.0,25.0,25.0,21.0,44.0,35.0
2446,2026-05-11,13:30:00,25.0,25.0,25.0,21.0,45.0,37.0
2447,2026-05-11,13:45:00,25.0,25.0,25.0,21.0,46.0,37.0
2448,2026-05-11,14:00:00,25.0,26.0,25.0,21.0,45.0,37.0
2449,2026-05-11,14:15:00,24.0,25.0,24.0,21.0,47.0,38.0
2450,2026-05-11,14:30:00,24.0,24.0,24.0,22.0,49.0,40.0
2451,2026-05-11,14:45:00,23.0,24.0,23.0,22.0,52.0,41.0
2452,2026-05-11,15:00:00,22.0,23.0,22.0,22.0,54.0,42.0
2453,2026-05-11,15:15:00,23.0,23.0,22.0,22.0,54.0,42.0
2454,2026-05-11,15:30:00,24.0,24.0,23.0,22.0,49.0,43.0
2455,2026-05-11,15:45:00,23.0,24.0,23.0,22.0,49.0,43.0
2456,2026-05-11,16:00:00,23.0,23.0,23.0,23.0,53.0,43.0
2457,2026-05-11,16:15:00,22.0,23.0,22.0,23.0,57.0,44.0
2458,2026-05-11,16:30:00,21.0,22.0,21.0,23.0,59.0,45.0
2459,2026-05-11,16:45:00,21.0,21.0,21.0,23.0,59.0,45.0
2460,2026-05-11,17:00:00,20.0,21.0,20.0,23.0,60.0,45.0
2461,2026-05-11,17:15:00,20.0,20.0,20.0,23.0,62.0,45.0
2462,2026-05-11,17:30:00,20.0,20.0,20.0,23.0,64.0,45.0
2463,2026-05-11,17:45:00,20.0,20.0,20.0,23.0,66.0,45.0
2464,2026-05-11,18:00:00,19.0,20.0,19.0,23.0,67.0,45.0
2465,2026-05-11,18:15:00,19.0,20.0,19.0,23.0,68.0,45.0
2466,2026-05-11,18:30:00,19.0,19.0,19.0,23.0,68.0,46.0
2467,2026-05-11,18:45:00,19.0,19.0,19.0,23.0,68.0,46.0
2468,2026-05-11,19:00:00,19.0,19.0,19.0,23.0,69.0,46.0
2469,2026-05-11,19:15:00,18.0,19.0,18.0,23.0,70.0,46.0
2470,2026-05-11,19:30:00,18.0,18.0,18.0,23.0,69.0,46.0
2471,2026-05-11,19:45:00,18.0,18.0,18.0,23.0,69.0,46.0
2472,2026-05-11,20:00:00,18.0,18.0,18.0,23.0,69.0,46.0
2473,2026-05-11,20:15:00,17.0,18.0,17.0,23.0,75.0,46.0
2474,2026-05-11,20:30:00,16.0,17.0,16.0,23.0,79.0,46.0
2475,2026-05-11,20:45:00,16.0,16.0,16.0,23.0,84.0,46.0
2476,2026-05-11,21:00:00,16.0,16.0,16.0,23.0,84.0,47.0
2477,2026-05-11,21:15:00,15.0,16.0,15.0,23.0,86.0,47.0
2478,2026-05-11,21:30:00,15.0,15.0,15.0,23.0,89.0,47.0
2479,2026-05-11,21:45:00,15.0,15.0,15.0,23.0,89.0,47.0
2480,2026-05-11,22:00:00,15.0,15.0,15.0,23.0,90.0,48.0
2481,2026-05-11,22:15:00,15.0,15.0,15.0,23.0,91.0,48.0
2482,2026-05-11,22:30:00,15.0,15.0,15.0,23.0,91.0,49.0
2483,2026-05-11,22:45:00,14.0,15.0,14.0,23.0,92.0,49.0
2484,2026-05-11,23:00:00,14.0,14.0,14.0,23.0,92.0,49.0
2485,2026-05-11,23:15:00,14.0,14.0,14.0,23.0,92.0,49.0
2486,2026-05-11,23:30:00,14.0,14.0,14.0,23.0,92.0,49.0
2487,2026-05-11,23:45:00,14.0,14.0,14.0,23.0,92.0,49.0
2488,2026-05-12,00:15:00,14.0,14.0,14.0,23.0,92.0,49.0
2489,2026-05-12,00:30:00,14.0,14.0,14.0,23.0,92.0,49.0
2490,2026-05-12,00:45:00,14.0,14.0,14.0,23.0,92.0,49.0
2491,2026-05-12,01:00:00,14.0,14.0,14.0,23.0,92.0,49.0
2492,2026-05-12,01:15:00,14.0,14.0,14.0,23.0,92.0,49.0
2493,2026-05-12,01:30:00,14.0,14.0,14.0,23.0,93.0,49.0
2494,2026-05-12,01:45:00,14.0,14.0,14.0,23.0,92.0,49.0
2495,2026-05-12,02:00:00,14.0,14.0,14.0,23.0,92.0,49.0
2496,2026-05-12,02:15:00,14.0,14.0,14.0,23.0,92.0,49.0
2497,2026-05-12,02:30:00,14.0,14.0,14.0,23.0,91.0,49.0
2498,2026-05-12,02:45:00,14.0,14.0,14.0,23.0,91.0,49.0
2499,2026-05-12,03:00:00,14.0,14.0,14.0,23.0,91.0,49.0
2500,2026-05-12,03:15:00,14.0,14.0,14.0,23.0,90.0,49.0
2501,2026-05-12,03:30:00,14.0,14.0,14.0,23.0,90.0,49.0
2502,2026-05-12,03:45:00,14.0,14.0,14.0,23.0,90.0,49.0
2503,2026-05-12,04:00:00,14.0,14.0,14.0,23.0,90.0,49.0
2504,2026-05-12,04:15:00,14.0,14.0,14.0,22.0,90.0,49.0
2505,2026-05-12,04:30:00,14.0,14.0,14.0,22.0,89.0,49.0
2506,2026-05-12,04:45:00,14.0,14.0,14.0,22.0,90.0,49.0
2507,2026-05-12,05:00:00,14.0,14.0,14.0,22.0,89.0,49.0
2508,2026-05-12,05:15:00,14.0,14.0,14.0,22.0,89.0,49.0
2509,2026-05-12,05:30:00,14.0,14.0,14.0,22.0,88.0,49.0
2510,2026-05-12,05:45:00,14.0,14.0,14.0,22.0,88.0,49.0
2511,2026-05-12,06:00:00,14.0,14.0,14.0,22.0,88.0,49.0
2512,2026-05-12,06:15:00,15.0,15.0,14.0,22.0,87.0,49.0
2513,2026-05-12,06:30:00,15.0,15.0,15.0,22.0,86.0,49.0
2514,2026-05-12,06:45:00,15.0,15.0,15.0,22.0,86.0,50.0
2515,2026-05-12,07:00:00,16.0,16.0,15.0,22.0,84.0,50.0
2516,2026-05-12,07:15:00,16.0,16.0,16.0,23.0,84.0,49.0
2517,2026-05-12,07:30:00,16.0,16.0,16.0,23.0,83.0,49.0
2518,2026-05-12,07:45:00,16.0,16.0,16.0,23.0,83.0,49.0
2519,2026-05-12,08:00:00,16.0,16.0,16.0,23.0,82.0,49.0
2520,2026-05-12,08:15:00,16.0,16.0,16.0,23.0,83.0,49.0
2521,2026-05-12,08:30:00,16.0,16.0,16.0,22.0,81.0,50.0
2522,2026-05-12,08:45:00,16.0,16.0,16.0,22.0,80.0,47.0
2523,2026-05-12,09:00:00,16.0,16.0,16.0,22.0,79.0,45.0
2524,2026-05-12,09:15:00,17.0,17.0,16.0,22.0,80.0,44.0
2525,2026-05-12,09:30:00,17.0,17.0,17.0,22.0,76.0,45.0
2526,2026-05-12,09:45:00,18.0,18.0,17.0,22.0,74.0,45.0
2527,2026-05-12,10:00:00,18.0,18.0,18.0,22.0,72.0,44.0
2528,2026-05-12,10:15:00,19.0,19.0,18.0,22.0,70.0,42.0
2529,2026-05-12,10:30:00,20.0,20.0,19.0,22.0,66.0,42.0
2530,2026-05-12,10:45:00,21.0,21.0,20.0,22.0,62.0,42.0
2531,2026-05-12,11:00:00,22.0,22.0,21.0,22.0,60.0,41.0
2532,2026-05-12,11:15:00,22.0,22.0,22.0,22.0,58.0,41.0
2533,2026-05-12,11:30:00,22.0,22.0,22.0,22.0,55.0,41.0
2534,2026-05-12,11:45:00,22.0,23.0,22.0,22.0,56.0,42.0
2535,2026-05-12,12:00:00,23.0,23.0,22.0,22.0,54.0,41.0
2536,2026-05-12,12:15:00,23.0,23.0,23.0,22.0,58.0,42.0
2537,2026-05-12,12:30:00,24.0,24.0,23.0,22.0,53.0,43.0
2538,2026-05-12,12:45:00,24.0,25.0,24.0,22.0,51.0,44.0
2539,2026-05-12,13:00:00,24.0,24.0,24.0,22.0,54.0,42.0
2540,2026-05-12,13:15:00,24.0,24.0,24.0,22.0,53.0,41.0
2541,2026-05-12,13:30:00,24.0,24.0,24.0,22.0,53.0,40.0
2542,2026-05-12,13:45:00,24.0,24.0,24.0,22.0,51.0,40.0
2543,2026-05-12,14:00:00,25.0,25.0,24.0,22.0,49.0,40.0
2544,2026-05-12,14:15:00,25.0,26.0,25.0,22.0,49.0,40.0
2545,2026-05-12,14:30:00,25.0,26.0,25.0,22.0,49.0,40.0
2546,2026-05-12,14:45:00,25.0,25.0,25.0,22.0,49.0,40.0
2547,2026-05-12,15:00:00,23.0,25.0,23.0,22.0,53.0,41.0
2548,2026-05-12,15:15:00,23.0,23.0,23.0,22.0,57.0,42.0
2549,2026-05-12,15:30:00,21.0,23.0,21.0,22.0,63.0,44.0
2550,2026-05-12,15:45:00,21.0,21.0,21.0,22.0,62.0,44.0
2551,2026-05-12,16:00:00,15.0,21.0,15.0,22.0,82.0,46.0
2552,2026-05-12,16:15:00,14.0,15.0,14.0,22.0,91.0,47.0
2553,2026-05-12,16:30:00,14.0,14.0,14.0,22.0,93.0,47.0
2554,2026-05-12,16:45:00,14.0,14.0,14.0,22.0,94.0,48.0
2555,2026-05-12,17:00:00,14.0,14.0,13.0,22.0,95.0,49.0
2556,2026-05-12,17:15:00,14.0,14.0,14.0,23.0,95.0,49.0
2557,2026-05-12,17:30:00,14.0,14.0,14.0,23.0,95.0,50.0
2558,2026-05-12,17:45:00,14.0,14.0,14.0,23.0,95.0,50.0
2559,2026-05-12,18:00:00,14.0,14.0,14.0,23.0,95.0,50.0
2560,2026-05-12,18:15:00,14.0,14.0,14.0,23.0,96.0,52.0
2561,2026-05-12,18:30:00,14.0,14.0,14.0,22.0,96.0,52.0
2562,2026-05-12,18:45:00,13.0,14.0,13.0,22.0,96.0,51.0
2566,2026-05-12,19:00:00,13.0,13.0,13.0,22.0,96.0,52.0
2567,2026-05-12,19:15:00,14.0,14.0,13.0,22.0,97.0,52.0
2568,2026-05-12,19:30:00,14.0,14.0,14.0,22.0,97.0,52.0
2569,2026-05-12,19:45:00,14.0,14.0,14.0,22.0,97.0,52.0
2570,2026-05-12,20:00:00,14.0,14.0,14.0,22.0,97.0,53.0
2571,2026-05-12,20:15:00,14.0,14.0,14.0,22.0,97.0,53.0
2572,2026-05-12,20:30:00,14.0,14.0,14.0,22.0,97.0,53.0
2573,2026-05-12,20:45:00,14.0,14.0,14.0,22.0,97.0,53.0
2574,2026-05-12,21:00:00,14.0,14.0,14.0,22.0,97.0,53.0
2575,2026-05-12,21:15:00,14.0,14.0,14.0,22.0,97.0,53.0
2576,2026-05-12,21:30:00,13.0,14.0,13.0,22.0,97.0,53.0
2577,2026-05-12,21:45:00,13.0,14.0,13.0,22.0,97.0,53.0
2578,2026-05-12,22:00:00,13.0,13.0,13.0,22.0,97.0,53.0
2579,2026-05-12,22:15:00,13.0,13.0,13.0,22.0,97.0,53.0
2580,2026-05-12,22:30:00,14.0,14.0,13.0,22.0,97.0,53.0
2581,2026-05-12,22:45:00,14.0,14.0,13.0,22.0,97.0,53.0
2582,2026-05-12,23:00:00,13.0,14.0,13.0,22.0,97.0,53.0
2583,2026-05-12,23:15:00,13.0,13.0,13.0,22.0,97.0,53.0
2584,2026-05-12,23:30:00,13.0,13.0,13.0,22.0,97.0,53.0
2585,2026-05-12,23:45:00,13.0,13.0,13.0,22.0,97.0,53.0
2586,2026-05-13,00:15:00,13.0,13.0,13.0,22.0,97.0,53.0
2587,2026-05-13,00:30:00,13.0,13.0,13.0,22.0,98.0,53.0
2588,2026-05-13,00:45:00,13.0,13.0,13.0,22.0,98.0,53.0
2589,2026-05-13,01:00:00,13.0,13.0,13.0,22.0,98.0,53.0
2590,2026-05-13,01:15:00,13.0,13.0,13.0,22.0,98.0,53.0
2591,2026-05-13,01:30:00,13.0,13.0,13.0,22.0,98.0,53.0
2592,2026-05-13,01:45:00,13.0,13.0,13.0,22.0,98.0,53.0
2593,2026-05-13,02:00:00,13.0,13.0,13.0,22.0,98.0,53.0
2594,2026-05-13,02:15:00,13.0,13.0,13.0,22.0,98.0,53.0
2595,2026-05-13,02:30:00,12.0,13.0,12.0,22.0,98.0,53.0
2596,2026-05-13,02:45:00,12.0,13.0,12.0,22.0,98.0,53.0
2597,2026-05-13,03:00:00,12.0,12.0,12.0,22.0,98.0,53.0
2598,2026-05-13,03:15:00,12.0,12.0,12.0,22.0,98.0,53.0
2599,2026-05-13,03:30:00,12.0,12.0,12.0,22.0,98.0,53.0
2600,2026-05-13,03:45:00,12.0,12.0,12.0,22.0,98.0,53.0
2601,2026-05-13,04:00:00,12.0,12.0,12.0,22.0,98.0,53.0
2602,2026-05-13,04:15:00,12.0,12.0,12.0,22.0,98.0,53.0
2603,2026-05-13,04:30:00,12.0,12.0,12.0,22.0,98.0,53.0
2604,2026-05-13,04:45:00,11.0,12.0,11.0,22.0,98.0,53.0
2605,2026-05-13,05:00:00,12.0,12.0,11.0,22.0,98.0,53.0
2606,2026-05-13,05:15:00,12.0,12.0,11.0,22.0,98.0,53.0
2607,2026-05-13,05:30:00,12.0,12.0,12.0,22.0,98.0,53.0
2608,2026-05-13,05:45:00,12.0,12.0,12.0,22.0,98.0,54.0
2609,2026-05-13,06:00:00,13.0,13.0,12.0,22.0,98.0,53.0
2610,2026-05-13,06:15:00,13.0,13.0,13.0,22.0,98.0,53.0
2611,2026-05-13,06:30:00,13.0,14.0,13.0,22.0,98.0,53.0
2612,2026-05-13,06:45:00,14.0,14.0,13.0,22.0,98.0,53.0
2613,2026-05-13,07:00:00,14.0,14.0,14.0,22.0,98.0,53.0
2614,2026-05-13,07:15:00,14.0,14.0,14.0,22.0,98.0,53.0
2615,2026-05-13,07:30:00,15.0,15.0,14.0,22.0,98.0,53.0
2616,2026-05-13,07:45:00,15.0,15.0,15.0,22.0,98.0,53.0
2617,2026-05-13,08:00:00,16.0,16.0,15.0,22.0,97.0,53.0
2618,2026-05-13,08:15:00,17.0,17.0,16.0,22.0,96.0,52.0
2619,2026-05-13,08:30:00,17.0,17.0,16.0,22.0,95.0,52.0
2620,2026-05-13,08:45:00,18.0,18.0,17.0,22.0,83.0,52.0
2621,2026-05-13,09:00:00,19.0,19.0,18.0,22.0,75.0,52.0
2622,2026-05-13,09:15:00,19.0,19.0,19.0,22.0,73.0,52.0
2623,2026-05-13,09:30:00,20.0,20.0,19.0,22.0,70.0,52.0
2624,2026-05-13,09:45:00,21.0,21.0,20.0,22.0,68.0,52.0
2625,2026-05-13,10:00:00,22.0,22.0,21.0,22.0,62.0,52.0
2626,2026-05-13,10:15:00,23.0,23.0,22.0,22.0,60.0,52.0
2627,2026-05-13,10:30:00,23.0,23.0,22.0,23.0,59.0,51.0
2628,2026-05-13,10:45:00,24.0,24.0,23.0,23.0,56.0,51.0
2629,2026-05-13,11:00:00,24.0,24.0,23.0,22.0,55.0,51.0
2630,2026-05-13,11:15:00,23.0,24.0,23.0,22.0,54.0,51.0
2631,2026-05-13,11:30:00,24.0,24.0,23.0,22.0,54.0,51.0
2632,2026-05-13,11:45:00,25.0,25.0,24.0,22.0,55.0,51.0
2633,2026-05-13,12:00:00,25.0,25.0,24.0,23.0,49.0,51.0
2634,2026-05-13,12:15:00,25.0,25.0,25.0,23.0,48.0,51.0
2635,2026-05-13,12:30:00,25.0,26.0,25.0,23.0,48.0,51.0
2636,2026-05-13,12:45:00,25.0,26.0,25.0,23.0,47.0,51.0
2637,2026-05-13,13:00:00,25.0,26.0,25.0,23.0,45.0,51.0
2638,2026-05-13,13:15:00,26.0,26.0,25.0,23.0,45.0,51.0
2639,2026-05-13,13:30:00,27.0,27.0,26.0,23.0,41.0,50.0
2640,2026-05-13,13:45:00,26.0,27.0,26.0,23.0,44.0,50.0
2641,2026-05-13,14:00:00,25.0,26.0,25.0,23.0,45.0,50.0
2642,2026-05-13,14:15:00,26.0,26.0,25.0,23.0,43.0,50.0
2643,2026-05-13,14:30:00,26.0,26.0,26.0,23.0,42.0,49.0
2644,2026-05-13,14:45:00,26.0,26.0,26.0,23.0,46.0,49.0
2645,2026-05-13,15:00:00,25.0,26.0,25.0,23.0,44.0,49.0
2646,2026-05-13,15:15:00,25.0,25.0,25.0,23.0,43.0,49.0
2647,2026-05-13,15:30:00,26.0,26.0,25.0,23.0,38.0,49.0
2648,2026-05-13,15:45:00,25.0,26.0,25.0,23.0,39.0,49.0
2649,2026-05-13,16:00:00,25.0,26.0,25.0,23.0,39.0,48.0
2650,2026-05-13,16:15:00,25.0,25.0,25.0,23.0,40.0,48.0
2651,2026-05-13,16:30:00,24.0,25.0,24.0,23.0,43.0,47.0
2652,2026-05-13,16:45:00,23.0,24.0,23.0,23.0,46.0,47.0
2653,2026-05-13,17:00:00,23.0,23.0,23.0,23.0,48.0,47.0
2654,2026-05-13,17:15:00,22.0,23.0,22.0,23.0,51.0,47.0
2655,2026-05-13,17:30:00,22.0,22.0,22.0,23.0,54.0,47.0
2656,2026-05-13,17:45:00,22.0,22.0,22.0,23.0,55.0,46.0
2657,2026-05-13,18:00:00,21.0,22.0,21.0,24.0,57.0,46.0
2658,2026-05-13,18:15:00,21.0,21.0,21.0,24.0,58.0,46.0
2659,2026-05-13,18:30:00,20.0,21.0,20.0,24.0,60.0,46.0
2660,2026-05-13,18:45:00,20.0,20.0,20.0,23.0,60.0,46.0
2661,2026-05-13,19:00:00,20.0,20.0,20.0,23.0,62.0,46.0
2662,2026-05-13,19:15:00,19.0,20.0,19.0,23.0,63.0,46.0
2663,2026-05-13,19:30:00,19.0,19.0,19.0,23.0,63.0,46.0
2664,2026-05-13,19:45:00,19.0,19.0,19.0,23.0,64.0,46.0
2665,2026-05-13,20:00:00,18.0,19.0,18.0,23.0,66.0,46.0
2666,2026-05-13,20:15:00,18.0,18.0,18.0,23.0,67.0,47.0
2667,2026-05-13,20:30:00,18.0,18.0,18.0,23.0,68.0,47.0
2668,2026-05-13,20:45:00,17.0,18.0,17.0,23.0,68.0,47.0
2669,2026-05-13,21:00:00,17.0,18.0,17.0,23.0,68.0,47.0
2670,2026-05-13,21:15:00,17.0,17.0,17.0,23.0,69.0,47.0
2671,2026-05-13,21:30:00,17.0,17.0,17.0,23.0,71.0,47.0
2672,2026-05-13,21:45:00,17.0,17.0,17.0,23.0,71.0,47.0
2673,2026-05-13,22:00:00,16.0,17.0,16.0,23.0,72.0,46.0
2674,2026-05-13,22:15:00,16.0,16.0,16.0,23.0,73.0,47.0
2675,2026-05-13,22:30:00,16.0,16.0,16.0,23.0,74.0,46.0
2676,2026-05-13,22:45:00,16.0,16.0,16.0,23.0,75.0,47.0
2677,2026-05-13,23:00:00,16.0,16.0,16.0,23.0,75.0,47.0
2678,2026-05-13,23:15:00,15.0,16.0,15.0,23.0,77.0,47.0
2679,2026-05-13,23:30:00,15.0,15.0,15.0,23.0,79.0,47.0
2680,2026-05-13,23:45:00,15.0,15.0,15.0,23.0,80.0,47.0
2681,2026-05-14,00:15:00,14.0,15.0,14.0,23.0,83.0,47.0
2682,2026-05-14,00:30:00,14.0,15.0,14.0,23.0,83.0,47.0
2683,2026-05-14,00:45:00,14.0,15.0,14.0,23.0,83.0,47.0
2684,2026-05-14,01:00:00,14.0,14.0,14.0,23.0,83.0,47.0
2685,2026-05-14,01:15:00,14.0,14.0,14.0,22.0,83.0,47.0
2686,2026-05-14,01:30:00,14.0,14.0,14.0,22.0,83.0,48.0
2687,2026-05-14,01:45:00,14.0,14.0,14.0,22.0,84.0,48.0
2688,2026-05-14,02:00:00,14.0,14.0,14.0,22.0,84.0,48.0
2689,2026-05-14,02:15:00,14.0,14.0,14.0,22.0,84.0,48.0
2690,2026-05-14,02:30:00,14.0,14.0,14.0,22.0,84.0,48.0
2691,2026-05-14,02:45:00,13.0,14.0,13.0,22.0,85.0,48.0
2692,2026-05-14,03:00:00,13.0,13.0,13.0,22.0,86.0,48.0
2693,2026-05-14,03:15:00,13.0,13.0,13.0,22.0,88.0,48.0
2694,2026-05-14,03:30:00,12.0,13.0,12.0,22.0,90.0,48.0
2695,2026-05-14,03:45:00,12.0,12.0,12.0,22.0,91.0,48.0
2696,2026-05-14,04:00:00,12.0,12.0,12.0,22.0,92.0,48.0
2697,2026-05-14,04:15:00,11.0,12.0,11.0,22.0,93.0,48.0
2698,2026-05-14,04:30:00,11.0,11.0,11.0,22.0,93.0,48.0
2699,2026-05-14,04:45:00,11.0,11.0,11.0,22.0,93.0,48.0
2700,2026-05-14,05:00:00,11.0,11.0,11.0,22.0,94.0,48.0
2701,2026-05-14,05:15:00,11.0,11.0,11.0,22.0,93.0,48.0
2702,2026-05-14,05:30:00,11.0,11.0,11.0,22.0,94.0,48.0
2703,2026-05-14,05:45:00,12.0,12.0,11.0,22.0,94.0,48.0
2704,2026-05-14,06:00:00,13.0,13.0,12.0,22.0,90.0,48.0
2705,2026-05-14,06:15:00,14.0,14.0,13.0,22.0,85.0,48.0
2706,2026-05-14,06:30:00,15.0,15.0,14.0,22.0,82.0,49.0
2707,2026-05-14,06:45:00,16.0,16.0,15.0,22.0,77.0,49.0
2708,2026-05-14,07:00:00,17.0,17.0,16.0,22.0,74.0,49.0
2709,2026-05-14,07:15:00,18.0,18.0,17.0,22.0,67.0,49.0
2710,2026-05-14,07:30:00,19.0,19.0,18.0,22.0,65.0,49.0
2711,2026-05-14,07:45:00,20.0,20.0,19.0,22.0,62.0,48.0
2712,2026-05-14,08:00:00,20.0,21.0,20.0,22.0,60.0,48.0
2713,2026-05-14,08:15:00,21.0,21.0,20.0,22.0,58.0,48.0
2714,2026-05-14,08:30:00,22.0,22.0,21.0,22.0,55.0,48.0
2715,2026-05-14,08:45:00,23.0,23.0,22.0,22.0,49.0,48.0
2716,2026-05-14,09:00:00,24.0,24.0,23.0,22.0,43.0,48.0
2717,2026-05-14,09:15:00,24.0,24.0,24.0,22.0,42.0,47.0
2718,2026-05-14,09:30:00,24.0,24.0,24.0,22.0,42.0,47.0
2719,2026-05-14,09:45:00,24.0,25.0,24.0,22.0,41.0,47.0
2720,2026-05-14,10:00:00,25.0,25.0,24.0,22.0,41.0,47.0
2721,2026-05-14,10:15:00,26.0,26.0,25.0,22.0,32.0,47.0
2722,2026-05-14,10:30:00,26.0,26.0,25.0,22.0,38.0,47.0
2723,2026-05-14,10:45:00,27.0,27.0,26.0,22.0,35.0,47.0
2724,2026-05-14,11:00:00,27.0,27.0,27.0,22.0,23.0,46.0
2725,2026-05-14,11:15:00,27.0,28.0,27.0,22.0,23.0,46.0
2726,2026-05-14,11:30:00,27.0,27.0,27.0,22.0,22.0,45.0
2727,2026-05-14,11:45:00,28.0,28.0,27.0,22.0,21.0,44.0
2728,2026-05-14,12:00:00,28.0,28.0,28.0,22.0,21.0,43.0
2729,2026-05-14,12:15:00,28.0,28.0,28.0,22.0,22.0,43.0
2730,2026-05-14,12:30:00,28.0,28.0,28.0,22.0,24.0,42.0
2731,2026-05-14,12:45:00,28.0,28.0,28.0,22.0,24.0,42.0
2732,2026-05-14,13:00:00,28.0,28.0,28.0,22.0,25.0,41.0
2733,2026-05-14,13:15:00,28.0,28.0,28.0,22.0,26.0,41.0
2734,2026-05-14,13:30:00,28.0,29.0,28.0,22.0,27.0,40.0
2735,2026-05-14,13:45:00,29.0,29.0,28.0,22.0,25.0,40.0
2736,2026-05-14,14:00:00,29.0,29.0,29.0,22.0,24.0,40.0
2737,2026-05-14,14:15:00,28.0,29.0,28.0,22.0,23.0,39.0
2738,2026-05-14,14:30:00,28.0,28.0,28.0,22.0,22.0,39.0
2739,2026-05-14,14:45:00,28.0,29.0,28.0,22.0,21.0,39.0
2740,2026-05-14,15:00:00,28.0,29.0,28.0,22.0,23.0,38.0
2741,2026-05-14,15:15:00,28.0,29.0,28.0,22.0,23.0,38.0
2742,2026-05-14,15:30:00,28.0,28.0,28.0,23.0,25.0,38.0
2743,2026-05-14,15:45:00,28.0,28.0,28.0,23.0,23.0,38.0
2744,2026-05-14,16:00:00,27.0,28.0,27.0,23.0,24.0,37.0
2745,2026-05-14,16:15:00,27.0,27.0,27.0,23.0,23.0,37.0
2746,2026-05-14,16:30:00,27.0,27.0,27.0,23.0,24.0,37.0
2747,2026-05-14,16:45:00,26.0,27.0,26.0,23.0,25.0,37.0
2748,2026-05-14,17:00:00,25.0,26.0,25.0,23.0,26.0,37.0
2749,2026-05-14,17:15:00,24.0,25.0,24.0,23.0,29.0,37.0
2750,2026-05-14,17:30:00,24.0,24.0,24.0,23.0,32.0,37.0
2751,2026-05-14,17:45:00,23.0,24.0,23.0,23.0,34.0,37.0
2752,2026-05-14,18:00:00,23.0,23.0,23.0,23.0,36.0,37.0
2753,2026-05-14,18:15:00,22.0,23.0,22.0,23.0,37.0,37.0
2754,2026-05-14,18:30:00,22.0,22.0,22.0,23.0,37.0,37.0
2755,2026-05-14,18:45:00,22.0,22.0,22.0,23.0,41.0,37.0
2756,2026-05-14,19:00:00,21.0,22.0,21.0,23.0,45.0,37.0
2757,2026-05-14,19:15:00,21.0,21.0,21.0,23.0,47.0,37.0
2758,2026-05-14,19:30:00,21.0,21.0,21.0,23.0,45.0,37.0
2759,2026-05-14,19:45:00,21.0,21.0,21.0,23.0,43.0,37.0
2760,2026-05-14,20:00:00,20.0,21.0,20.0,23.0,41.0,38.0
2761,2026-05-14,20:15:00,20.0,20.0,20.0,23.0,41.0,38.0
2762,2026-05-14,20:30:00,19.0,20.0,19.0,23.0,44.0,38.0
2763,2026-05-14,20:45:00,19.0,19.0,19.0,23.0,45.0,38.0
2764,2026-05-14,21:00:00,19.0,19.0,19.0,23.0,43.0,38.0
2765,2026-05-14,21:15:00,19.0,19.0,19.0,23.0,40.0,38.0
2766,2026-05-14,21:30:00,19.0,19.0,19.0,23.0,39.0,38.0
2767,2026-05-14,21:45:00,18.0,19.0,18.0,23.0,42.0,37.0
2768,2026-05-14,22:00:00,18.0,18.0,18.0,23.0,51.0,37.0
2769,2026-05-14,22:15:00,17.0,18.0,17.0,23.0,52.0,37.0
2770,2026-05-14,22:30:00,16.0,17.0,16.0,23.0,54.0,37.0
2771,2026-05-14,22:45:00,15.0,16.0,15.0,23.0,56.0,37.0
2772,2026-05-14,23:00:00,15.0,15.0,15.0,23.0,57.0,37.0
2773,2026-05-14,23:15:00,15.0,15.0,15.0,23.0,57.0,37.0
2774,2026-05-14,23:30:00,15.0,15.0,15.0,23.0,61.0,38.0
2775,2026-05-14,23:45:00,14.0,15.0,14.0,23.0,62.0,38.0
2776,2026-05-15,00:15:00,13.0,13.0,13.0,23.0,67.0,38.0
2777,2026-05-15,00:30:00,13.0,13.0,13.0,23.0,67.0,38.0
2778,2026-05-15,00:45:00,13.0,13.0,13.0,23.0,69.0,38.0
2779,2026-05-15,01:00:00,12.0,13.0,12.0,23.0,71.0,38.0
2780,2026-05-15,01:15:00,12.0,12.0,12.0,23.0,72.0,38.0
2781,2026-05-15,01:30:00,11.0,12.0,11.0,23.0,71.0,38.0
2782,2026-05-15,01:45:00,12.0,12.0,11.0,23.0,73.0,38.0
2783,2026-05-15,02:00:00,11.0,12.0,11.0,23.0,76.0,38.0
2784,2026-05-15,02:15:00,11.0,11.0,11.0,22.0,77.0,39.0
2785,2026-05-15,02:30:00,10.0,11.0,10.0,22.0,79.0,39.0
2786,2026-05-15,02:45:00,10.0,11.0,10.0,22.0,79.0,39.0
2787,2026-05-15,03:00:00,10.0,10.0,10.0,22.0,79.0,39.0
2788,2026-05-15,03:15:00,10.0,10.0,10.0,22.0,81.0,39.0
2789,2026-05-15,03:30:00,10.0,10.0,10.0,22.0,82.0,39.0
2790,2026-05-15,03:45:00,10.0,10.0,10.0,22.0,81.0,39.0
2791,2026-05-15,04:00:00,10.0,10.0,10.0,22.0,82.0,39.0
2792,2026-05-15,04:15:00,10.0,10.0,10.0,22.0,82.0,39.0
2793,2026-05-15,04:30:00,9.0,10.0,9.0,22.0,83.0,39.0
2794,2026-05-15,04:45:00,9.0,9.0,9.0,22.0,85.0,39.0
2795,2026-05-15,05:00:00,9.0,9.0,9.0,22.0,85.0,39.0
2796,2026-05-15,05:15:00,10.0,10.0,9.0,22.0,85.0,40.0
2797,2026-05-15,05:30:00,10.0,10.0,10.0,22.0,85.0,40.0
2798,2026-05-15,05:45:00,10.0,10.0,10.0,22.0,84.0,40.0
2799,2026-05-15,06:00:00,12.0,12.0,10.0,22.0,75.0,40.0
2800,2026-05-15,06:15:00,14.0,14.0,12.0,22.0,68.0,40.0
2801,2026-05-15,06:30:00,16.0,16.0,14.0,22.0,64.0,40.0
2802,2026-05-15,06:45:00,17.0,17.0,16.0,22.0,56.0,40.0
2803,2026-05-15,07:00:00,19.0,19.0,17.0,22.0,52.0,40.0
2804,2026-05-15,07:15:00,20.0,20.0,19.0,22.0,49.0,40.0
2805,2026-05-15,07:30:00,20.0,20.0,20.0,22.0,48.0,40.0
2806,2026-05-15,07:45:00,21.0,21.0,20.0,22.0,45.0,40.0
2807,2026-05-15,08:00:00,21.0,21.0,21.0,22.0,45.0,40.0
2808,2026-05-15,08:15:00,23.0,23.0,21.0,22.0,41.0,40.0
2809,2026-05-15,08:30:00,23.0,23.0,23.0,22.0,38.0,40.0
2810,2026-05-15,08:45:00,23.0,23.0,23.0,22.0,38.0,40.0
2811,2026-05-15,09:00:00,24.0,24.0,23.0,22.0,37.0,40.0
2812,2026-05-15,09:15:00,24.0,24.0,24.0,22.0,32.0,40.0
2813,2026-05-15,09:30:00,25.0,25.0,24.0,22.0,32.0,40.0
2814,2026-05-15,09:45:00,26.0,26.0,25.0,22.0,31.0,39.0
2815,2026-05-15,10:00:00,27.0,27.0,26.0,22.0,25.0,39.0
2816,2026-05-15,10:15:00,27.0,27.0,27.0,22.0,24.0,39.0
2817,2026-05-15,10:30:00,28.0,28.0,27.0,22.0,23.0,39.0
2818,2026-05-15,10:45:00,28.0,28.0,27.0,22.0,22.0,38.0
2819,2026-05-15,11:00:00,28.0,29.0,28.0,22.0,23.0,38.0
2820,2026-05-15,11:15:00,29.0,29.0,28.0,22.0,21.0,37.0
2821,2026-05-15,11:30:00,29.0,29.0,29.0,22.0,20.0,37.0
2822,2026-05-15,11:45:00,29.0,29.0,29.0,22.0,21.0,37.0
2823,2026-05-15,12:00:00,30.0,30.0,29.0,22.0,20.0,36.0
2824,2026-05-15,12:15:00,29.0,30.0,29.0,22.0,20.0,36.0
2825,2026-05-15,12:30:00,29.0,30.0,29.0,22.0,19.0,35.0
2826,2026-05-15,12:45:00,30.0,30.0,29.0,22.0,18.0,35.0
2827,2026-05-15,13:00:00,30.0,30.0,30.0,22.0,20.0,35.0
2828,2026-05-15,13:15:00,30.0,30.0,30.0,22.0,19.0,34.0
2829,2026-05-15,13:30:00,30.0,30.0,30.0,22.0,19.0,34.0
2830,2026-05-15,13:45:00,30.0,30.0,30.0,22.0,21.0,34.0
2831,2026-05-15,14:00:00,31.0,31.0,30.0,23.0,19.0,33.0
2832,2026-05-15,14:15:00,30.0,31.0,30.0,23.0,20.0,33.0
2833,2026-05-15,14:30:00,30.0,30.0,30.0,23.0,18.0,33.0
2834,2026-05-15,14:45:00,31.0,31.0,30.0,23.0,17.0,33.0
2835,2026-05-15,15:00:00,30.0,31.0,30.0,23.0,18.0,32.0
2836,2026-05-15,15:15:00,30.0,30.0,30.0,23.0,17.0,32.0
2837,2026-05-15,15:30:00,30.0,30.0,30.0,23.0,18.0,32.0
2838,2026-05-15,15:45:00,30.0,30.0,30.0,23.0,17.0,32.0
2839,2026-05-15,16:00:00,30.0,30.0,30.0,23.0,18.0,31.0
2840,2026-05-15,16:15:00,30.0,30.0,30.0,23.0,18.0,31.0
2841,2026-05-15,16:30:00,29.0,30.0,29.0,23.0,17.0,31.0
2842,2026-05-15,16:45:00,28.0,29.0,28.0,23.0,18.0,31.0
2843,2026-05-15,17:00:00,28.0,28.0,28.0,23.0,18.0,31.0
2844,2026-05-15,17:15:00,27.0,28.0,27.0,23.0,20.0,31.0
2845,2026-05-15,17:30:00,26.0,27.0,26.0,23.0,22.0,31.0
2846,2026-05-15,17:45:00,26.0,26.0,26.0,23.0,24.0,30.0
2847,2026-05-15,18:00:00,25.0,26.0,25.0,23.0,25.0,30.0
2848,2026-05-15,18:15:00,25.0,25.0,25.0,23.0,24.0,30.0
2849,2026-05-15,18:30:00,25.0,25.0,25.0,23.0,27.0,30.0
2850,2026-05-15,18:45:00,24.0,25.0,24.0,23.0,29.0,30.0
2851,2026-05-15,19:00:00,23.0,24.0,23.0,23.0,32.0,30.0
2852,2026-05-15,19:15:00,23.0,23.0,23.0,23.0,33.0,30.0
2853,2026-05-15,19:30:00,23.0,23.0,23.0,23.0,33.0,30.0
2854,2026-05-15,19:45:00,23.0,23.0,23.0,23.0,36.0,30.0
2855,2026-05-15,20:00:00,22.0,23.0,22.0,23.0,38.0,30.0
2856,2026-05-15,20:15:00,22.0,22.0,22.0,23.0,41.0,31.0
2857,2026-05-15,20:30:00,21.0,22.0,21.0,23.0,43.0,31.0
2858,2026-05-15,20:45:00,21.0,21.0,21.0,23.0,42.0,31.0
2859,2026-05-15,21:00:00,21.0,21.0,21.0,23.0,42.0,31.0
2860,2026-05-15,21:15:00,21.0,21.0,21.0,23.0,43.0,32.0
2861,2026-05-15,21:30:00,20.0,21.0,20.0,23.0,43.0,32.0
2862,2026-05-15,21:45:00,20.0,20.0,20.0,23.0,44.0,32.0
2863,2026-05-15,22:00:00,20.0,20.0,20.0,23.0,43.0,32.0
2864,2026-05-15,22:15:00,20.0,20.0,20.0,23.0,44.0,33.0
2865,2026-05-15,22:30:00,19.0,20.0,19.0,23.0,47.0,33.0
2866,2026-05-15,22:45:00,19.0,19.0,19.0,23.0,47.0,33.0
2867,2026-05-15,23:00:00,19.0,19.0,19.0,23.0,49.0,33.0
2868,2026-05-15,23:15:00,19.0,19.0,19.0,23.0,49.0,34.0
2869,2026-05-15,23:30:00,18.0,19.0,18.0,23.0,50.0,34.0
2870,2026-05-15,23:45:00,18.0,18.0,18.0,23.0,51.0,34.0
2871,2026-05-16,00:15:00,18.0,18.0,18.0,23.0,53.0,35.0
2872,2026-05-16,00:30:00,17.0,18.0,17.0,23.0,53.0,35.0
2873,2026-05-16,00:45:00,16.0,17.0,16.0,23.0,55.0,35.0
2874,2026-05-16,01:00:00,16.0,16.0,16.0,23.0,57.0,35.0
2875,2026-05-16,01:15:00,15.0,16.0,15.0,23.0,60.0,35.0
2876,2026-05-16,01:30:00,14.0,15.0,14.0,23.0,63.0,35.0
2877,2026-05-16,01:45:00,14.0,14.0,14.0,23.0,65.0,35.0
2878,2026-05-16,02:00:00,13.0,14.0,13.0,23.0,66.0,35.0
2879,2026-05-16,02:15:00,14.0,14.0,13.0,23.0,67.0,36.0
2880,2026-05-16,02:30:00,14.0,14.0,14.0,23.0,68.0,36.0
2881,2026-05-16,02:45:00,14.0,14.0,14.0,23.0,67.0,36.0
2882,2026-05-16,03:00:00,13.0,14.0,13.0,23.0,70.0,36.0
2883,2026-05-16,03:15:00,12.0,13.0,12.0,23.0,71.0,36.0
2884,2026-05-16,03:30:00,12.0,13.0,12.0,23.0,72.0,36.0
2885,2026-05-16,03:45:00,12.0,12.0,12.0,23.0,71.0,37.0
2886,2026-05-16,04:00:00,12.0,12.0,12.0,23.0,74.0,37.0
2887,2026-05-16,04:15:00,12.0,12.0,12.0,23.0,74.0,37.0
2888,2026-05-16,04:30:00,12.0,12.0,12.0,23.0,74.0,37.0
2889,2026-05-16,04:45:00,12.0,12.0,12.0,23.0,75.0,37.0
2890,2026-05-16,05:00:00,12.0,12.0,12.0,23.0,75.0,37.0
2891,2026-05-16,05:15:00,13.0,13.0,12.0,23.0,74.0,37.0
2892,2026-05-16,05:30:00,13.0,13.0,13.0,23.0,73.0,37.0
2893,2026-05-16,05:45:00,14.0,14.0,13.0,23.0,74.0,37.0
2894,2026-05-16,06:00:00,15.0,15.0,14.0,23.0,67.0,38.0
2895,2026-05-16,06:15:00,17.0,17.0,15.0,23.0,61.0,38.0
2896,2026-05-16,06:30:00,18.0,18.0,17.0,23.0,51.0,38.0
2897,2026-05-16,06:45:00,20.0,20.0,18.0,23.0,49.0,38.0
2898,2026-05-16,07:00:00,21.0,21.0,20.0,23.0,46.0,38.0
2899,2026-05-16,07:15:00,22.0,22.0,21.0,23.0,44.0,37.0
2900,2026-05-16,07:30:00,23.0,23.0,22.0,23.0,42.0,38.0
2901,2026-05-16,07:45:00,23.0,24.0,23.0,23.0,42.0,37.0
2902,2026-05-16,08:00:00,24.0,24.0,23.0,23.0,40.0,37.0
2903,2026-05-16,08:15:00,25.0,25.0,24.0,23.0,37.0,37.0
2904,2026-05-16,08:30:00,26.0,26.0,25.0,23.0,39.0,37.0
2905,2026-05-16,08:45:00,26.0,26.0,26.0,23.0,39.0,38.0
2906,2026-05-16,09:00:00,26.0,26.0,26.0,23.0,41.0,38.0
2907,2026-05-16,09:15:00,27.0,27.0,26.0,23.0,38.0,38.0
2908,2026-05-16,09:30:00,27.0,27.0,27.0,23.0,38.0,38.0
2909,2026-05-16,09:45:00,28.0,28.0,27.0,23.0,36.0,38.0
2910,2026-05-16,10:00:00,28.0,28.0,28.0,23.0,36.0,38.0
2911,2026-05-16,10:15:00,28.0,28.0,28.0,23.0,35.0,39.0
2912,2026-05-16,10:30:00,29.0,29.0,28.0,23.0,30.0,39.0
2913,2026-05-16,10:45:00,29.0,29.0,29.0,23.0,31.0,39.0
2914,2026-05-16,11:00:00,30.0,30.0,29.0,23.0,30.0,39.0
2915,2026-05-16,11:15:00,29.0,30.0,29.0,23.0,30.0,39.0
2916,2026-05-16,11:30:00,30.0,30.0,29.0,23.0,30.0,39.0
2917,2026-05-16,11:45:00,29.0,30.0,29.0,23.0,31.0,39.0
2918,2026-05-16,12:00:00,30.0,30.0,29.0,23.0,30.0,39.0
2919,2026-05-16,12:15:00,29.0,30.0,29.0,23.0,31.0,39.0
2920,2026-05-16,12:30:00,30.0,30.0,29.0,23.0,30.0,39.0
2921,2026-05-16,12:45:00,30.0,30.0,30.0,23.0,30.0,38.0
2922,2026-05-16,13:00:00,31.0,31.0,30.0,23.0,28.0,38.0
2923,2026-05-16,13:15:00,32.0,32.0,31.0,23.0,27.0,38.0
2924,2026-05-16,13:30:00,30.0,32.0,30.0,23.0,25.0,38.0
2925,2026-05-16,13:45:00,31.0,31.0,30.0,24.0,25.0,38.0
2926,2026-05-16,14:00:00,29.0,31.0,29.0,24.0,22.0,37.0
2927,2026-05-16,14:15:00,29.0,29.0,29.0,24.0,24.0,37.0
2928,2026-05-16,14:30:00,28.0,29.0,28.0,24.0,27.0,36.0
2929,2026-05-16,14:45:00,28.0,28.0,28.0,24.0,26.0,36.0
2930,2026-05-16,15:00:00,27.0,28.0,27.0,24.0,39.0,36.0
2931,2026-05-16,15:15:00,27.0,27.0,27.0,24.0,37.0,35.0
2932,2026-05-16,15:30:00,26.0,27.0,26.0,24.0,39.0,36.0
2933,2026-05-16,15:45:00,26.0,26.0,26.0,24.0,40.0,36.0
2934,2026-05-16,16:00:00,26.0,26.0,26.0,24.0,41.0,36.0
2935,2026-05-16,16:15:00,26.0,26.0,25.0,24.0,41.0,36.0
2936,2026-05-16,16:30:00,25.0,26.0,25.0,24.0,42.0,36.0
2937,2026-05-16,16:45:00,25.0,25.0,25.0,24.0,41.0,36.0
2938,2026-05-16,17:00:00,25.0,25.0,25.0,24.0,42.0,37.0
2939,2026-05-16,17:15:00,26.0,26.0,25.0,24.0,41.0,37.0
2940,2026-05-16,17:30:00,25.0,26.0,25.0,24.0,43.0,37.0
2941,2026-05-16,17:45:00,24.0,25.0,24.0,24.0,45.0,37.0
2942,2026-05-16,18:00:00,23.0,24.0,23.0,24.0,50.0,37.0
2943,2026-05-16,18:15:00,20.0,23.0,20.0,24.0,63.0,39.0
2944,2026-05-16,18:30:00,17.0,20.0,17.0,24.0,81.0,40.0
2945,2026-05-16,18:45:00,17.0,17.0,17.0,24.0,80.0,41.0
2946,2026-05-16,19:00:00,17.0,17.0,17.0,24.0,79.0,41.0
2947,2026-05-16,19:15:00,18.0,18.0,17.0,24.0,75.0,41.0
2948,2026-05-16,19:30:00,18.0,18.0,18.0,24.0,73.0,41.0
2949,2026-05-16,19:45:00,18.0,18.0,18.0,24.0,71.0,42.0
2950,2026-05-16,20:00:00,18.0,18.0,18.0,24.0,72.0,42.0
2951,2026-05-16,20:15:00,18.0,18.0,18.0,24.0,70.0,42.0
2952,2026-05-16,20:30:00,18.0,19.0,18.0,24.0,70.0,42.0
2953,2026-05-16,20:45:00,19.0,19.0,18.0,24.0,64.0,42.0
2954,2026-05-16,21:00:00,18.0,19.0,18.0,24.0,67.0,42.0
2955,2026-05-16,21:15:00,18.0,18.0,18.0,24.0,67.0,42.0
2956,2026-05-16,21:30:00,18.0,18.0,18.0,24.0,69.0,42.0
2957,2026-05-16,21:45:00,17.0,18.0,17.0,24.0,70.0,42.0
2958,2026-05-16,22:00:00,17.0,17.0,17.0,24.0,72.0,43.0
2959,2026-05-16,22:15:00,16.0,17.0,16.0,24.0,75.0,43.0
2960,2026-05-16,22:30:00,16.0,16.0,16.0,23.0,79.0,43.0
2961,2026-05-16,22:45:00,15.0,16.0,15.0,23.0,82.0,43.0
2962,2026-05-16,23:00:00,14.0,15.0,14.0,23.0,84.0,43.0
2963,2026-05-16,23:15:00,14.0,14.0,14.0,23.0,86.0,44.0
2964,2026-05-16,23:30:00,14.0,14.0,14.0,23.0,89.0,44.0
2965,2026-05-16,23:45:00,14.0,14.0,14.0,23.0,89.0,44.0
2966,2026-05-17,00:15:00,14.0,14.0,14.0,23.0,90.0,45.0
2967,2026-05-17,00:30:00,14.0,14.0,14.0,23.0,91.0,45.0
2968,2026-05-17,00:45:00,14.0,14.0,13.0,23.0,91.0,45.0
2969,2026-05-17,01:00:00,14.0,14.0,14.0,23.0,90.0,45.0
2970,2026-05-17,01:15:00,14.0,14.0,14.0,23.0,90.0,45.0
2971,2026-05-17,01:30:00,14.0,14.0,14.0,23.0,91.0,46.0
2972,2026-05-17,01:45:00,13.0,14.0,13.0,23.0,91.0,46.0
2973,2026-05-17,02:00:00,13.0,13.0,13.0,23.0,92.0,46.0
2974,2026-05-17,02:15:00,14.0,14.0,13.0,23.0,92.0,46.0
2975,2026-05-17,02:30:00,14.0,14.0,14.0,23.0,85.0,46.0
2976,2026-05-17,02:45:00,14.0,14.0,14.0,23.0,83.0,46.0
2977,2026-05-17,03:00:00,14.0,14.0,14.0,23.0,83.0,46.0
2978,2026-05-17,03:15:00,13.0,14.0,13.0,23.0,84.0,46.0
2979,2026-05-17,03:30:00,13.0,13.0,13.0,23.0,86.0,46.0
2980,2026-05-17,03:45:00,13.0,13.0,13.0,23.0,88.0,46.0
2981,2026-05-17,04:00:00,13.0,13.0,13.0,23.0,89.0,46.0
2982,2026-05-17,04:15:00,12.0,13.0,12.0,23.0,90.0,46.0
2983,2026-05-17,04:30:00,12.0,12.0,12.0,23.0,91.0,46.0
2984,2026-05-17,04:45:00,12.0,12.0,12.0,23.0,92.0,46.0
2985,2026-05-17,05:00:00,12.0,12.0,12.0,23.0,93.0,46.0
2986,2026-05-17,05:15:00,13.0,13.0,12.0,23.0,94.0,46.0
2987,2026-05-17,05:30:00,13.0,13.0,13.0,23.0,94.0,46.0
2988,2026-05-17,05:45:00,13.0,13.0,13.0,23.0,93.0,46.0
2989,2026-05-17,06:00:00,15.0,15.0,13.0,23.0,89.0,47.0
2990,2026-05-17,06:15:00,16.0,16.0,15.0,23.0,84.0,47.0
2991,2026-05-17,06:30:00,17.0,17.0,16.0,23.0,79.0,47.0
2992,2026-05-17,06:45:00,18.0,18.0,17.0,23.0,75.0,47.0
2993,2026-05-17,07:00:00,19.0,19.0,18.0,23.0,68.0,47.0
2994,2026-05-17,07:15:00,20.0,20.0,19.0,23.0,65.0,47.0
2995,2026-05-17,07:30:00,20.0,21.0,20.0,23.0,63.0,47.0
2996,2026-05-17,07:45:00,22.0,22.0,20.0,23.0,60.0,46.0
2997,2026-05-17,08:00:00,23.0,23.0,22.0,23.0,57.0,46.0
2998,2026-05-17,08:15:00,23.0,23.0,23.0,23.0,54.0,46.0
2999,2026-05-17,08:30:00,23.0,24.0,23.0,23.0,52.0,46.0
3000,2026-05-17,08:45:00,24.0,24.0,23.0,23.0,48.0,46.0
3001,2026-05-17,09:00:00,24.0,24.0,24.0,23.0,48.0,46.0
3002,2026-05-17,09:15:00,25.0,25.0,24.0,23.0,45.0,46.0
3003,2026-05-17,09:30:00,26.0,26.0,25.0,23.0,42.0,46.0
3004,2026-05-17,09:45:00,26.0,26.0,26.0,23.0,43.0,46.0
3005,2026-05-17,10:00:00,26.0,26.0,26.0,23.0,41.0,46.0
3006,2026-05-17,10:15:00,27.0,27.0,26.0,23.0,40.0,45.0
3007,2026-05-17,10:30:00,28.0,28.0,27.0,23.0,40.0,45.0
3008,2026-05-17,10:45:00,28.0,28.0,28.0,23.0,40.0,45.0
3009,2026-05-17,11:00:00,28.0,28.0,27.0,23.0,40.0,45.0
3010,2026-05-17,11:15:00,27.0,28.0,27.0,23.0,40.0,45.0
3011,2026-05-17,11:30:00,27.0,28.0,27.0,23.0,40.0,45.0
3012,2026-05-17,11:45:00,28.0,28.0,27.0,23.0,39.0,45.0
3013,2026-05-17,12:00:00,29.0,29.0,28.0,23.0,38.0,45.0
3014,2026-05-17,12:15:00,28.0,29.0,28.0,23.0,38.0,45.0
3015,2026-05-17,12:30:00,29.0,29.0,28.0,23.0,37.0,45.0
3016,2026-05-17,12:45:00,29.0,29.0,28.0,23.0,37.0,45.0
3017,2026-05-17,13:00:00,29.0,29.0,29.0,23.0,36.0,44.0
3018,2026-05-17,13:15:00,30.0,30.0,29.0,23.0,35.0,44.0
3019,2026-05-17,13:30:00,29.0,30.0,29.0,23.0,36.0,44.0
3020,2026-05-17,13:45:00,28.0,29.0,28.0,23.0,37.0,44.0
3021,2026-05-17,14:00:00,27.0,28.0,27.0,23.0,38.0,44.0
3022,2026-05-17,14:15:00,26.0,27.0,26.0,23.0,46.0,44.0
3023,2026-05-17,14:30:00,21.0,26.0,21.0,23.0,71.0,44.0
3024,2026-05-17,14:45:00,19.0,21.0,19.0,23.0,80.0,45.0
3025,2026-05-17,15:00:00,18.0,19.0,18.0,23.0,85.0,46.0
3026,2026-05-17,15:15:00,19.0,19.0,18.0,23.0,81.0,46.0
3027,2026-05-17,15:30:00,20.0,20.0,19.0,23.0,81.0,46.0
3028,2026-05-17,15:45:00,20.0,20.0,20.0,23.0,83.0,47.0
3029,2026-05-17,16:00:00,21.0,21.0,20.0,23.0,77.0,47.0
3030,2026-05-17,16:15:00,21.0,21.0,21.0,24.0,72.0,48.0
3031,2026-05-17,16:30:00,21.0,21.0,21.0,23.0,71.0,48.0
3032,2026-05-17,16:45:00,21.0,21.0,21.0,24.0,71.0,48.0
3033,2026-05-17,17:00:00,21.0,21.0,21.0,24.0,69.0,48.0
3034,2026-05-17,17:15:00,22.0,22.0,21.0,24.0,60.0,48.0
3035,2026-05-17,17:30:00,22.0,22.0,22.0,24.0,55.0,48.0
3036,2026-05-17,17:45:00,21.0,21.0,21.0,24.0,57.0,48.0
3037,2026-05-17,18:00:00,20.0,21.0,20.0,24.0,68.0,47.0
3038,2026-05-17,18:15:00,18.0,20.0,18.0,23.0,77.0,47.0
3039,2026-05-17,18:30:00,17.0,18.0,17.0,23.0,81.0,48.0
3040,2026-05-17,18:45:00,17.0,17.0,17.0,23.0,80.0,48.0
3041,2026-05-17,19:00:00,16.0,17.0,16.0,23.0,80.0,48.0
3042,2026-05-17,19:15:00,16.0,16.0,16.0,23.0,83.0,48.0
3043,2026-05-17,19:30:00,16.0,16.0,16.0,23.0,84.0,48.0
3044,2026-05-17,19:45:00,16.0,16.0,16.0,23.0,82.0,48.0
3045,2026-05-17,20:00:00,16.0,16.0,16.0,23.0,80.0,48.0
3046,2026-05-17,20:15:00,16.0,16.0,16.0,23.0,79.0,48.0
3047,2026-05-17,20:30:00,16.0,16.0,16.0,23.0,78.0,48.0
3048,2026-05-17,20:45:00,17.0,17.0,16.0,23.0,77.0,48.0
3049,2026-05-17,21:00:00,16.0,17.0,16.0,23.0,78.0,48.0
3050,2026-05-17,21:15:00,16.0,16.0,16.0,23.0,78.0,48.0
3051,2026-05-17,21:30:00,15.0,16.0,15.0,23.0,80.0,48.0
3052,2026-05-17,21:45:00,15.0,15.0,15.0,23.0,81.0,48.0
3053,2026-05-17,22:00:00,14.0,15.0,14.0,23.0,84.0,48.0
3054,2026-05-17,22:15:00,14.0,14.0,14.0,23.0,86.0,48.0
3055,2026-05-17,22:30:00,14.0,14.0,14.0,23.0,87.0,48.0
3056,2026-05-17,22:45:00,14.0,14.0,14.0,23.0,88.0,48.0
3057,2026-05-17,23:00:00,13.0,14.0,13.0,23.0,88.0,48.0
3058,2026-05-17,23:15:00,14.0,14.0,13.0,23.0,89.0,48.0
3059,2026-05-17,23:30:00,14.0,14.0,14.0,23.0,87.0,48.0
3060,2026-05-17,23:45:00,13.0,14.0,13.0,23.0,89.0,48.0
3061,2026-05-18,00:15:00,13.0,13.0,13.0,23.0,90.0,48.0
3062,2026-05-18,00:30:00,13.0,13.0,13.0,23.0,90.0,49.0
3063,2026-05-18,00:45:00,13.0,13.0,13.0,23.0,91.0,49.0
3064,2026-05-18,01:00:00,13.0,13.0,13.0,23.0,91.0,49.0
3065,2026-05-18,01:15:00,13.0,13.0,13.0,23.0,92.0,49.0
3066,2026-05-18,01:30:00,13.0,13.0,13.0,23.0,91.0,49.0
3067,2026-05-18,01:45:00,13.0,13.0,13.0,23.0,91.0,49.0
3068,2026-05-18,02:00:00,13.0,13.0,13.0,23.0,91.0,49.0
3069,2026-05-18,02:15:00,13.0,13.0,13.0,23.0,91.0,49.0
3070,2026-05-18,02:30:00,13.0,13.0,13.0,23.0,89.0,48.0
3071,2026-05-18,02:45:00,13.0,13.0,13.0,23.0,89.0,48.0
3072,2026-05-18,03:00:00,12.0,13.0,12.0,22.0,90.0,48.0
3073,2026-05-18,03:15:00,12.0,12.0,12.0,22.0,91.0,48.0
3074,2026-05-18,03:30:00,12.0,12.0,12.0,22.0,93.0,49.0
3075,2026-05-18,03:45:00,12.0,12.0,12.0,22.0,93.0,49.0
3076,2026-05-18,04:00:00,12.0,12.0,12.0,22.0,93.0,48.0
3077,2026-05-18,04:15:00,12.0,12.0,12.0,22.0,93.0,48.0
3078,2026-05-18,04:30:00,12.0,12.0,12.0,22.0,94.0,48.0
3079,2026-05-18,04:45:00,12.0,12.0,12.0,22.0,94.0,49.0
3080,2026-05-18,05:00:00,12.0,12.0,12.0,22.0,94.0,49.0
3081,2026-05-18,05:15:00,12.0,12.0,12.0,22.0,95.0,49.0
3082,2026-05-18,05:30:00,12.0,12.0,12.0,22.0,95.0,52.0
3083,2026-05-18,05:45:00,13.0,13.0,12.0,22.0,95.0,52.0
3084,2026-05-18,06:00:00,13.0,13.0,13.0,22.0,95.0,51.0
3085,2026-05-18,06:15:00,15.0,15.0,13.0,22.0,84.0,50.0
3086,2026-05-18,06:30:00,16.0,16.0,15.0,22.0,79.0,49.0
3087,2026-05-18,06:45:00,17.0,17.0,16.0,22.0,76.0,49.0
3088,2026-05-18,07:00:00,18.0,18.0,17.0,22.0,71.0,49.0
3089,2026-05-18,07:15:00,19.0,19.0,18.0,22.0,70.0,49.0
3090,2026-05-18,07:30:00,20.0,20.0,19.0,22.0,66.0,49.0
3091,2026-05-18,07:45:00,21.0,21.0,20.0,23.0,64.0,49.0
3092,2026-05-18,08:00:00,22.0,22.0,21.0,23.0,59.0,49.0
3093,2026-05-18,08:15:00,22.0,22.0,22.0,23.0,58.0,48.0
3094,2026-05-18,08:30:00,23.0,23.0,22.0,23.0,54.0,48.0
3095,2026-05-18,08:45:00,23.0,23.0,23.0,23.0,54.0,48.0
3096,2026-05-18,09:00:00,23.0,23.0,23.0,23.0,52.0,48.0
3097,2026-05-18,09:15:00,25.0,25.0,23.0,23.0,53.0,46.0
3098,2026-05-18,09:30:00,25.0,25.0,25.0,23.0,51.0,43.0
3099,2026-05-18,09:45:00,25.0,26.0,25.0,23.0,46.0,41.0
3100,2026-05-18,10:00:00,26.0,26.0,25.0,22.0,46.0,40.0
3101,2026-05-18,10:15:00,26.0,26.0,26.0,22.0,43.0,40.0
3102,2026-05-18,10:30:00,27.0,27.0,26.0,22.0,41.0,41.0
3103,2026-05-18,10:45:00,27.0,27.0,27.0,22.0,38.0,41.0
3104,2026-05-18,11:00:00,28.0,28.0,27.0,22.0,38.0,42.0
3105,2026-05-18,11:15:00,28.0,28.0,28.0,23.0,39.0,43.0
3106,2026-05-18,11:30:00,28.0,28.0,28.0,22.0,38.0,41.0
3107,2026-05-18,11:45:00,29.0,29.0,28.0,23.0,39.0,44.0
3108,2026-05-18,12:00:00,29.0,29.0,29.0,23.0,38.0,45.0
3109,2026-05-18,12:15:00,30.0,30.0,29.0,23.0,38.0,45.0
3110,2026-05-18,12:30:00,29.0,30.0,29.0,24.0,37.0,45.0
3111,2026-05-18,12:45:00,29.0,29.0,29.0,24.0,35.0,45.0
3112,2026-05-18,13:00:00,30.0,30.0,29.0,24.0,33.0,45.0
3113,2026-05-18,13:15:00,30.0,30.0,30.0,24.0,32.0,45.0
3114,2026-05-18,13:30:00,30.0,30.0,29.0,24.0,33.0,45.0
3115,2026-05-18,13:45:00,28.0,30.0,28.0,24.0,37.0,45.0
3116,2026-05-18,14:00:00,27.0,28.0,27.0,24.0,37.0,44.0
3117,2026-05-18,14:15:00,27.0,27.0,27.0,24.0,36.0,44.0
3118,2026-05-18,14:30:00,26.0,27.0,26.0,24.0,36.0,44.0
3119,2026-05-18,14:45:00,26.0,26.0,26.0,24.0,40.0,44.0
3120,2026-05-18,15:00:00,28.0,28.0,26.0,24.0,38.0,44.0
3121,2026-05-18,15:15:00,28.0,28.0,28.0,24.0,37.0,44.0
3122,2026-05-18,15:30:00,27.0,28.0,27.0,24.0,38.0,43.0
3123,2026-05-18,15:45:00,27.0,27.0,27.0,24.0,40.0,43.0
3124,2026-05-18,16:00:00,26.0,27.0,26.0,24.0,42.0,43.0
3125,2026-05-18,16:15:00,26.0,26.0,26.0,24.0,41.0,43.0
3126,2026-05-18,16:30:00,25.0,26.0,25.0,24.0,42.0,43.0
3127,2026-05-18,16:45:00,24.0,25.0,24.0,24.0,46.0,43.0
3128,2026-05-18,17:00:00,24.0,24.0,24.0,24.0,48.0,43.0
3129,2026-05-18,17:15:00,24.0,24.0,24.0,24.0,48.0,43.0
3130,2026-05-18,17:30:00,23.0,24.0,23.0,24.0,49.0,43.0
3131,2026-05-18,17:45:00,23.0,23.0,23.0,24.0,51.0,43.0
3132,2026-05-18,18:00:00,23.0,23.0,23.0,24.0,52.0,43.0
3133,2026-05-18,18:15:00,23.0,23.0,23.0,24.0,53.0,43.0
3134,2026-05-18,18:30:00,22.0,23.0,22.0,24.0,54.0,43.0
3135,2026-05-18,18:45:00,22.0,22.0,22.0,24.0,52.0,43.0
3136,2026-05-18,19:00:00,22.0,22.0,22.0,24.0,53.0,43.0
3137,2026-05-18,19:15:00,22.0,22.0,22.0,24.0,58.0,43.0
3138,2026-05-18,19:30:00,21.0,22.0,21.0,24.0,59.0,44.0
3139,2026-05-18,19:45:00,21.0,21.0,21.0,24.0,59.0,44.0
3140,2026-05-18,20:00:00,21.0,21.0,21.0,24.0,63.0,44.0
3141,2026-05-18,20:15:00,20.0,21.0,20.0,24.0,63.0,44.0
3142,2026-05-18,20:30:00,20.0,20.0,20.0,24.0,62.0,44.0
3143,2026-05-18,20:45:00,20.0,20.0,20.0,24.0,63.0,45.0
3144,2026-05-18,21:00:00,19.0,20.0,19.0,24.0,65.0,45.0
3145,2026-05-18,21:15:00,19.0,19.0,19.0,24.0,66.0,45.0
3146,2026-05-18,21:30:00,18.0,19.0,18.0,24.0,66.0,45.0
3147,2026-05-18,21:45:00,18.0,18.0,18.0,24.0,67.0,45.0
3148,2026-05-18,22:00:00,18.0,18.0,18.0,24.0,68.0,45.0
3149,2026-05-18,22:15:00,18.0,18.0,18.0,24.0,68.0,45.0
3150,2026-05-18,22:30:00,18.0,18.0,18.0,24.0,69.0,45.0
3151,2026-05-18,22:45:00,18.0,18.0,18.0,24.0,69.0,45.0
3152,2026-05-18,23:00:00,17.0,18.0,17.0,24.0,70.0,45.0
3153,2026-05-18,23:15:00,17.0,17.0,17.0,24.0,70.0,45.0
3154,2026-05-18,23:30:00,17.0,17.0,17.0,24.0,72.0,45.0
3155,2026-05-18,23:45:00,16.0,17.0,16.0,24.0,74.0,45.0
3156,2026-05-19,00:15:00,15.0,15.0,15.0,24.0,80.0,45.0
3157,2026-05-19,00:30:00,15.0,15.0,15.0,24.0,80.0,45.0
3158,2026-05-19,00:45:00,15.0,15.0,14.0,24.0,81.0,45.0
3159,2026-05-19,01:00:00,14.0,15.0,14.0,23.0,81.0,45.0
3160,2026-05-19,01:15:00,14.0,14.0,14.0,23.0,83.0,45.0
3161,2026-05-19,01:30:00,14.0,14.0,14.0,23.0,84.0,46.0
3162,2026-05-19,01:45:00,14.0,14.0,14.0,23.0,84.0,46.0
3163,2026-05-19,02:00:00,14.0,14.0,14.0,23.0,84.0,46.0
3164,2026-05-19,02:15:00,14.0,14.0,14.0,23.0,85.0,46.0
3165,2026-05-19,02:30:00,14.0,14.0,14.0,23.0,85.0,46.0
3166,2026-05-19,02:45:00,14.0,14.0,14.0,23.0,84.0,46.0
3167,2026-05-19,03:00:00,13.0,14.0,13.0,23.0,85.0,46.0
3168,2026-05-19,03:15:00,13.0,13.0,13.0,23.0,87.0,46.0
3169,2026-05-19,03:30:00,13.0,13.0,13.0,23.0,87.0,46.0
3170,2026-05-19,03:45:00,13.0,13.0,13.0,23.0,88.0,46.0
3171,2026-05-19,04:00:00,13.0,13.0,13.0,23.0,88.0,46.0
3172,2026-05-19,04:15:00,13.0,13.0,13.0,23.0,89.0,46.0
3173,2026-05-19,04:30:00,13.0,13.0,13.0,23.0,90.0,46.0
3174,2026-05-19,04:45:00,13.0,13.0,13.0,23.0,91.0,47.0
3175,2026-05-19,05:00:00,13.0,13.0,13.0,23.0,91.0,47.0
3176,2026-05-19,05:15:00,13.0,13.0,13.0,23.0,91.0,47.0
3177,2026-05-19,05:30:00,14.0,14.0,13.0,23.0,87.0,47.0
3178,2026-05-19,05:45:00,15.0,15.0,14.0,23.0,81.0,47.0
3179,2026-05-19,06:00:00,16.0,16.0,15.0,23.0,78.0,47.0
3180,2026-05-19,06:15:00,17.0,17.0,16.0,23.0,74.0,47.0
3181,2026-05-19,06:30:00,18.0,18.0,17.0,23.0,71.0,47.0
3182,2026-05-19,06:45:00,19.0,19.0,18.0,23.0,68.0,47.0
3183,2026-05-19,07:00:00,20.0,20.0,19.0,23.0,66.0,47.0
3184,2026-05-19,07:15:00,21.0,21.0,20.0,23.0,62.0,47.0
3185,2026-05-19,07:30:00,22.0,22.0,21.0,23.0,59.0,47.0
3186,2026-05-19,07:45:00,23.0,23.0,22.0,23.0,56.0,47.0
3187,2026-05-19,08:00:00,23.0,23.0,22.0,24.0,56.0,47.0
3188,2026-05-19,08:15:00,22.0,23.0,22.0,24.0,57.0,46.0
3189,2026-05-19,08:30:00,25.0,25.0,22.0,24.0,51.0,46.0
3190,2026-05-19,08:45:00,25.0,25.0,25.0,24.0,52.0,46.0
3191,2026-05-19,09:00:00,25.0,25.0,25.0,24.0,50.0,45.0
3192,2026-05-19,09:15:00,25.0,25.0,25.0,24.0,50.0,42.0
3193,2026-05-19,09:30:00,26.0,26.0,25.0,23.0,47.0,40.0
3194,2026-05-19,09:45:00,26.0,26.0,26.0,23.0,46.0,39.0
3195,2026-05-19,10:00:00,27.0,27.0,26.0,23.0,45.0,38.0
3196,2026-05-19,10:15:00,27.0,27.0,27.0,23.0,46.0,38.0
3197,2026-05-19,10:30:00,27.0,27.0,27.0,23.0,46.0,38.0
3198,2026-05-19,10:45:00,27.0,27.0,27.0,23.0,44.0,39.0
3199,2026-05-19,11:00:00,27.0,27.0,27.0,23.0,41.0,40.0
3200,2026-05-19,11:15:00,27.0,27.0,27.0,23.0,40.0,42.0
3201,2026-05-19,11:30:00,28.0,28.0,27.0,23.0,37.0,44.0
3202,2026-05-19,11:45:00,29.0,29.0,28.0,23.0,34.0,44.0
3203,2026-05-19,12:00:00,29.0,30.0,29.0,24.0,33.0,43.0
3204,2026-05-19,12:15:00,29.0,30.0,29.0,24.0,34.0,43.0
3205,2026-05-19,12:30:00,28.0,29.0,28.0,24.0,34.0,43.0
3206,2026-05-19,12:45:00,27.0,28.0,27.0,24.0,37.0,43.0
3207,2026-05-19,13:00:00,27.0,27.0,27.0,24.0,37.0,43.0
3208,2026-05-19,13:15:00,26.0,27.0,26.0,24.0,40.0,43.0
3209,2026-05-19,13:30:00,25.0,26.0,25.0,24.0,38.0,43.0
3210,2026-05-19,13:45:00,25.0,25.0,25.0,25.0,38.0,43.0
3211,2026-05-19,14:00:00,25.0,25.0,25.0,25.0,39.0,43.0
3212,2026-05-19,14:15:00,25.0,25.0,25.0,25.0,37.0,42.0
3213,2026-05-19,14:30:00,24.0,25.0,24.0,25.0,48.0,42.0
3214,2026-05-19,14:45:00,20.0,23.0,20.0,25.0,58.0,42.0
3215,2026-05-19,15:00:00,20.0,20.0,20.0,25.0,57.0,42.0
3216,2026-05-19,15:15:00,20.0,20.0,20.0,24.0,60.0,42.0
3217,2026-05-19,15:30:00,20.0,20.0,20.0,24.0,59.0,42.0
3218,2026-05-19,15:45:00,20.0,20.0,20.0,24.0,60.0,42.0
3219,2026-05-19,16:00:00,20.0,20.0,20.0,24.0,59.0,42.0
3220,2026-05-19,16:15:00,20.0,20.0,20.0,24.0,58.0,43.0
3221,2026-05-19,16:30:00,20.0,20.0,20.0,24.0,60.0,43.0
3222,2026-05-19,16:45:00,19.0,20.0,19.0,24.0,59.0,43.0
3223,2026-05-19,17:00:00,19.0,19.0,19.0,24.0,61.0,43.0
3224,2026-05-19,17:15:00,19.0,19.0,19.0,24.0,59.0,43.0
3225,2026-05-19,17:30:00,18.0,19.0,18.0,24.0,62.0,43.0
3226,2026-05-19,17:45:00,17.0,18.0,17.0,24.0,68.0,43.0
3227,2026-05-19,18:00:00,17.0,17.0,17.0,24.0,68.0,43.0
3228,2026-05-19,18:15:00,18.0,18.0,17.0,24.0,66.0,43.0
3229,2026-05-19,18:30:00,17.0,18.0,17.0,24.0,72.0,44.0
3230,2026-05-19,18:45:00,17.0,17.0,17.0,24.0,75.0,44.0
3231,2026-05-19,19:00:00,16.0,17.0,16.0,24.0,78.0,44.0
3232,2026-05-19,19:15:00,16.0,16.0,16.0,24.0,79.0,45.0
3233,2026-05-19,19:30:00,16.0,16.0,15.0,24.0,79.0,45.0
3234,2026-05-19,19:45:00,15.0,16.0,15.0,24.0,82.0,45.0
3235,2026-05-19,20:00:00,15.0,15.0,15.0,24.0,86.0,45.0
3236,2026-05-19,20:15:00,15.0,15.0,15.0,24.0,88.0,45.0
3237,2026-05-19,20:30:00,16.0,16.0,15.0,24.0,86.0,46.0
3238,2026-05-19,20:45:00,16.0,16.0,16.0,24.0,87.0,46.0
3239,2026-05-19,21:00:00,16.0,16.0,16.0,24.0,87.0,47.0
3240,2026-05-19,21:15:00,15.0,16.0,15.0,24.0,84.0,47.0
3241,2026-05-19,21:30:00,15.0,15.0,15.0,23.0,83.0,47.0
3242,2026-05-19,21:45:00,15.0,15.0,15.0,23.0,84.0,47.0
3243,2026-05-19,22:00:00,15.0,15.0,15.0,23.0,84.0,47.0
3244,2026-05-19,22:15:00,15.0,15.0,15.0,23.0,83.0,47.0
3245,2026-05-19,22:30:00,15.0,15.0,15.0,23.0,84.0,47.0
3246,2026-05-19,22:45:00,15.0,15.0,15.0,23.0,84.0,47.0
3247,2026-05-19,23:00:00,15.0,15.0,15.0,23.0,86.0,47.0
3248,2026-05-19,23:15:00,14.0,15.0,14.0,23.0,87.0,47.0
3249,2026-05-19,23:30:00,14.0,14.0,14.0,23.0,89.0,48.0
3250,2026-05-19,23:45:00,14.0,14.0,14.0,23.0,90.0,48.0
3251,2026-05-20,00:15:00,15.0,15.0,15.0,23.0,88.0,48.0
3252,2026-05-20,00:30:00,15.0,15.0,15.0,23.0,87.0,48.0
3253,2026-05-20,00:45:00,15.0,15.0,15.0,23.0,87.0,48.0
3254,2026-05-20,01:00:00,15.0,15.0,15.0,23.0,88.0,48.0
3255,2026-05-20,01:15:00,15.0,15.0,15.0,23.0,88.0,49.0
3256,2026-05-20,01:30:00,14.0,15.0,14.0,23.0,89.0,49.0
3257,2026-05-20,01:45:00,14.0,14.0,14.0,23.0,89.0,49.0
3258,2026-05-20,02:00:00,14.0,14.0,14.0,23.0,90.0,49.0
3259,2026-05-20,02:15:00,14.0,14.0,14.0,23.0,90.0,49.0
3260,2026-05-20,02:30:00,14.0,14.0,14.0,23.0,90.0,49.0
3261,2026-05-20,02:45:00,13.0,14.0,13.0,23.0,92.0,49.0
3262,2026-05-20,03:00:00,13.0,14.0,13.0,23.0,92.0,49.0
3263,2026-05-20,03:15:00,14.0,14.0,13.0,23.0,91.0,49.0
3264,2026-05-20,03:30:00,14.0,14.0,14.0,23.0,90.0,49.0
3265,2026-05-20,03:45:00,13.0,14.0,13.0,23.0,90.0,49.0
3266,2026-05-20,04:00:00,14.0,14.0,13.0,23.0,87.0,49.0
3267,2026-05-20,04:15:00,14.0,14.0,13.0,23.0,86.0,49.0
3268,2026-05-20,04:30:00,14.0,14.0,14.0,22.0,86.0,49.0
3269,2026-05-20,04:45:00,14.0,14.0,14.0,22.0,86.0,49.0
3270,2026-05-20,05:00:00,13.0,14.0,13.0,22.0,86.0,49.0
3271,2026-05-20,05:15:00,13.0,13.0,13.0,22.0,86.0,48.0
3272,2026-05-20,05:30:00,13.0,13.0,13.0,22.0,86.0,48.0
3273,2026-05-20,05:45:00,14.0,14.0,13.0,22.0,86.0,48.0
3274,2026-05-20,06:00:00,14.0,14.0,14.0,22.0,84.0,48.0
3275,2026-05-20,06:15:00,14.0,14.0,14.0,22.0,83.0,48.0
3276,2026-05-20,06:30:00,15.0,15.0,14.0,22.0,80.0,48.0
3277,2026-05-20,06:45:00,16.0,16.0,15.0,22.0,76.0,48.0
3278,2026-05-20,07:00:00,17.0,17.0,16.0,22.0,72.0,48.0
3279,2026-05-20,07:15:00,18.0,18.0,17.0,22.0,68.0,48.0
3280,2026-05-20,07:30:00,18.0,18.0,18.0,22.0,67.0,47.0
3281,2026-05-20,07:45:00,19.0,19.0,18.0,23.0,64.0,47.0
3282,2026-05-20,08:00:00,19.0,19.0,19.0,23.0,64.0,47.0
3283,2026-05-20,08:15:00,21.0,21.0,19.0,23.0,62.0,47.0
3284,2026-05-20,08:30:00,21.0,21.0,21.0,23.0,58.0,47.0
3285,2026-05-20,08:45:00,22.0,22.0,21.0,23.0,55.0,47.0
3286,2026-05-20,09:00:00,22.0,22.0,22.0,23.0,54.0,47.0
3287,2026-05-20,09:15:00,23.0,23.0,22.0,23.0,49.0,46.0
3288,2026-05-20,09:30:00,23.0,23.0,23.0,23.0,52.0,46.0
3289,2026-05-20,09:45:00,24.0,24.0,23.0,23.0,49.0,46.0
3290,2026-05-20,10:00:00,24.0,25.0,24.0,23.0,46.0,46.0
3291,2026-05-20,10:15:00,24.0,25.0,24.0,23.0,49.0,45.0
3292,2026-05-20,10:30:00,25.0,25.0,24.0,23.0,44.0,45.0
3293,2026-05-20,10:45:00,25.0,25.0,25.0,24.0,43.0,45.0
3294,2026-05-20,11:00:00,26.0,26.0,25.0,24.0,44.0,45.0
3295,2026-05-20,11:15:00,26.0,26.0,26.0,24.0,45.0,45.0
3296,2026-05-20,11:30:00,26.0,26.0,25.0,24.0,45.0,45.0
3297,2026-05-20,11:45:00,26.0,26.0,26.0,24.0,43.0,45.0
3298,2026-05-20,12:00:00,27.0,27.0,26.0,24.0,43.0,45.0
3299,2026-05-20,12:15:00,27.0,27.0,27.0,24.0,41.0,45.0
3300,2026-05-20,12:30:00,28.0,28.0,27.0,24.0,32.0,45.0
3301,2026-05-20,12:45:00,28.0,28.0,27.0,24.0,35.0,45.0
3302,2026-05-20,13:00:00,28.0,28.0,28.0,24.0,33.0,44.0
3303,2026-05-20,13:15:00,28.0,28.0,28.0,24.0,34.0,44.0
3304,2026-05-20,13:30:00,28.0,28.0,28.0,24.0,32.0,43.0
3305,2026-05-20,13:45:00,28.0,28.0,28.0,25.0,34.0,43.0
3306,2026-05-20,14:00:00,28.0,29.0,28.0,24.0,34.0,43.0
3307,2026-05-20,14:15:00,27.0,28.0,27.0,24.0,37.0,43.0
3308,2026-05-20,14:30:00,27.0,27.0,27.0,24.0,36.0,43.0
3309,2026-05-20,14:45:00,27.0,27.0,27.0,24.0,37.0,43.0
3310,2026-05-20,15:00:00,27.0,27.0,27.0,24.0,36.0,43.0
3311,2026-05-20,15:15:00,26.0,27.0,26.0,24.0,38.0,43.0
3312,2026-05-20,15:30:00,26.0,26.0,26.0,24.0,39.0,43.0
3313,2026-05-20,15:45:00,26.0,26.0,26.0,24.0,41.0,42.0
3314,2026-05-20,16:00:00,26.0,26.0,26.0,24.0,45.0,42.0
3315,2026-05-20,16:15:00,25.0,26.0,25.0,24.0,52.0,42.0
3316,2026-05-20,16:30:00,23.0,25.0,23.0,24.0,55.0,43.0
3317,2026-05-20,16:45:00,23.0,23.0,23.0,24.0,56.0,43.0
3318,2026-05-20,17:00:00,22.0,23.0,22.0,24.0,56.0,44.0
3319,2026-05-20,17:15:00,22.0,22.0,22.0,24.0,58.0,44.0
3320,2026-05-20,17:30:00,22.0,22.0,22.0,24.0,58.0,44.0
3321,2026-05-20,17:45:00,22.0,22.0,22.0,24.0,57.0,44.0
3322,2026-05-20,18:00:00,21.0,22.0,21.0,24.0,59.0,44.0
3323,2026-05-20,18:15:00,21.0,21.0,21.0,24.0,57.0,44.0
3324,2026-05-20,18:30:00,21.0,21.0,21.0,24.0,59.0,44.0
3325,2026-05-20,18:45:00,21.0,21.0,21.0,24.0,63.0,44.0
3326,2026-05-20,19:00:00,20.0,21.0,20.0,24.0,70.0,44.0
3327,2026-05-20,19:15:00,18.0,20.0,18.0,24.0,80.0,46.0
3328,2026-05-20,19:30:00,18.0,18.0,18.0,24.0,69.0,46.0
3329,2026-05-20,19:45:00,18.0,18.0,18.0,24.0,70.0,46.0
3330,2026-05-20,20:00:00,18.0,18.0,18.0,24.0,79.0,46.0
3331,2026-05-20,20:15:00,17.0,18.0,17.0,24.0,77.0,46.0
3332,2026-05-20,20:30:00,17.0,17.0,17.0,24.0,80.0,46.0
3333,2026-05-20,20:45:00,17.0,17.0,17.0,24.0,76.0,47.0
3334,2026-05-20,21:00:00,17.0,17.0,17.0,24.0,76.0,47.0
3335,2026-05-20,21:15:00,17.0,17.0,17.0,24.0,76.0,47.0
3336,2026-05-20,21:30:00,17.0,17.0,17.0,24.0,78.0,47.0
3337,2026-05-20,21:45:00,17.0,17.0,17.0,24.0,77.0,47.0
3338,2026-05-20,22:00:00,17.0,17.0,17.0,24.0,77.0,47.0
3339,2026-05-20,22:15:00,17.0,17.0,17.0,24.0,75.0,47.0
3340,2026-05-20,22:30:00,16.0,17.0,16.0,24.0,74.0,47.0
3341,2026-05-20,22:45:00,16.0,16.0,16.0,24.0,75.0,46.0
3342,2026-05-20,23:00:00,16.0,16.0,16.0,23.0,76.0,46.0
3343,2026-05-20,23:15:00,15.0,16.0,15.0,23.0,77.0,46.0
3344,2026-05-20,23:30:00,15.0,15.0,15.0,23.0,80.0,46.0
3345,2026-05-20,23:45:00,15.0,15.0,15.0,23.0,82.0,47.0
3346,2026-05-21,00:15:00,14.0,14.0,14.0,23.0,83.0,47.0
3347,2026-05-21,00:30:00,15.0,15.0,14.0,23.0,84.0,47.0
3348,2026-05-21,00:45:00,15.0,15.0,15.0,23.0,83.0,47.0
3349,2026-05-21,01:00:00,15.0,15.0,15.0,23.0,84.0,47.0
3350,2026-05-21,01:15:00,14.0,15.0,14.0,23.0,84.0,47.0
3351,2026-05-21,01:30:00,14.0,14.0,14.0,23.0,86.0,47.0
3352,2026-05-21,01:45:00,14.0,14.0,14.0,23.0,87.0,47.0
3353,2026-05-21,02:00:00,14.0,14.0,14.0,23.0,87.0,47.0
3354,2026-05-21,02:15:00,15.0,15.0,14.0,23.0,82.0,47.0
3355,2026-05-21,02:30:00,15.0,15.0,15.0,23.0,81.0,47.0
3356,2026-05-21,02:45:00,15.0,15.0,15.0,23.0,79.0,47.0
3357,2026-05-21,03:00:00,15.0,15.0,15.0,23.0,78.0,47.0
3358,2026-05-21,03:15:00,15.0,15.0,15.0,23.0,77.0,47.0
3359,2026-05-21,03:30:00,15.0,15.0,15.0,23.0,79.0,47.0
3360,2026-05-21,03:45:00,15.0,15.0,15.0,23.0,79.0,47.0
3361,2026-05-21,04:00:00,15.0,15.0,15.0,23.0,78.0,46.0
3362,2026-05-21,04:15:00,14.0,15.0,14.0,23.0,79.0,46.0
3363,2026-05-21,04:30:00,14.0,14.0,14.0,23.0,80.0,46.0
3364,2026-05-21,04:45:00,13.0,14.0,13.0,23.0,83.0,46.0
3365,2026-05-21,05:00:00,13.0,13.0,13.0,23.0,83.0,46.0
3366,2026-05-21,05:15:00,14.0,14.0,13.0,23.0,84.0,47.0
3367,2026-05-21,05:30:00,14.0,14.0,14.0,23.0,83.0,47.0
3368,2026-05-21,05:45:00,15.0,15.0,14.0,23.0,82.0,47.0
3369,2026-05-21,06:00:00,16.0,16.0,15.0,23.0,78.0,47.0
3370,2026-05-21,06:15:00,16.0,16.0,16.0,23.0,77.0,47.0
3371,2026-05-21,06:30:00,17.0,17.0,16.0,23.0,74.0,47.0
3372,2026-05-21,06:45:00,17.0,17.0,17.0,23.0,73.0,47.0
3373,2026-05-21,07:00:00,19.0,19.0,17.0,23.0,68.0,47.0
3374,2026-05-21,07:15:00,19.0,19.0,19.0,23.0,67.0,47.0
3375,2026-05-21,07:30:00,20.0,20.0,19.0,23.0,66.0,47.0
3376,2026-05-21,07:45:00,21.0,21.0,20.0,23.0,61.0,46.0
3377,2026-05-21,08:00:00,21.0,21.0,21.0,23.0,59.0,46.0
3378,2026-05-21,08:15:00,22.0,22.0,21.0,23.0,58.0,46.0
3379,2026-05-21,08:30:00,22.0,22.0,22.0,23.0,56.0,46.0
3380,2026-05-21,08:45:00,22.0,22.0,22.0,23.0,54.0,46.0
3381,2026-05-21,09:00:00,23.0,23.0,22.0,23.0,54.0,46.0
3382,2026-05-21,09:15:00,23.0,23.0,23.0,23.0,52.0,44.0
3383,2026-05-21,09:30:00,25.0,25.0,23.0,23.0,47.0,41.0
3384,2026-05-21,09:45:00,25.0,25.0,25.0,23.0,47.0,39.0
3385,2026-05-21,10:00:00,25.0,25.0,25.0,22.0,44.0,40.0
3386,2026-05-21,10:15:00,26.0,26.0,25.0,22.0,43.0,40.0
3387,2026-05-21,10:30:00,27.0,27.0,26.0,22.0,43.0,41.0
3388,2026-05-21,10:45:00,25.0,27.0,25.0,23.0,46.0,43.0
3389,2026-05-21,11:00:00,26.0,26.0,25.0,23.0,46.0,44.0
3390,2026-05-21,11:15:00,27.0,27.0,26.0,23.0,43.0,44.0
3391,2026-05-21,11:30:00,27.0,27.0,26.0,23.0,42.0,45.0
3392,2026-05-21,11:45:00,27.0,27.0,27.0,24.0,41.0,45.0
3393,2026-05-21,12:00:00,28.0,28.0,27.0,24.0,40.0,45.0
3394,2026-05-21,12:15:00,26.0,28.0,26.0,24.0,40.0,45.0
3395,2026-05-21,12:30:00,25.0,26.0,25.0,24.0,43.0,45.0
3396,2026-05-21,12:45:00,24.0,25.0,24.0,24.0,48.0,45.0
3397,2026-05-21,13:00:00,22.0,24.0,22.0,24.0,62.0,45.0
3398,2026-05-21,13:15:00,19.0,22.0,19.0,24.0,79.0,45.0
3399,2026-05-21,13:30:00,19.0,19.0,18.0,24.0,83.0,46.0
3400,2026-05-21,13:45:00,19.0,19.0,19.0,24.0,81.0,47.0
3401,2026-05-21,14:00:00,19.0,19.0,19.0,24.0,80.0,47.0
3402,2026-05-21,14:15:00,19.0,19.0,19.0,24.0,75.0,48.0
3403,2026-05-21,14:30:00,20.0,20.0,19.0,24.0,64.0,48.0
3404,2026-05-21,14:45:00,20.0,20.0,20.0,24.0,70.0,47.0
3405,2026-05-21,15:00:00,20.0,20.0,20.0,24.0,70.0,48.0
3406,2026-05-21,15:15:00,20.0,20.0,20.0,24.0,66.0,48.0
3407,2026-05-21,15:30:00,20.0,21.0,20.0,24.0,65.0,47.0
3408,2026-05-21,15:45:00,20.0,21.0,20.0,24.0,65.0,47.0
3409,2026-05-21,16:00:00,20.0,20.0,20.0,24.0,66.0,47.0
3410,2026-05-21,16:15:00,19.0,20.0,19.0,24.0,67.0,47.0
3411,2026-05-21,16:30:00,20.0,20.0,19.0,24.0,66.0,47.0
3412,2026-05-21,16:45:00,20.0,20.0,20.0,24.0,68.0,47.0
3413,2026-05-21,17:00:00,20.0,20.0,20.0,24.0,66.0,47.0
3414,2026-05-21,17:15:00,20.0,20.0,20.0,24.0,64.0,47.0
3415,2026-05-21,17:30:00,20.0,20.0,20.0,24.0,65.0,47.0
3416,2026-05-21,17:45:00,19.0,20.0,19.0,24.0,66.0,47.0
3417,2026-05-21,18:00:00,19.0,19.0,19.0,24.0,65.0,47.0
3418,2026-05-21,18:15:00,19.0,19.0,19.0,24.0,66.0,47.0
3419,2026-05-21,18:30:00,18.0,19.0,18.0,24.0,67.0,47.0
3420,2026-05-21,18:45:00,18.0,18.0,18.0,24.0,68.0,47.0
3421,2026-05-21,19:00:00,18.0,18.0,18.0,24.0,68.0,47.0
3422,2026-05-21,19:15:00,18.0,18.0,18.0,24.0,69.0,47.0
3423,2026-05-21,19:30:00,17.0,18.0,17.0,24.0,71.0,49.0
3424,2026-05-21,19:45:00,17.0,17.0,17.0,24.0,72.0,49.0
3425,2026-05-21,20:00:00,17.0,17.0,17.0,24.0,74.0,48.0
3426,2026-05-21,20:15:00,17.0,17.0,17.0,24.0,74.0,48.0
3427,2026-05-21,20:30:00,17.0,17.0,17.0,23.0,76.0,48.0
3428,2026-05-21,20:45:00,17.0,17.0,17.0,23.0,76.0,48.0
3429,2026-05-21,21:00:00,16.0,17.0,16.0,23.0,77.0,48.0
3430,2026-05-21,21:15:00,16.0,16.0,16.0,23.0,79.0,48.0
3431,2026-05-21,21:30:00,16.0,16.0,16.0,23.0,80.0,48.0
3432,2026-05-21,21:45:00,16.0,16.0,16.0,23.0,82.0,48.0
3433,2026-05-21,22:00:00,15.0,16.0,15.0,23.0,83.0,48.0
3434,2026-05-21,22:15:00,15.0,15.0,15.0,23.0,83.0,48.0
3435,2026-05-21,22:30:00,15.0,15.0,15.0,23.0,85.0,48.0
3436,2026-05-21,22:45:00,15.0,15.0,14.0,23.0,88.0,48.0
3437,2026-05-21,23:00:00,14.0,14.0,14.0,23.0,89.0,48.0
3438,2026-05-21,23:15:00,14.0,14.0,14.0,23.0,88.0,49.0
3439,2026-05-21,23:30:00,14.0,14.0,14.0,23.0,88.0,49.0
3440,2026-05-21,23:45:00,15.0,15.0,14.0,23.0,85.0,49.0
3441,2026-05-22,00:15:00,15.0,15.0,15.0,23.0,84.0,49.0
3442,2026-05-22,00:30:00,15.0,15.0,15.0,23.0,85.0,49.0
3443,2026-05-22,00:45:00,15.0,15.0,15.0,23.0,84.0,49.0
3444,2026-05-22,01:00:00,15.0,15.0,15.0,23.0,84.0,49.0
3445,2026-05-22,01:15:00,15.0,15.0,15.0,23.0,84.0,49.0
3446,2026-05-22,01:30:00,15.0,15.0,15.0,23.0,84.0,49.0
3447,2026-05-22,01:45:00,14.0,15.0,14.0,23.0,87.0,49.0
3448,2026-05-22,02:00:00,14.0,14.0,14.0,23.0,86.0,49.0
3449,2026-05-22,02:15:00,14.0,14.0,14.0,23.0,86.0,49.0
3450,2026-05-22,02:30:00,14.0,15.0,14.0,23.0,86.0,49.0
3451,2026-05-22,02:45:00,14.0,14.0,14.0,23.0,87.0,49.0
3452,2026-05-22,03:00:00,15.0,15.0,14.0,23.0,86.0,49.0
3453,2026-05-22,03:15:00,15.0,15.0,15.0,23.0,84.0,49.0
3454,2026-05-22,03:30:00,15.0,15.0,15.0,23.0,84.0,49.0
3455,2026-05-22,03:45:00,14.0,15.0,14.0,22.0,85.0,49.0
3456,2026-05-22,04:00:00,14.0,14.0,14.0,22.0,85.0,49.0
3457,2026-05-22,04:15:00,14.0,14.0,13.0,22.0,87.0,49.0
3458,2026-05-22,04:30:00,13.0,14.0,13.0,22.0,88.0,49.0
3459,2026-05-22,04:45:00,13.0,13.0,13.0,22.0,88.0,49.0
3460,2026-05-22,05:00:00,13.0,13.0,13.0,22.0,89.0,49.0
3461,2026-05-22,05:15:00,13.0,13.0,13.0,22.0,91.0,49.0
3462,2026-05-22,05:30:00,13.0,13.0,13.0,22.0,91.0,49.0
3463,2026-05-22,05:45:00,14.0,14.0,13.0,22.0,90.0,50.0
3464,2026-05-22,06:00:00,15.0,15.0,14.0,22.0,84.0,50.0
3465,2026-05-22,06:15:00,16.0,16.0,15.0,22.0,81.0,49.0
3466,2026-05-22,06:30:00,16.0,16.0,16.0,23.0,79.0,49.0
3467,2026-05-22,06:45:00,17.0,17.0,16.0,23.0,77.0,49.0
3468,2026-05-22,07:00:00,17.0,17.0,16.0,23.0,76.0,49.0
3469,2026-05-22,07:15:00,17.0,17.0,17.0,23.0,76.0,49.0
3470,2026-05-22,07:30:00,18.0,18.0,17.0,23.0,74.0,49.0
3471,2026-05-22,07:45:00,18.0,18.0,18.0,23.0,71.0,49.0
3472,2026-05-22,08:00:00,19.0,19.0,18.0,23.0,69.0,49.0
3473,2026-05-22,08:15:00,20.0,20.0,19.0,23.0,68.0,49.0
3474,2026-05-22,08:30:00,21.0,21.0,20.0,23.0,62.0,49.0
3475,2026-05-22,08:45:00,21.0,21.0,21.0,23.0,62.0,48.0
3476,2026-05-22,09:00:00,21.0,21.0,20.0,22.0,57.0,45.0
3477,2026-05-22,09:15:00,21.0,22.0,21.0,22.0,57.0,44.0
3478,2026-05-22,09:30:00,22.0,22.0,21.0,23.0,57.0,45.0
3479,2026-05-22,09:45:00,22.0,22.0,22.0,23.0,52.0,46.0
3480,2026-05-22,10:00:00,23.0,23.0,22.0,23.0,52.0,46.0
3481,2026-05-22,10:15:00,24.0,24.0,23.0,23.0,51.0,46.0
3482,2026-05-22,10:30:00,25.0,25.0,24.0,23.0,47.0,46.0
3483,2026-05-22,10:45:00,25.0,25.0,25.0,23.0,46.0,46.0
3484,2026-05-22,11:00:00,26.0,26.0,25.0,23.0,39.0,46.0
3485,2026-05-22,11:15:00,26.0,26.0,26.0,23.0,38.0,46.0
3486,2026-05-22,11:30:00,26.0,26.0,25.0,24.0,39.0,47.0
3487,2026-05-22,11:45:00,25.0,26.0,25.0,24.0,40.0,46.0
3488,2026-05-22,12:00:00,26.0,26.0,25.0,23.0,39.0,46.0
3489,2026-05-22,12:15:00,26.0,27.0,26.0,24.0,35.0,46.0
3490,2026-05-22,12:30:00,27.0,27.0,26.0,24.0,37.0,46.0
3491,2026-05-22,12:45:00,27.0,28.0,27.0,24.0,33.0,46.0
3492,2026-05-22,13:00:00,28.0,28.0,27.0,24.0,30.0,45.0
3493,2026-05-22,13:15:00,28.0,28.0,28.0,24.0,32.0,45.0
3494,2026-05-22,13:30:00,28.0,28.0,28.0,24.0,31.0,45.0
3495,2026-05-22,13:45:00,27.0,28.0,27.0,24.0,35.0,45.0
3496,2026-05-22,14:00:00,26.0,27.0,26.0,24.0,38.0,44.0
3497,2026-05-22,14:15:00,25.0,26.0,25.0,24.0,38.0,44.0
3498,2026-05-22,14:30:00,24.0,25.0,24.0,24.0,43.0,43.0
3499,2026-05-22,14:45:00,22.0,24.0,22.0,24.0,51.0,43.0
3500,2026-05-22,15:00:00,21.0,22.0,21.0,24.0,58.0,43.0
3501,2026-05-22,15:15:00,20.0,21.0,20.0,24.0,53.0,43.0
3502,2026-05-22,15:30:00,19.0,20.0,19.0,23.0,66.0,43.0
3503,2026-05-22,15:45:00,18.0,19.0,18.0,23.0,68.0,44.0
3504,2026-05-22,16:00:00,18.0,18.0,18.0,23.0,69.0,44.0
3505,2026-05-22,16:15:00,18.0,18.0,18.0,23.0,63.0,44.0
3506,2026-05-22,16:30:00,19.0,19.0,18.0,23.0,62.0,44.0
3507,2026-05-22,16:45:00,19.0,19.0,19.0,23.0,60.0,44.0
3508,2026-05-22,17:00:00,19.0,19.0,19.0,23.0,62.0,44.0
3509,2026-05-22,17:15:00,19.0,19.0,19.0,23.0,63.0,44.0
3510,2026-05-22,17:30:00,18.0,19.0,18.0,23.0,70.0,45.0
3511,2026-05-22,17:45:00,17.0,18.0,17.0,23.0,70.0,45.0
3512,2026-05-22,18:00:00,17.0,17.0,17.0,23.0,73.0,45.0
3513,2026-05-22,18:15:00,17.0,17.0,17.0,23.0,74.0,45.0
3514,2026-05-22,18:30:00,17.0,17.0,17.0,23.0,75.0,45.0
3515,2026-05-22,18:45:00,16.0,17.0,16.0,23.0,76.0,46.0
3516,2026-05-22,19:00:00,16.0,16.0,16.0,23.0,77.0,46.0
3517,2026-05-22,19:15:00,16.0,16.0,16.0,23.0,77.0,46.0
3518,2026-05-22,19:30:00,16.0,16.0,16.0,23.0,76.0,46.0
3519,2026-05-22,19:45:00,16.0,16.0,16.0,23.0,77.0,46.0
3520,2026-05-22,20:00:00,16.0,16.0,16.0,23.0,77.0,46.0
3521,2026-05-22,20:15:00,16.0,16.0,16.0,23.0,78.0,46.0
3522,2026-05-22,20:30:00,16.0,16.0,16.0,23.0,79.0,47.0
3523,2026-05-22,20:45:00,15.0,16.0,15.0,23.0,80.0,47.0
3524,2026-05-22,21:00:00,15.0,15.0,15.0,23.0,80.0,47.0
3525,2026-05-22,21:15:00,15.0,15.0,15.0,23.0,77.0,47.0
3526,2026-05-22,21:30:00,15.0,15.0,15.0,23.0,78.0,47.0
3527,2026-05-22,21:45:00,14.0,15.0,14.0,23.0,79.0,47.0
3528,2026-05-22,22:00:00,14.0,14.0,14.0,23.0,82.0,47.0
3529,2026-05-22,22:15:00,14.0,14.0,14.0,23.0,81.0,47.0
3530,2026-05-22,22:30:00,14.0,14.0,14.0,23.0,83.0,47.0
3531,2026-05-22,22:45:00,14.0,14.0,14.0,23.0,83.0,47.0
3532,2026-05-22,23:00:00,15.0,15.0,14.0,23.0,82.0,47.0
3533,2026-05-22,23:15:00,15.0,15.0,15.0,23.0,83.0,47.0
3534,2026-05-22,23:30:00,15.0,15.0,15.0,23.0,82.0,47.0
3535,2026-05-22,23:45:00,14.0,15.0,14.0,23.0,84.0,47.0
